notes_id,char_range,frame_range,text_id,speaker_id
1,"[26998,26999)","[6,52)",1,T1_GP1
2,"[26999,27000)","[414,433)",2,T1_GP1
3,"[27000,27001)","[449,465)",2,T1_GP1
4,"[27001,27002)","[527,535)",1,T1_GP1
5,"[27002,27003)","[534,556)",3,T1_GP1
6,"[27003,27004)","[1175,1220)",4,T1_GP1
7,"[27004,27005)","[2831,2843)",5,T1_GP1
8,"[27005,27006)","[2976,2993)",2,T1_GP1
9,"[27006,27007)","[3013,3070)",2,T1_GP1
10,"[27007,27008)","[3742,3769)",2,T1_GP1
11,"[27008,27009)","[3879,3901)",2,T1_GP1
12,"[27009,27010)","[4157,4185)",6,T1_GP1
13,"[27010,27011)","[4331,4365)",2,T1_GP1
14,"[27011,27012)","[4365,4441)",7,T1_GP1
15,"[27012,27013)","[5525,5548)",2,T1_GP1
16,"[27013,27014)","[5658,5672)",2,T1_GP1
17,"[27014,27015)","[6242,6301)",2,T1_GP1
18,"[27015,27016)","[6712,6774)",2,T1_GP1
19,"[27016,27017)","[7106,7129)",2,T1_GP1
20,"[27017,27018)","[7128,7140)",8,T1_GP1
21,"[27018,27019)","[8049,8066)",9,T1_GP1
22,"[27019,27020)","[8076,8115)",2,T1_GP1
23,"[27020,27021)","[8724,8736)",2,T1_GP1
24,"[27021,27022)","[8859,8897)",2,T1_GP1
25,"[27022,27023)","[9794,9858)",2,T1_GP1
26,"[27023,27024)","[10370,10404)",10,T1_GP1
27,"[27024,27025)","[11530,11602)",11,T1_GP1
28,"[27025,27026)","[12051,12091)",2,T1_GP1
29,"[27026,27027)","[12153,12181)",2,T1_GP1
30,"[27027,27028)","[12269,12285)",2,T1_GP1
31,"[27028,27029)","[14853,14868)",2,T1_GP1
32,"[27029,27030)","[15305,15332)",2,T1_GP1
33,"[27030,27031)","[15484,15559)",2,T1_GP1
34,"[27031,27032)","[16304,16322)",8,T1_GP1
35,"[27032,27033)","[16321,16378)",10,T1_GP1
36,"[27033,27034)","[16484,16565)",2,T1_GP1
37,"[27034,27035)","[18768,18783)",12,T1_GP1
38,"[27035,27036)","[18815,18831)",2,T1_GP1
39,"[27036,27037)","[20527,20551)",13,T1_GP1
40,"[27037,27038)","[20760,20794)",2,T1_GP1
41,"[27038,27039)","[21729,21754)",2,T1_GP1
42,"[27039,27040)","[23996,24025)",2,T1_GP1
43,"[27040,27041)","[25982,25993)",8,T1_GP1
44,"[27041,27042)","[26187,26206)",14,T1_GP1
45,"[27042,27043)","[26899,26921)",12,T1_GP1
46,"[27043,27044)","[27110,27126)",15,T1_GP1
47,"[27044,27045)","[27896,27913)",16,T1_GP1
48,"[27045,27046)","[28714,28746)",17,T1_GP1
49,"[27046,27047)","[30966,30980)",2,T1_GP1
50,"[27047,27048)","[31533,31552)",2,T1_GP1
51,"[27048,27049)","[36915,36936)",2,T1_GP1
52,"[27049,27050)","[36999,37035)",2,T1_GP1
53,"[27050,27051)","[39402,39449)",2,T1_GP1
54,"[27051,27052)","[42420,42449)",18,T1_GP1
55,"[27052,27053)","[42448,42479)",2,T1_GP1
56,"[27053,27054)","[43159,43186)",2,T1_GP1
57,"[27054,27055)","[43582,43611)",2,T1_GP1
58,"[27055,27056)","[46329,46347)",2,T1_GP1
59,"[27056,27057)","[47241,47265)",2,T1_GP1
60,"[27057,27058)","[47264,47340)",19,T1_GP1
61,"[27058,27059)","[47352,47377)",2,T1_GP1
62,"[27059,27060)","[48619,48657)",18,T1_GP1
63,"[27060,27061)","[49652,49683)",2,T1_GP1
64,"[27061,27062)","[52102,52188)",2,T1_GP1
65,"[27062,27063)","[57284,57312)",2,T1_GP1
66,"[27063,27064)","[58748,58777)",2,T1_GP1
67,"[27064,27065)","[59155,59182)",10,T1_GP1
68,"[27065,27066)","[59312,59345)",2,T1_GP1
69,"[27066,27067)","[59843,59886)",2,T1_GP1
70,"[27067,27068)","[60383,60439)",2,T1_GP1
71,"[27068,27069)","[61387,61404)",2,T1_GP1
72,"[27069,27070)","[61608,61642)",2,T1_GP1
73,"[27070,27071)","[62159,62178)",2,T1_GP1
74,"[27071,27072)","[62854,62935)",2,T1_GP1
75,"[27072,27073)","[63210,63238)",2,T1_GP1
76,"[27073,27074)","[63513,63568)",2,T1_GP1
77,"[27074,27075)","[64443,64470)",2,T1_GP1
78,"[27075,27076)","[65462,65484)",2,T1_GP1
79,"[27076,27077)","[66348,66397)",2,T1_GP1
80,"[27077,27078)","[67680,67700)",2,T1_GP1
81,"[27078,27079)","[69074,69102)",2,T1_GP1
82,"[27079,27080)","[69654,69673)",2,T1_GP1
83,"[27080,27081)","[70627,70647)",10,T1_GP1
84,"[27081,27082)","[73875,73895)",2,T1_GP1
85,"[27082,27083)","[73977,74005)",2,T1_GP1
86,"[27083,27084)","[74059,74099)",2,T1_GP1
87,"[27084,27085)","[74669,74689)",2,T1_GP1
88,"[27085,27086)","[75638,75658)",2,T1_GP1
89,"[27086,27087)","[77015,77037)",2,T1_GP1
90,"[27087,27088)","[77045,77065)",2,T1_GP1
91,"[27088,27089)","[77202,77222)",2,T1_GP1
92,"[27089,27090)","[78782,78826)",20,T1_GP1
93,"[27090,27091)","[79048,79079)",2,T1_GP1
94,"[27091,27092)","[79091,79246)",10,T1_GP1
95,"[27092,27093)","[79403,79469)",10,T1_GP1
96,"[27093,27094)","[79683,79732)",2,T1_GP1
97,"[50050,50051)","[6,52)",1,T1_GP2
98,"[50051,50052)","[309,314)",1,T1_GP2
99,"[50052,50053)","[414,433)",2,T1_GP2
100,"[50053,50054)","[478,485)",2,T1_GP2
101,"[50054,50055)","[586,601)",1,T1_GP2
102,"[50055,50056)","[607,614)",1,T1_GP2
103,"[50056,50057)","[619,625)",2,T1_GP2
104,"[50057,50058)","[1073,1085)",17,T1_GP2
105,"[50058,50059)","[1175,1220)",2,T1_GP2
106,"[50059,50060)","[1403,1444)",9,T1_GP2
107,"[50060,50061)","[2897,2923)",21,T1_GP2
108,"[50061,50062)","[3013,3070)",2,T1_GP2
109,"[50062,50063)","[3444,3467)",22,T1_GP2
110,"[50063,50064)","[3650,3682)",2,T1_GP2
111,"[50064,50065)","[3742,3769)",2,T1_GP2
112,"[50065,50066)","[3879,3901)",2,T1_GP2
113,"[50066,50067)","[4331,4365)",2,T1_GP2
114,"[50067,50068)","[5000,5009)",17,T1_GP2
115,"[50068,50069)","[5525,5548)",2,T1_GP2
116,"[50069,50070)","[5610,5659)",2,T1_GP2
117,"[50070,50071)","[5671,5693)",23,T1_GP2
118,"[50071,50072)","[5890,5916)",2,T1_GP2
119,"[50072,50073)","[6242,6301)",2,T1_GP2
120,"[50073,50074)","[6586,6603)",2,T1_GP2
121,"[50074,50075)","[6712,6774)",2,T1_GP2
122,"[50075,50076)","[7106,7129)",2,T1_GP2
123,"[50076,50077)","[7140,7158)",24,T1_GP2
124,"[50077,50078)","[7885,7923)",2,T1_GP2
125,"[50078,50079)","[8076,8115)",10,T1_GP2
126,"[50079,50080)","[8244,8271)",10,T1_GP2
127,"[50080,50081)","[8859,8897)",2,T1_GP2
128,"[50081,50082)","[9794,9858)",2,T1_GP2
129,"[50082,50083)","[10073,10095)",2,T1_GP2
130,"[50083,50084)","[10105,10118)",24,T1_GP2
131,"[50084,50085)","[10370,10404)",2,T1_GP2
132,"[50085,50086)","[11937,11964)",2,T1_GP2
133,"[50086,50087)","[12051,12091)",10,T1_GP2
134,"[50087,50088)","[12153,12181)",2,T1_GP2
135,"[50088,50089)","[12269,12285)",2,T1_GP2
136,"[50089,50090)","[12946,12966)",2,T1_GP2
137,"[50090,50091)","[15305,15332)",2,T1_GP2
138,"[50091,50092)","[16175,16196)",9,T1_GP2
139,"[50092,50093)","[16321,16378)",2,T1_GP2
140,"[50093,50094)","[16464,16485)",8,T1_GP2
141,"[50094,50095)","[16532,16565)",2,T1_GP2
142,"[50095,50096)","[18389,18416)",2,T1_GP2
143,"[50096,50097)","[19540,19551)",6,T1_GP2
144,"[50097,50098)","[20427,20448)",2,T1_GP2
145,"[50098,50099)","[20760,20794)",2,T1_GP2
146,"[50099,50100)","[21179,21200)",12,T1_GP2
147,"[50100,50101)","[21489,21517)",2,T1_GP2
148,"[50101,50102)","[21729,21754)",2,T1_GP2
149,"[50102,50103)","[22087,22097)",25,T1_GP2
150,"[50103,50104)","[22097,22109)",26,T1_GP2
151,"[50104,50105)","[24354,24373)",2,T1_GP2
152,"[50105,50106)","[25941,25984)",2,T1_GP2
153,"[50106,50107)","[28714,28746)",2,T1_GP2
154,"[50107,50108)","[28746,28995)",27,T1_GP2
155,"[50108,50109)","[29719,29743)",10,T1_GP2
156,"[50109,50110)","[31170,31188)",2,T1_GP2
157,"[50110,50111)","[32157,32186)",6,T1_GP2
158,"[50111,50112)","[34870,34885)",2,T1_GP2
159,"[50112,50113)","[35062,35085)",28,T1_GP2
160,"[50113,50114)","[36999,37035)",2,T1_GP2
161,"[50114,50115)","[37034,37107)",29,T1_GP2
162,"[50115,50116)","[39402,39449)",2,T1_GP2
163,"[50116,50117)","[40711,40758)",2,T1_GP2
164,"[50117,50118)","[42448,42479)",2,T1_GP2
165,"[50118,50119)","[43159,43186)",2,T1_GP2
166,"[50119,50120)","[43692,43716)",30,T1_GP2
167,"[50120,50121)","[44899,44930)",17,T1_GP2
168,"[50121,50122)","[46329,46347)",10,T1_GP2
169,"[50122,50123)","[47241,47266)",2,T1_GP2
170,"[50123,50124)","[47265,47280)",9,T1_GP2
171,"[50124,50125)","[47559,47590)",2,T1_GP2
172,"[50125,50126)","[47629,47658)",2,T1_GP2
173,"[50126,50127)","[49652,49683)",12,T1_GP2
174,"[50127,50128)","[52102,52188)",2,T1_GP2
175,"[50128,50129)","[54718,54731)",31,T1_GP2
176,"[50129,50130)","[57017,57036)",2,T1_GP2
177,"[50130,50131)","[57284,57312)",2,T1_GP2
178,"[50131,50132)","[58573,58603)",32,T1_GP2
179,"[50132,50133)","[58748,58777)",2,T1_GP2
180,"[50133,50134)","[59031,59050)",2,T1_GP2
181,"[50134,50135)","[59312,59345)",2,T1_GP2
182,"[50135,50136)","[59843,59886)",2,T1_GP2
183,"[50136,50137)","[60015,60064)",32,T1_GP2
184,"[50137,50138)","[60383,60439)",2,T1_GP2
185,"[50138,50139)","[61172,61198)",2,T1_GP2
186,"[50139,50140)","[61608,61643)",33,T1_GP2
187,"[50140,50141)","[62440,62486)",2,T1_GP2
188,"[50141,50142)","[62627,62654)",32,T1_GP2
189,"[50142,50143)","[62732,62815)",34,T1_GP2
190,"[50143,50144)","[62854,62935)",2,T1_GP2
191,"[50144,50145)","[63210,63238)",2,T1_GP2
192,"[50145,50146)","[63513,63568)",2,T1_GP2
193,"[50146,50147)","[65862,65929)",35,T1_GP2
194,"[50147,50148)","[66023,66044)",2,T1_GP2
195,"[50148,50149)","[66348,66397)",2,T1_GP2
196,"[50149,50150)","[68735,68803)",2,T1_GP2
197,"[50150,50151)","[69074,69102)",2,T1_GP2
198,"[50151,50152)","[69672,69694)",36,T1_GP2
199,"[50152,50153)","[70090,70116)",2,T1_GP2
200,"[50153,50154)","[71970,72008)",2,T1_GP2
201,"[50154,50155)","[73977,74005)",2,T1_GP2
202,"[50155,50156)","[74059,74099)",2,T1_GP2
203,"[50156,50157)","[74654,74667)",22,T1_GP2
204,"[50157,50158)","[75065,75078)",2,T1_GP2
205,"[50158,50159)","[75801,75862)",2,T1_GP2
206,"[50159,50160)","[75945,76026)",2,T1_GP2
207,"[50160,50161)","[76600,76640)",2,T1_GP2
208,"[50161,50162)","[77202,77222)",2,T1_GP2
209,"[50162,50163)","[78782,78826)",2,T1_GP2
210,"[50163,50164)","[79048,79079)",2,T1_GP2
211,"[50164,50165)","[79403,79469)",2,T1_GP2
212,"[50165,50166)","[79683,79732)",2,T1_GP2
213,"[50804,50805)","[18284,18420)",37,Interviewer
214,"[50805,50806)","[60167,60188)",38,Interviewer
215,"[50806,50807)","[75801,75862)",2,Interviewer
216,"[50807,50808)","[78362,78405)",8,Interviewer
217,"[287135,287136)","[388493,388524)",39,T5
218,"[287136,287137)","[388565,388593)",40,T5
219,"[287137,287138)","[388592,388624)",40,T5
220,"[287138,287139)","[388635,388657)",41,T5
221,"[287139,287140)","[388665,388674)",41,T5
222,"[287140,287141)","[388721,388766)",41,T5
223,"[287141,287142)","[388779,388845)",42,T5
224,"[287142,287143)","[389772,389876)",43,T5
225,"[287143,287144)","[392653,392682)",44,T5
226,"[287144,287145)","[395895,395954)",40,T5
227,"[287145,287146)","[396594,396633)",45,T5
228,"[287146,287147)","[396722,396745)",46,T5
229,"[287147,287148)","[397103,397158)",46,T5
230,"[287148,287149)","[398475,398563)",46,T5
231,"[287149,287150)","[399667,399732)",47,T5
232,"[287150,287151)","[404106,404132)",44,T5
233,"[287151,287152)","[405796,405867)",48,T5
234,"[287152,287153)","[406336,406349)",49,T5
235,"[287153,287154)","[406414,406485)",50,T5
236,"[287154,287155)","[406484,406536)",51,T5
237,"[287155,287156)","[406722,406823)",52,T5
238,"[287156,287157)","[407412,407430)",53,T5
239,"[287157,287158)","[408601,408620)",54,T5
240,"[287158,287159)","[410298,410358)",55,T5
241,"[287159,287160)","[412176,412227)",56,T5
242,"[287160,287161)","[412231,412259)",57,T5
243,"[287161,287162)","[415266,415315)",58,T5
244,"[287162,287163)","[415772,415786)",59,T5
245,"[287163,287164)","[415995,416007)",60,T5
246,"[287164,287165)","[416016,416028)",60,T5
247,"[287165,287166)","[416078,416108)",61,T5
248,"[287166,287167)","[416193,416207)",61,T5
249,"[287167,287168)","[416220,416265)",62,T5
250,"[287168,287169)","[416264,416313)",63,T5
251,"[287169,287170)","[416378,416408)",63,T5
252,"[287170,287171)","[417435,417481)",64,T5
253,"[287171,287172)","[417480,417535)",64,T5
254,"[287172,287173)","[417649,417707)",65,T5
255,"[287173,287174)","[417992,418027)",59,T5
256,"[287174,287175)","[418620,418639)",66,T5
257,"[287175,287176)","[420359,420370)",59,T5
258,"[287176,287177)","[420977,421042)",67,T5
259,"[287177,287178)","[421234,421257)",44,T5
260,"[287178,287179)","[421620,421633)",68,T5
261,"[287179,287180)","[421892,421960)",69,T5
262,"[287180,287181)","[426221,426297)",70,T5
263,"[287181,287182)","[426411,426459)",71,T5
264,"[287182,287183)","[427324,427376)",72,T5
265,"[287183,287184)","[427704,427727)",73,T5
266,"[287184,287185)","[428030,428068)",74,T5
267,"[287185,287186)","[428129,428184)",74,T5
268,"[287186,287187)","[428816,428832)",59,T5
269,"[287187,287188)","[428973,428987)",59,T5
270,"[287188,287189)","[429000,429043)",75,T5
271,"[287189,287190)","[429320,429337)",59,T5
272,"[287190,287191)","[429883,429994)",76,T5
273,"[287191,287192)","[431904,431916)",59,T5
274,"[287192,287193)","[432109,432137)",77,T5
275,"[287193,287194)","[432505,432594)",78,T5
276,"[287194,287195)","[432767,432826)",79,T5
277,"[287195,287196)","[433741,433787)",80,T5
278,"[287196,287197)","[434032,434092)",59,T5
279,"[287197,287198)","[435268,435339)",81,T5
280,"[287198,287199)","[435665,435677)",59,T5
281,"[287199,287200)","[435687,435755)",82,T5
282,"[287200,287201)","[435757,435839)",82,T5
283,"[287201,287202)","[435974,436017)",82,T5
284,"[287202,287203)","[436165,436228)",83,T5
285,"[287203,287204)","[437073,437113)",84,T5
286,"[287204,287205)","[437880,437895)",59,T5
287,"[287205,287206)","[438035,438044)",59,T5
288,"[287206,287207)","[438300,438360)",59,T5
289,"[287207,287208)","[438993,439005)",59,T5
290,"[287208,287209)","[441707,441740)",85,T5
291,"[287209,287210)","[442187,442206)",59,T5
292,"[287210,287211)","[443546,443573)",86,T5
293,"[287211,287212)","[444352,444437)",87,T5
294,"[287212,287213)","[444436,444450)",88,T5
295,"[287213,287214)","[445078,445087)",89,T5
296,"[287214,287215)","[446625,446682)",68,T5
297,"[287215,287216)","[448150,448165)",59,T5
298,"[287216,287217)","[450712,450734)",59,T5
299,"[287217,287218)","[451320,451378)",90,T5
300,"[287218,287219)","[456881,456904)",91,T5
301,"[287219,287220)","[458296,458355)",92,T5
302,"[287220,287221)","[458539,458592)",93,T5
303,"[287221,287222)","[459292,459321)",94,T5
304,"[340685,340686)","[462005,462035)",95,T6
305,"[340686,340687)","[462120,462137)",95,T6
306,"[340687,340688)","[463001,463034)",95,T6
307,"[340688,340689)","[465553,465579)",95,T6
308,"[340689,340690)","[466354,466426)",95,T6
309,"[340690,340691)","[467427,467461)",95,T6
310,"[340691,340692)","[468233,468257)",95,T6
311,"[340692,340693)","[469225,469265)",95,T6
312,"[340693,340694)","[469881,469920)",95,T6
313,"[340694,340695)","[476674,476702)",95,T6
314,"[340695,340696)","[479933,479951)",95,T6
315,"[340696,340697)","[485511,485530)",95,T6
316,"[340697,340698)","[490857,490896)",95,T6
317,"[340698,340699)","[492841,492863)",95,T6
318,"[340699,340700)","[493490,493505)",95,T6
319,"[340700,340701)","[497526,497552)",95,T6
320,"[340701,340702)","[498559,498585)",95,T6
321,"[340702,340703)","[502614,502710)",95,T6
322,"[340703,340704)","[505050,505085)",95,T6
323,"[340704,340705)","[530173,530231)",95,T6
324,"[340705,340706)","[531076,531086)",96,T6
325,"[340706,340707)","[531789,531868)",95,T6
326,"[340707,340708)","[535709,535755)",97,T6
327,"[340708,340709)","[535786,535832)",95,T6
328,"[340709,340710)","[535867,535918)",95,T6
329,"[340710,340711)","[536363,536418)",95,T6
330,"[340711,340712)","[536440,536456)",95,T6
331,"[340712,340713)","[536496,536523)",95,T6
332,"[340713,340714)","[536622,536669)",95,T6
333,"[340714,340715)","[538927,538973)",95,T6
334,"[340715,340716)","[546863,546888)",98,T6
335,"[340716,340717)","[546931,546948)",95,T6
336,"[340717,340718)","[546973,547080)",95,T6
337,"[377751,377752)","[548711,548720)",99,T7_GP1
338,"[377752,377753)","[552640,552733)",100,T7_GP1
339,"[377753,377754)","[566468,566500)",101,T7_GP1
340,"[377754,377755)","[568720,568765)",101,T7_GP1
341,"[377755,377756)","[569865,569887)",101,T7_GP1
342,"[377756,377757)","[570002,570079)",101,T7_GP1
343,"[377757,377758)","[570979,571017)",101,T7_GP1
344,"[377758,377759)","[571715,571740)",101,T7_GP1
345,"[377759,377760)","[574409,574425)",101,T7_GP1
346,"[377760,377761)","[574736,574880)",101,T7_GP1
347,"[377761,377762)","[574920,574979)",101,T7_GP1
348,"[377762,377763)","[575604,575632)",101,T7_GP1
349,"[377763,377764)","[576653,576666)",101,T7_GP1
350,"[377764,377765)","[578629,578698)",101,T7_GP1
351,"[377765,377766)","[578957,579021)",102,T7_GP1
352,"[377766,377767)","[580059,580077)",101,T7_GP1
353,"[377767,377768)","[583918,583939)",102,T7_GP1
354,"[377768,377769)","[587119,587186)",101,T7_GP1
355,"[377769,377770)","[587757,587771)",101,T7_GP1
356,"[377770,377771)","[587802,587820)",101,T7_GP1
357,"[377771,377772)","[587885,587914)",101,T7_GP1
358,"[377772,377773)","[588101,588136)",101,T7_GP1
359,"[377773,377774)","[588244,588261)",103,T7_GP1
360,"[377774,377775)","[589197,589206)",104,T7_GP1
361,"[377775,377776)","[589954,589971)",105,T7_GP1
362,"[377776,377777)","[589996,590019)",105,T7_GP1
363,"[377777,377778)","[591734,591755)",106,T7_GP1
364,"[377778,377779)","[598481,598492)",107,T7_GP1
365,"[377779,377780)","[600761,600778)",101,T7_GP1
366,"[377780,377781)","[601896,601910)",108,T7_GP1
367,"[377781,377782)","[602009,602016)",101,T7_GP1
368,"[377782,377783)","[602412,602476)",101,T7_GP1
369,"[377783,377784)","[602728,602735)",101,T7_GP1
370,"[377784,377785)","[604422,604482)",102,T7_GP1
371,"[377785,377786)","[609130,609188)",101,T7_GP1
372,"[377786,377787)","[616904,616925)",101,T7_GP1
373,"[377787,377788)","[619425,619453)",109,T7_GP1
374,"[377788,377789)","[619468,619474)",104,T7_GP1
375,"[377789,377790)","[622987,623014)",101,T7_GP1
376,"[377790,377791)","[552329,552346)",101,Interviewer
377,"[377791,377792)","[552421,552439)",101,Interviewer
378,"[377792,377793)","[552572,552590)",101,Interviewer
379,"[377793,377794)","[554384,554403)",101,Interviewer
380,"[377794,377795)","[556450,556482)",101,Interviewer
381,"[377795,377796)","[557490,557539)",101,Interviewer
382,"[377796,377797)","[557700,557721)",101,Interviewer
383,"[377797,377798)","[558577,558589)",101,Interviewer
384,"[377798,377799)","[559757,559779)",101,Interviewer
385,"[377799,377800)","[559873,559956)",101,Interviewer
386,"[377800,377801)","[566526,566544)",101,Interviewer
387,"[377801,377802)","[566589,566604)",101,Interviewer
388,"[377802,377803)","[570045,570074)",101,Interviewer
389,"[377803,377804)","[570979,571017)",101,Interviewer
390,"[377804,377805)","[573406,573450)",101,Interviewer
391,"[377805,377806)","[574592,574671)",101,Interviewer
392,"[377806,377807)","[578851,578869)",101,Interviewer
393,"[377807,377808)","[582790,582815)",101,Interviewer
394,"[377808,377809)","[591162,591171)",101,Interviewer
395,"[377809,377810)","[592366,592383)",101,Interviewer
396,"[377810,377811)","[593657,593672)",110,Interviewer
397,"[377811,377812)","[594300,594333)",101,Interviewer
398,"[377812,377813)","[594809,594831)",101,Interviewer
399,"[377813,377814)","[595712,595744)",101,Interviewer
400,"[377814,377815)","[595996,596003)",110,Interviewer
401,"[377815,377816)","[598383,598400)",110,Interviewer
402,"[377816,377817)","[600839,600862)",101,Interviewer
403,"[377817,377818)","[602610,602618)",110,Interviewer
404,"[377818,377819)","[603297,603315)",101,Interviewer
405,"[377819,377820)","[603460,603468)",101,Interviewer
406,"[377820,377821)","[603679,603691)",101,Interviewer
407,"[377821,377822)","[604805,604828)",101,Interviewer
408,"[377822,377823)","[605944,605970)",110,Interviewer
409,"[377823,377824)","[607340,607353)",111,Interviewer
410,"[377824,377825)","[609729,609738)",101,Interviewer
411,"[377825,377826)","[612565,612580)",101,Interviewer
412,"[377826,377827)","[612793,612801)",101,Interviewer
413,"[377827,377828)","[614671,614685)",101,Interviewer
414,"[377828,377829)","[616260,616274)",101,Interviewer
415,"[377829,377830)","[622584,622603)",101,Interviewer
416,"[377830,377831)","[622674,622689)",101,Interviewer
417,"[377831,377832)","[622987,623014)",101,Interviewer
418,"[377832,377833)","[623256,623311)",101,Interviewer
419,"[377833,377834)","[625550,625573)",101,Interviewer
420,"[377834,377835)","[625708,625726)",101,Interviewer
421,"[377835,377836)","[626313,626321)",110,Interviewer
422,"[377836,377837)","[626863,626874)",101,Interviewer
423,"[377837,377838)","[627897,627910)",110,Interviewer
424,"[377838,377839)","[628455,628475)",111,Interviewer
425,"[377839,377840)","[547236,547263)",101,T7_GP2
426,"[377840,377841)","[547495,547513)",101,T7_GP2
427,"[377841,377842)","[548029,548055)",101,T7_GP2
428,"[377842,377843)","[550816,550823)",101,T7_GP2
429,"[377843,377844)","[550977,551016)",101,T7_GP2
430,"[377844,377845)","[552305,552346)",101,T7_GP2
431,"[377845,377846)","[552380,552422)",101,T7_GP2
432,"[377846,377847)","[552709,552733)",101,T7_GP2
433,"[377847,377848)","[552783,552796)",101,T7_GP2
434,"[377848,377849)","[553071,553092)",112,T7_GP2
435,"[377849,377850)","[554411,554452)",113,T7_GP2
436,"[377850,377851)","[554999,555018)",101,T7_GP2
437,"[377851,377852)","[555110,555122)",101,T7_GP2
438,"[377852,377853)","[555167,555205)",101,T7_GP2
439,"[377853,377854)","[556159,556187)",101,T7_GP2
440,"[377854,377855)","[556450,556482)",101,T7_GP2
441,"[377855,377856)","[556888,556916)",101,T7_GP2
442,"[377856,377857)","[557230,557250)",101,T7_GP2
443,"[377857,377858)","[557408,557416)",101,T7_GP2
444,"[377858,377859)","[557912,558054)",101,T7_GP2
445,"[377859,377860)","[559224,559251)",101,T7_GP2
446,"[377860,377861)","[559379,559384)",101,T7_GP2
447,"[377861,377862)","[559668,559708)",101,T7_GP2
448,"[377862,377863)","[559732,559779)",101,T7_GP2
449,"[377863,377864)","[560020,560046)",101,T7_GP2
450,"[377864,377865)","[560425,560449)",101,T7_GP2
451,"[377865,377866)","[560711,560725)",101,T7_GP2
452,"[377866,377867)","[560910,560921)",101,T7_GP2
453,"[377867,377868)","[561648,561707)",101,T7_GP2
454,"[377868,377869)","[563098,563123)",101,T7_GP2
455,"[377869,377870)","[564247,564259)",101,T7_GP2
456,"[377870,377871)","[564318,564334)",101,T7_GP2
457,"[377871,377872)","[565264,565315)",101,T7_GP2
458,"[377872,377873)","[565441,565464)",101,T7_GP2
459,"[377873,377874)","[565494,565648)",101,T7_GP2
460,"[377874,377875)","[566328,566344)",101,T7_GP2
461,"[377875,377876)","[566707,566738)",101,T7_GP2
462,"[377876,377877)","[567335,567348)",101,T7_GP2
463,"[377877,377878)","[567534,567560)",101,T7_GP2
464,"[377878,377879)","[567835,567852)",101,T7_GP2
465,"[377879,377880)","[567883,567947)",101,T7_GP2
466,"[377880,377881)","[568059,568140)",101,T7_GP2
467,"[377881,377882)","[568259,568338)",101,T7_GP2
468,"[377882,377883)","[568425,568542)",101,T7_GP2
469,"[377883,377884)","[568584,568708)",101,T7_GP2
470,"[377884,377885)","[568883,568973)",101,T7_GP2
471,"[377885,377886)","[569148,569182)",101,T7_GP2
472,"[377886,377887)","[569436,569455)",101,T7_GP2
473,"[377887,377888)","[570045,570074)",101,T7_GP2
474,"[377888,377889)","[570525,570594)",101,T7_GP2
475,"[377889,377890)","[571203,571225)",101,T7_GP2
476,"[377890,377891)","[571724,571775)",101,T7_GP2
477,"[377891,377892)","[571886,571926)",101,T7_GP2
478,"[377892,377893)","[573180,573236)",101,T7_GP2
479,"[377893,377894)","[573275,573322)",101,T7_GP2
480,"[377894,377895)","[573553,573648)",101,T7_GP2
481,"[377895,377896)","[573675,573737)",101,T7_GP2
482,"[377896,377897)","[573886,573897)",101,T7_GP2
483,"[377897,377898)","[574004,574082)",101,T7_GP2
484,"[377898,377899)","[574289,574330)",101,T7_GP2
485,"[377899,377900)","[574362,574452)",101,T7_GP2
486,"[377900,377901)","[574669,574702)",101,T7_GP2
487,"[377901,377902)","[576569,576616)",101,T7_GP2
488,"[377902,377903)","[576799,576812)",101,T7_GP2
489,"[377903,377904)","[576917,576991)",101,T7_GP2
490,"[377904,377905)","[577216,577255)",101,T7_GP2
491,"[377905,377906)","[577333,577367)",101,T7_GP2
492,"[377906,377907)","[577563,577598)",101,T7_GP2
493,"[377907,377908)","[577666,577688)",101,T7_GP2
494,"[377908,377909)","[578012,578040)",101,T7_GP2
495,"[377909,377910)","[578632,578657)",101,T7_GP2
496,"[377910,377911)","[579572,579592)",101,T7_GP2
497,"[377911,377912)","[579759,579828)",101,T7_GP2
498,"[377912,377913)","[580248,580330)",101,T7_GP2
499,"[377913,377914)","[580549,580562)",101,T7_GP2
500,"[377914,377915)","[580980,580993)",101,T7_GP2
501,"[377915,377916)","[581570,581636)",101,T7_GP2
502,"[377916,377917)","[582121,582156)",101,T7_GP2
503,"[377917,377918)","[582893,582900)",114,T7_GP2
504,"[377918,377919)","[583528,583635)",101,T7_GP2
505,"[377919,377920)","[584373,584397)",101,T7_GP2
506,"[377920,377921)","[584458,584473)",101,T7_GP2
507,"[377921,377922)","[584535,584600)",101,T7_GP2
508,"[377922,377923)","[584956,584993)",101,T7_GP2
509,"[377923,377924)","[585327,585344)",101,T7_GP2
510,"[377924,377925)","[585391,585448)",101,T7_GP2
511,"[377925,377926)","[586392,586493)",101,T7_GP2
512,"[377926,377927)","[586506,586549)",101,T7_GP2
513,"[377927,377928)","[586734,586817)",101,T7_GP2
514,"[377928,377929)","[586891,587003)",101,T7_GP2
515,"[377929,377930)","[587179,587227)",101,T7_GP2
516,"[377930,377931)","[587477,587526)",101,T7_GP2
517,"[377931,377932)","[587561,587575)",101,T7_GP2
518,"[377932,377933)","[587592,587622)",101,T7_GP2
519,"[377933,377934)","[587715,587759)",101,T7_GP2
520,"[377934,377935)","[587877,588024)",101,T7_GP2
521,"[377935,377936)","[588135,588231)",101,T7_GP2
522,"[377936,377937)","[588463,588576)",101,T7_GP2
523,"[377937,377938)","[588939,589068)",101,T7_GP2
524,"[377938,377939)","[589222,589283)",101,T7_GP2
525,"[377939,377940)","[589621,589732)",101,T7_GP2
526,"[377940,377941)","[590109,590121)",101,T7_GP2
527,"[377941,377942)","[590942,590965)",101,T7_GP2
528,"[377942,377943)","[590993,591001)",115,T7_GP2
529,"[377943,377944)","[591880,591890)",110,T7_GP2
530,"[377944,377945)","[592731,592751)",101,T7_GP2
531,"[377945,377946)","[593159,593175)",101,T7_GP2
532,"[377946,377947)","[593284,593305)",101,T7_GP2
533,"[377947,377948)","[593640,593658)",110,T7_GP2
534,"[377948,377949)","[594219,594226)",101,T7_GP2
535,"[377949,377950)","[594307,594320)",101,T7_GP2
536,"[377950,377951)","[599908,599924)",101,T7_GP2
537,"[377951,377952)","[600656,600672)",101,T7_GP2
538,"[377952,377953)","[601061,601083)",101,T7_GP2
539,"[377953,377954)","[602032,602039)",101,T7_GP2
540,"[377954,377955)","[603696,603783)",101,T7_GP2
541,"[377955,377956)","[603853,603880)",101,T7_GP2
542,"[377956,377957)","[608157,608178)",101,T7_GP2
543,"[377957,377958)","[609145,609166)",101,T7_GP2
544,"[377958,377959)","[610954,610961)",101,T7_GP2
545,"[377959,377960)","[612680,612688)",101,T7_GP2
546,"[377960,377961)","[612806,612819)",101,T7_GP2
547,"[377961,377962)","[612898,612948)",101,T7_GP2
548,"[377962,377963)","[614907,614950)",101,T7_GP2
549,"[377963,377964)","[615343,615350)",101,T7_GP2
550,"[377964,377965)","[616759,616773)",101,T7_GP2
551,"[377965,377966)","[617302,617341)",101,T7_GP2
552,"[377966,377967)","[620892,620902)",101,T7_GP2
553,"[377967,377968)","[621787,621831)",101,T7_GP2
554,"[377968,377969)","[622996,623014)",101,T7_GP2
555,"[377969,377970)","[623042,623088)",101,T7_GP2
556,"[377970,377971)","[623180,623212)",101,T7_GP2
557,"[377971,377972)","[623256,623311)",101,T7_GP2
558,"[377972,377973)","[624752,624779)",101,T7_GP2
559,"[377973,377974)","[625573,625606)",101,T7_GP2
560,"[377974,377975)","[625691,625726)",101,T7_GP2
561,"[377975,377976)","[626320,626331)",101,T7_GP2
562,"[377976,377977)","[626846,626895)",101,T7_GP2
563,"[377977,377978)","[627003,627021)",101,T7_GP2
564,"[377978,377979)","[627329,627341)",101,T7_GP2
565,"[377979,377980)","[627638,627673)",101,T7_GP2
566,"[377980,377981)","[629350,629379)",101,T7_GP2
567,"[413105,413106)","[630274,630285)",101,T8_GP1
568,"[413106,413107)","[637083,637102)",101,T8_GP1
569,"[413107,413108)","[638951,638976)",101,T8_GP1
570,"[413108,413109)","[639593,639607)",101,T8_GP1
571,"[413109,413110)","[639784,639817)",101,T8_GP1
572,"[413110,413111)","[640453,640469)",101,T8_GP1
573,"[413111,413112)","[645033,645057)",101,T8_GP1
574,"[413112,413113)","[646238,646254)",101,T8_GP1
575,"[413113,413114)","[647216,647231)",101,T8_GP1
576,"[413114,413115)","[647519,647551)",101,T8_GP1
577,"[413115,413116)","[647611,647621)",115,T8_GP1
578,"[413116,413117)","[649905,649922)",111,T8_GP1
579,"[413117,413118)","[650832,650863)",101,T8_GP1
580,"[413118,413119)","[653500,653510)",111,T8_GP1
581,"[413119,413120)","[654537,654553)",101,T8_GP1
582,"[413120,413121)","[656024,656049)",101,T8_GP1
583,"[413121,413122)","[656398,656440)",101,T8_GP1
584,"[413122,413123)","[662809,662835)",101,T8_GP1
585,"[413123,413124)","[666553,666640)",116,T8_GP1
586,"[413124,413125)","[676487,676499)",101,T8_GP1
587,"[413125,413126)","[685495,685523)",101,T8_GP1
588,"[413126,413127)","[685665,685688)",101,T8_GP1
589,"[413127,413128)","[686807,686831)",101,T8_GP1
590,"[413128,413129)","[687111,687153)",101,T8_GP1
591,"[413129,413130)","[687682,687697)",101,T8_GP1
592,"[413130,413131)","[688448,688459)",101,T8_GP1
593,"[413131,413132)","[688628,688666)",101,T8_GP1
594,"[413132,413133)","[689779,689866)",101,T8_GP1
595,"[413133,413134)","[692241,692252)",101,T8_GP1
596,"[413134,413135)","[693157,693174)",117,T8_GP1
597,"[413135,413136)","[693762,693816)",101,T8_GP1
598,"[413136,413137)","[694168,694202)",101,T8_GP1
599,"[413137,413138)","[694337,694467)",118,T8_GP1
600,"[413138,413139)","[694466,694496)",101,T8_GP1
601,"[413139,413140)","[695373,695433)",101,T8_GP1
602,"[413140,413141)","[695626,695649)",101,T8_GP1
603,"[413141,413142)","[696230,696271)",101,T8_GP1
604,"[413142,413143)","[696387,696418)",101,T8_GP1
605,"[413143,413144)","[696441,696485)",101,T8_GP1
606,"[413144,413145)","[696591,696670)",101,T8_GP1
607,"[413145,413146)","[696748,696764)",101,T8_GP1
608,"[413146,413147)","[696825,696866)",101,T8_GP1
609,"[413147,413148)","[700592,700604)",101,T8_GP1
610,"[413148,413149)","[701328,701353)",101,T8_GP1
611,"[413149,413150)","[701602,701661)",101,T8_GP1
612,"[413150,413151)","[703050,703078)",101,T8_GP1
613,"[413151,413152)","[703172,703179)",101,T8_GP1
614,"[413152,413153)","[703185,703192)",101,T8_GP1
615,"[413153,413154)","[703215,703228)",101,T8_GP1
616,"[413154,413155)","[703443,703467)",101,T8_GP1
617,"[413155,413156)","[703526,703553)",101,T8_GP1
618,"[413156,413157)","[703590,703605)",101,T8_GP1
619,"[413157,413158)","[703806,703831)",101,T8_GP1
620,"[413158,413159)","[704379,704414)",101,T8_GP1
621,"[413159,413160)","[704593,704706)",101,T8_GP1
622,"[413160,413161)","[704919,704959)",101,T8_GP1
623,"[413161,413162)","[705141,705151)",101,T8_GP1
624,"[413162,413163)","[705461,705564)",101,T8_GP1
625,"[413163,413164)","[705999,706010)",101,T8_GP1
626,"[413164,413165)","[706500,706533)",119,T8_GP1
627,"[413165,413166)","[706679,706700)",101,T8_GP1
628,"[413166,413167)","[706936,706949)",101,T8_GP1
629,"[413167,413168)","[707631,707647)",101,T8_GP1
630,"[413168,413169)","[708144,708160)",101,T8_GP1
631,"[413169,413170)","[709234,709253)",101,T8_GP1
632,"[413170,413171)","[709358,709375)",101,T8_GP1
633,"[413171,413172)","[710773,710794)",101,T8_GP1
634,"[413172,413173)","[714742,714770)",120,T8_GP1
635,"[413173,413174)","[715159,715238)",101,T8_GP1
636,"[413174,413175)","[715806,715854)",101,T8_GP1
637,"[413175,413176)","[715929,715946)",101,T8_GP1
638,"[413176,413177)","[716359,716389)",101,T8_GP1
639,"[413177,413178)","[717316,717338)",101,T8_GP1
640,"[413178,413179)","[719254,719275)",101,T8_GP1
641,"[413179,413180)","[719724,719786)",101,T8_GP1
642,"[413180,413181)","[721249,721332)",101,T8_GP1
643,"[413181,413182)","[722761,722769)",101,T8_GP1
644,"[413182,413183)","[726062,726091)",121,T8_GP1
645,"[413183,413184)","[726355,726392)",122,T8_GP1
646,"[413184,413185)","[731688,731711)",123,T8_GP1
647,"[413185,413186)","[746906,746932)",110,T8_GP1
648,"[413186,413187)","[747201,747218)",101,T8_GP1
649,"[456027,456028)","[648351,648364)",110,T8_GP2
650,"[456028,456029)","[656005,656031)",101,T8_GP2
651,"[456029,456030)","[685476,685496)",101,T8_GP2
652,"[456030,456031)","[685805,685825)",101,T8_GP2
653,"[456031,456032)","[687121,687154)",101,T8_GP2
654,"[456032,456033)","[687370,687431)",101,T8_GP2
655,"[456033,456034)","[687698,687725)",101,T8_GP2
656,"[456034,456035)","[688457,688490)",101,T8_GP2
657,"[456035,456036)","[688631,688692)",101,T8_GP2
658,"[456036,456037)","[689779,689849)",101,T8_GP2
659,"[456037,456038)","[692821,692836)",110,T8_GP2
660,"[456038,456039)","[693156,693191)",101,T8_GP2
661,"[456039,456040)","[694368,694394)",101,T8_GP2
662,"[456040,456041)","[694653,694692)",101,T8_GP2
663,"[456041,456042)","[695112,695222)",101,T8_GP2
664,"[456042,456043)","[695460,695610)",101,T8_GP2
665,"[456043,456044)","[696231,696271)",101,T8_GP2
666,"[456044,456045)","[696387,696418)",101,T8_GP2
667,"[456045,456046)","[696441,696485)",101,T8_GP2
668,"[456046,456047)","[696591,696670)",101,T8_GP2
669,"[456047,456048)","[696704,696746)",124,T8_GP2
670,"[456048,456049)","[696825,696855)",101,T8_GP2
671,"[456049,456050)","[697881,697904)",101,T8_GP2
672,"[456050,456051)","[703050,703078)",101,T8_GP2
673,"[456051,456052)","[705461,705564)",101,T8_GP2
674,"[456052,456053)","[705999,706065)",101,T8_GP2
675,"[456053,456054)","[706183,706202)",101,T8_GP2
676,"[456054,456055)","[706260,706286)",101,T8_GP2
677,"[456055,456056)","[714239,714290)",101,T8_GP2
678,"[456056,456057)","[715159,715238)",101,T8_GP2
679,"[456057,456058)","[715811,715855)",101,T8_GP2
680,"[456058,456059)","[716485,716581)",101,T8_GP2
681,"[456059,456060)","[719228,719282)",101,T8_GP2
682,"[456060,456061)","[719434,719461)",101,T8_GP2
683,"[456061,456062)","[719734,719787)",101,T8_GP2
684,"[456062,456063)","[719869,719949)",101,T8_GP2
685,"[456063,456064)","[720034,720132)",101,T8_GP2
686,"[456064,456065)","[720523,720562)",101,T8_GP2
687,"[456065,456066)","[721284,721300)",101,T8_GP2
688,"[456066,456067)","[729327,729341)",101,T8_GP2
689,"[456067,456068)","[733828,733840)",101,T8_GP2
690,"[456068,456069)","[737521,737547)",125,T8_GP2
691,"[456069,456070)","[741648,741666)",126,T8_GP2
692,"[456070,456071)","[742454,742541)",125,T8_GP2
693,"[456071,456072)","[748078,748112)",101,T8_GP2
694,"[479064,479065)","[748250,748307)",2,T9_GP1
695,"[479065,479066)","[748389,748475)",2,T9_GP1
696,"[479066,479067)","[749136,749211)",127,T9_GP1
697,"[479067,479068)","[749395,749522)",128,T9_GP1
698,"[479068,479069)","[749553,749593)",2,T9_GP1
699,"[479069,479070)","[749592,749625)",2,T9_GP1
700,"[479070,479071)","[750411,750445)",2,T9_GP1
701,"[479071,479072)","[750503,750527)",2,T9_GP1
702,"[479072,479073)","[750527,750561)",24,T9_GP1
703,"[479073,479074)","[750634,750660)",2,T9_GP1
704,"[479074,479075)","[750962,751005)",2,T9_GP1
705,"[479075,479076)","[751064,751095)",9,T9_GP1
706,"[479076,479077)","[751802,751813)",2,T9_GP1
707,"[479077,479078)","[751836,751849)",2,T9_GP1
708,"[479078,479079)","[752391,752478)",129,T9_GP1
709,"[479079,479080)","[752637,752671)",130,T9_GP1
710,"[479080,479081)","[752720,752752)",2,T9_GP1
711,"[479081,479082)","[752776,752793)",131,T9_GP1
712,"[479082,479083)","[752961,753040)",132,T9_GP1
713,"[479083,479084)","[753039,753082)",2,T9_GP1
714,"[479084,479085)","[753937,754050)",2,T9_GP1
715,"[479085,479086)","[754460,754477)",132,T9_GP1
716,"[479086,479087)","[754550,754579)",133,T9_GP1
717,"[479087,479088)","[754579,754619)",134,T9_GP1
718,"[479088,479089)","[754735,754760)",2,T9_GP1
719,"[479089,479090)","[754815,754844)",132,T9_GP1
720,"[479090,479091)","[754968,755003)",135,T9_GP1
721,"[479091,479092)","[755152,755210)",136,T9_GP1
722,"[479092,479093)","[755220,755295)",137,T9_GP1
723,"[479093,479094)","[755445,755468)",2,T9_GP1
724,"[479094,479095)","[755467,755504)",2,T9_GP1
725,"[479095,479096)","[755539,755555)",138,T9_GP1
726,"[479096,479097)","[755670,755776)",139,T9_GP1
727,"[479097,479098)","[755929,755954)",2,T9_GP1
728,"[479098,479099)","[756549,756582)",2,T9_GP1
729,"[479099,479100)","[757613,757655)",2,T9_GP1
730,"[479100,479101)","[757723,757759)",2,T9_GP1
731,"[479101,479102)","[758127,758145)",2,T9_GP1
732,"[479102,479103)","[758215,758234)",2,T9_GP1
733,"[479103,479104)","[758821,758848)",2,T9_GP1
734,"[479104,479105)","[759078,759106)",132,T9_GP1
735,"[479105,479106)","[760529,760578)",2,T9_GP1
736,"[479106,479107)","[761077,761117)",2,T9_GP1
737,"[479107,479108)","[761663,761678)",140,T9_GP1
738,"[479108,479109)","[761847,761881)",2,T9_GP1
739,"[479109,479110)","[761967,762012)",141,T9_GP1
740,"[479110,479111)","[762021,762062)",142,T9_GP1
741,"[479111,479112)","[762069,762103)",2,T9_GP1
742,"[479112,479113)","[762400,762439)",132,T9_GP1
743,"[479113,479114)","[762872,762888)",132,T9_GP1
744,"[479114,479115)","[762993,763060)",143,T9_GP1
745,"[479115,479116)","[763289,763316)",2,T9_GP1
746,"[479116,479117)","[764182,764209)",2,T9_GP1
747,"[479117,479118)","[764570,764638)",132,T9_GP1
748,"[479118,479119)","[764817,764832)",2,T9_GP1
749,"[479119,479120)","[765353,765384)",2,T9_GP1
750,"[479120,479121)","[765465,765515)",144,T9_GP1
751,"[479121,479122)","[765746,765798)",2,T9_GP1
752,"[479122,479123)","[766476,766528)",145,T9_GP1
753,"[479123,479124)","[766725,766808)",2,T9_GP1
754,"[479124,479125)","[767368,767387)",2,T9_GP1
755,"[479125,479126)","[767386,767430)",146,T9_GP1
756,"[479126,479127)","[768111,768156)",2,T9_GP1
757,"[479127,479128)","[768581,768599)",147,T9_GP1
758,"[479128,479129)","[768696,768755)",2,T9_GP1
759,"[479129,479130)","[769307,769336)",148,T9_GP1
760,"[479130,479131)","[769479,769507)",149,T9_GP1
761,"[479131,479132)","[769550,769591)",150,T9_GP1
762,"[479132,479133)","[770064,770111)",2,T9_GP1
763,"[479133,479134)","[770111,770149)",150,T9_GP1
764,"[479134,479135)","[770180,770223)",2,T9_GP1
765,"[479135,479136)","[770831,770869)",132,T9_GP1
766,"[479136,479137)","[770900,770931)",151,T9_GP1
767,"[479137,479138)","[771827,771871)",2,T9_GP1
768,"[479138,479139)","[772217,772241)",2,T9_GP1
769,"[479139,479140)","[772529,772553)",2,T9_GP1
770,"[479140,479141)","[773428,773454)",8,T9_GP1
771,"[479141,479142)","[775627,775673)",2,T9_GP1
772,"[479142,479143)","[776412,776492)",152,T9_GP1
773,"[479143,479144)","[776807,776855)",153,T9_GP1
774,"[479144,479145)","[776921,776934)",2,T9_GP1
775,"[479145,479146)","[777012,777045)",154,T9_GP1
776,"[479146,479147)","[777085,777104)",2,T9_GP1
777,"[479147,479148)","[778511,778538)",5,T9_GP1
778,"[479148,479149)","[778828,778847)",5,T9_GP1
779,"[479149,479150)","[778966,778992)",2,T9_GP1
780,"[479150,479151)","[778992,779032)",144,T9_GP1
781,"[479151,479152)","[779032,779060)",155,T9_GP1
782,"[479152,479153)","[779059,779120)",156,T9_GP1
783,"[479153,479154)","[779119,779148)",2,T9_GP1
784,"[479154,479155)","[780433,780460)",157,T9_GP1
785,"[479155,479156)","[780655,780716)",2,T9_GP1
786,"[479156,479157)","[780913,780979)",2,T9_GP1
787,"[479157,479158)","[781252,781271)",2,T9_GP1
788,"[479158,479159)","[781326,781359)",158,T9_GP1
789,"[479159,479160)","[782122,782134)",2,T9_GP1
790,"[479160,479161)","[783122,783135)",159,T9_GP1
791,"[479161,479162)","[783356,783428)",144,T9_GP1
792,"[479162,479163)","[783730,783754)",2,T9_GP1
793,"[479163,479164)","[786260,786310)",2,T9_GP1
794,"[479164,479165)","[786559,786595)",132,T9_GP1
795,"[479165,479166)","[787520,787549)",2,T9_GP1
796,"[479166,479167)","[788064,788087)",160,T9_GP1
797,"[479167,479168)","[788635,788645)",161,T9_GP1
798,"[479168,479169)","[788820,788868)",2,T9_GP1
799,"[479169,479170)","[789470,789483)",162,T9_GP1
800,"[479170,479171)","[792423,792470)",163,T9_GP1
801,"[479171,479172)","[792679,792719)",132,T9_GP1
802,"[479172,479173)","[793772,793787)",2,T9_GP1
803,"[479173,479174)","[795458,795485)",2,T9_GP1
804,"[479174,479175)","[795562,795589)",164,T9_GP1
805,"[479175,479176)","[795975,796038)",165,T9_GP1
806,"[479176,479177)","[796113,796137)",166,T9_GP1
807,"[479177,479178)","[796329,796389)",167,T9_GP1
808,"[479178,479179)","[796512,796543)",2,T9_GP1
809,"[479179,479180)","[797015,797058)",2,T9_GP1
810,"[479180,479181)","[797166,797213)",168,T9_GP1
811,"[479181,479182)","[797276,797347)",2,T9_GP1
812,"[479182,479183)","[797448,797524)",2,T9_GP1
813,"[479183,479184)","[798161,798179)",169,T9_GP1
814,"[479184,479185)","[798314,798332)",170,T9_GP1
815,"[479185,479186)","[798556,798580)",171,T9_GP1
816,"[479186,479187)","[798930,798955)",172,T9_GP1
817,"[479187,479188)","[800098,800122)",2,T9_GP1
818,"[479188,479189)","[800656,800740)",2,T9_GP1
819,"[479189,479190)","[801521,801536)",173,T9_GP1
820,"[479190,479191)","[801578,801619)",174,T9_GP1
821,"[479191,479192)","[803430,803467)",175,T9_GP1
822,"[479192,479193)","[803616,803655)",132,T9_GP1
823,"[479193,479194)","[803700,803729)",176,T9_GP1
824,"[479194,479195)","[805721,805784)",177,T9_GP1
825,"[479195,479196)","[806950,806986)",2,T9_GP1
826,"[479196,479197)","[809326,809398)",178,T9_GP1
827,"[479197,479198)","[809652,809671)",179,T9_GP1
828,"[479198,479199)","[810356,810385)",132,T9_GP1
829,"[479199,479200)","[811213,811235)",2,T9_GP1
830,"[479200,479201)","[812569,812651)",2,T9_GP1
831,"[479201,479202)","[812844,812927)",180,T9_GP1
832,"[479202,479203)","[812941,813059)",180,T9_GP1
833,"[479203,479204)","[813206,813266)",181,T9_GP1
834,"[479204,479205)","[813265,813287)",2,T9_GP1
835,"[479205,479206)","[813319,813369)",182,T9_GP1
836,"[479206,479207)","[813403,813425)",183,T9_GP1
837,"[479207,479208)","[813517,813570)",184,T9_GP1
838,"[479208,479209)","[813691,813726)",154,T9_GP1
839,"[479209,479210)","[813725,813782)",2,T9_GP1
840,"[479210,479211)","[813823,813868)",2,T9_GP1
841,"[479211,479212)","[813867,814021)",185,T9_GP1
842,"[479212,479213)","[814693,814719)",186,T9_GP1
843,"[479213,479214)","[815991,816038)",2,T9_GP1
844,"[479214,479215)","[816102,816123)",187,T9_GP1
845,"[479215,479216)","[816669,816728)",2,T9_GP1
846,"[479216,479217)","[816764,816784)",2,T9_GP1
847,"[479217,479218)","[816969,817051)",2,T9_GP1
848,"[479218,479219)","[817275,817384)",188,T9_GP1
849,"[479219,479220)","[817510,817537)",189,T9_GP1
850,"[479220,479221)","[817904,817933)",190,T9_GP1
851,"[479221,479222)","[817962,817988)",2,T9_GP1
852,"[479222,479223)","[818158,818204)",190,T9_GP1
853,"[479223,479224)","[818250,818274)",191,T9_GP1
854,"[479224,479225)","[819596,819623)",132,T9_GP1
855,"[479225,479226)","[820048,820071)",2,T9_GP1
856,"[479226,479227)","[820604,820685)",192,T9_GP1
857,"[479227,479228)","[820684,820728)",2,T9_GP1
858,"[479228,479229)","[821951,821972)",2,T9_GP1
859,"[479229,479230)","[822231,822251)",193,T9_GP1
860,"[479230,479231)","[822842,822950)",2,T9_GP1
861,"[479231,479232)","[823847,823902)",2,T9_GP1
862,"[479232,479233)","[824252,824288)",9,T9_GP1
863,"[479233,479234)","[824893,824930)",2,T9_GP1
864,"[479234,479235)","[825056,825123)",2,T9_GP1
865,"[479235,479236)","[825714,825759)",2,T9_GP1
866,"[479236,479237)","[826269,826309)",2,T9_GP1
867,"[479237,479238)","[826773,826864)",194,T9_GP1
868,"[479238,479239)","[827646,827694)",2,T9_GP1
869,"[479239,479240)","[828476,828523)",2,T9_GP1
870,"[479240,479241)","[829812,829833)",2,T9_GP1
871,"[479241,479242)","[829833,829894)",195,T9_GP1
872,"[479242,479243)","[830736,830792)",196,T9_GP1
873,"[479243,479244)","[830804,830825)",9,T9_GP1
874,"[479244,479245)","[830913,830936)",6,T9_GP1
875,"[479245,479246)","[831627,831679)",2,T9_GP1
876,"[479246,479247)","[831945,831959)",6,T9_GP1
877,"[479247,479248)","[832165,832262)",2,T9_GP1
878,"[492260,492261)","[748222,748251)",9,T9_GP2
879,"[492261,492262)","[748308,748391)",2,T9_GP2
880,"[492262,492263)","[748474,748528)",197,T9_GP2
881,"[492263,492264)","[748527,748601)",198,T9_GP2
882,"[492264,492265)","[749519,749554)",2,T9_GP2
883,"[492265,492266)","[749553,749593)",2,T9_GP2
884,"[492266,492267)","[750037,750047)",199,T9_GP2
885,"[492267,492268)","[750672,750718)",2,T9_GP2
886,"[492268,492269)","[750732,750767)",200,T9_GP2
887,"[492269,492270)","[750767,750831)",2,T9_GP2
888,"[492270,492271)","[750831,750911)",201,T9_GP2
889,"[492271,492272)","[751931,751970)",202,T9_GP2
890,"[492272,492273)","[752412,752478)",2,T9_GP2
891,"[492273,492274)","[752637,752671)",203,T9_GP2
892,"[492274,492275)","[752711,752720)",132,T9_GP2
893,"[492275,492276)","[752720,752752)",132,T9_GP2
894,"[492276,492277)","[753536,753611)",2,T9_GP2
895,"[492277,492278)","[753880,753899)",2,T9_GP2
896,"[492278,492279)","[754005,754022)",2,T9_GP2
897,"[492279,492280)","[754175,754191)",2,T9_GP2
898,"[492280,492281)","[754550,754579)",2,T9_GP2
899,"[492281,492282)","[754809,754847)",132,T9_GP2
900,"[492282,492283)","[754968,755003)",135,T9_GP2
901,"[492283,492284)","[755152,755210)",2,T9_GP2
902,"[492284,492285)","[755259,755295)",137,T9_GP2
903,"[492285,492286)","[755970,755983)",2,T9_GP2
904,"[492286,492287)","[756013,756040)",2,T9_GP2
905,"[492287,492288)","[756182,756201)",2,T9_GP2
906,"[492288,492289)","[756421,756435)",2,T9_GP2
907,"[492289,492290)","[756549,756582)",2,T9_GP2
908,"[492290,492291)","[756643,756657)",2,T9_GP2
909,"[492291,492292)","[757654,757673)",2,T9_GP2
910,"[492292,492293)","[757740,757777)",2,T9_GP2
911,"[492293,492294)","[757870,757886)",2,T9_GP2
912,"[492294,492295)","[758090,758116)",2,T9_GP2
913,"[492295,492296)","[758275,758295)",2,T9_GP2
914,"[492296,492297)","[759025,759038)",132,T9_GP2
915,"[492297,492298)","[759724,759769)",2,T9_GP2
916,"[492298,492299)","[760614,760654)",132,T9_GP2
917,"[492299,492300)","[761106,761115)",132,T9_GP2
918,"[492300,492301)","[761598,761656)",137,T9_GP2
919,"[492301,492302)","[761663,761678)",140,T9_GP2
920,"[492302,492303)","[761718,761817)",204,T9_GP2
921,"[492303,492304)","[762331,762348)",2,T9_GP2
922,"[492304,492305)","[762453,762464)",2,T9_GP2
923,"[492305,492306)","[762892,762937)",205,T9_GP2
924,"[492306,492307)","[763138,763163)",18,T9_GP2
925,"[492307,492308)","[763289,763316)",2,T9_GP2
926,"[492308,492309)","[763709,763739)",2,T9_GP2
927,"[492309,492310)","[765515,765581)",144,T9_GP2
928,"[492310,492311)","[766725,766808)",2,T9_GP2
929,"[492311,492312)","[766886,766916)",2,T9_GP2
930,"[492312,492313)","[767153,767173)",2,T9_GP2
931,"[492313,492314)","[768006,768044)",9,T9_GP2
932,"[492314,492315)","[768111,768156)",2,T9_GP2
933,"[492315,492316)","[768181,768196)",2,T9_GP2
934,"[492316,492317)","[768591,768610)",206,T9_GP2
935,"[492317,492318)","[768696,768755)",2,T9_GP2
936,"[492318,492319)","[769346,769376)",149,T9_GP2
937,"[492319,492320)","[769405,769460)",149,T9_GP2
938,"[492320,492321)","[769590,769616)",24,T9_GP2
939,"[492321,492322)","[769714,769722)",207,T9_GP2
940,"[492322,492323)","[769902,769927)",150,T9_GP2
941,"[492323,492324)","[769947,770006)",150,T9_GP2
942,"[492324,492325)","[771878,771898)",2,T9_GP2
943,"[492325,492326)","[772497,772530)",2,T9_GP2
944,"[492326,492327)","[772553,772809)",208,T9_GP2
945,"[492327,492328)","[773428,773454)",2,T9_GP2
946,"[492328,492329)","[780410,780427)",195,T9_GP2
947,"[492329,492330)","[780461,780535)",132,T9_GP2
948,"[492330,492331)","[780588,780600)",132,T9_GP2
949,"[492331,492332)","[780692,780701)",132,T9_GP2
950,"[492332,492333)","[781057,781110)",209,T9_GP2
951,"[492333,492334)","[781356,781394)",132,T9_GP2
952,"[492334,492335)","[781394,781456)",210,T9_GP2
953,"[492335,492336)","[781561,781608)",211,T9_GP2
954,"[492336,492337)","[781850,781864)",212,T9_GP2
955,"[492337,492338)","[783081,783140)",137,T9_GP2
956,"[492338,492339)","[793237,793261)",2,T9_GP2
957,"[492339,492340)","[797015,797058)",213,T9_GP2
958,"[492340,492341)","[798850,798998)",214,T9_GP2
959,"[492341,492342)","[799022,799052)",172,T9_GP2
960,"[492342,492343)","[801468,801500)",2,T9_GP2
961,"[492343,492344)","[810611,810687)",215,T9_GP2
962,"[492344,492345)","[813661,813686)",154,T9_GP2
963,"[492345,492346)","[813725,813782)",2,T9_GP2
964,"[492346,492347)","[815168,815182)",2,T9_GP2
965,"[492347,492348)","[815957,815981)",216,T9_GP2
966,"[492348,492349)","[816632,816664)",217,T9_GP2
967,"[492349,492350)","[817007,817050)",183,T9_GP2
968,"[492350,492351)","[817662,817692)",189,T9_GP2
969,"[492351,492352)","[818085,818130)",186,T9_GP2
970,"[492352,492353)","[818204,818223)",2,T9_GP2
971,"[492353,492354)","[818277,818321)",190,T9_GP2
972,"[492354,492355)","[819170,819197)",2,T9_GP2
973,"[492355,492356)","[820684,820728)",2,T9_GP2
974,"[492356,492357)","[821202,821304)",202,T9_GP2
975,"[492357,492358)","[823699,823751)",132,T9_GP2
976,"[492358,492359)","[825056,825123)",2,T9_GP2
977,"[492359,492360)","[825869,825897)",218,T9_GP2
978,"[492360,492361)","[826773,826864)",194,T9_GP2
979,"[492361,492362)","[827747,827761)",219,T9_GP2
980,"[492362,492363)","[827865,827898)",2,T9_GP2
981,"[492363,492364)","[828460,828476)",220,T9_GP2
982,"[492364,492365)","[828523,828547)",18,T9_GP2
983,"[492365,492366)","[830195,830247)",221,T9_GP2
984,"[492366,492367)","[830837,830854)",9,T9_GP2
985,"[492367,492368)","[831004,831025)",2,T9_GP2
986,"[492368,492369)","[831227,831269)",222,T9_GP2
987,"[492369,492370)","[831627,831679)",223,T9_GP2
988,"[492370,492371)","[831869,831899)",2,T9_GP2
989,"[492371,492372)","[832235,832279)",2,T9_GP2
990,"[507133,507134)","[832519,832551)",101,Interviewer
991,"[507134,507135)","[832870,832923)",101,Interviewer
992,"[507135,507136)","[832922,832990)",224,Interviewer
993,"[507136,507137)","[833238,833263)",101,Interviewer
994,"[507137,507138)","[833778,833830)",225,Interviewer
995,"[507138,507139)","[834056,834121)",226,Interviewer
996,"[507139,507140)","[834656,834680)",227,Interviewer
997,"[507140,507141)","[835098,835156)",228,Interviewer
998,"[507141,507142)","[836392,836407)",229,Interviewer
999,"[507142,507143)","[837048,837059)",101,Interviewer
1000,"[507143,507144)","[837958,837984)",230,Interviewer
1001,"[507144,507145)","[838236,838334)",101,Interviewer
1002,"[507145,507146)","[838532,838553)",231,Interviewer
1003,"[507146,507147)","[838938,838947)",231,Interviewer
1004,"[507147,507148)","[841053,841068)",101,Interviewer
1005,"[507148,507149)","[841244,841263)",231,Interviewer
1006,"[507149,507150)","[841422,841428)",231,Interviewer
1007,"[507150,507151)","[841675,841687)",101,Interviewer
1008,"[507151,507152)","[841806,841818)",231,Interviewer
1009,"[507152,507153)","[841928,841935)",231,Interviewer
1010,"[507153,507154)","[842251,842287)",101,Interviewer
1011,"[507154,507155)","[842959,842973)",231,Interviewer
1012,"[507155,507156)","[843226,843243)",232,Interviewer
1013,"[507156,507157)","[843498,843512)",231,Interviewer
1014,"[507157,507158)","[844430,844440)",101,Interviewer
1015,"[507158,507159)","[844799,844819)",231,Interviewer
1016,"[507159,507160)","[844999,845037)",101,Interviewer
1017,"[507160,507161)","[846072,846091)",101,Interviewer
1018,"[507161,507162)","[846914,846937)",101,Interviewer
1019,"[507162,507163)","[847015,847027)",101,Interviewer
1020,"[507163,507164)","[847048,847073)",233,Interviewer
1021,"[507164,507165)","[847282,847327)",234,Interviewer
1022,"[507165,507166)","[848261,848273)",101,Interviewer
1023,"[507166,507167)","[849340,849365)",101,Interviewer
1024,"[507167,507168)","[849364,849399)",101,Interviewer
1025,"[507168,507169)","[849978,850002)",235,Interviewer
1026,"[507169,507170)","[850715,850736)",101,Interviewer
1027,"[507170,507171)","[850766,850793)",236,Interviewer
1028,"[507171,507172)","[851712,851725)",101,Interviewer
1029,"[507172,507173)","[851856,851865)",231,Interviewer
1030,"[507173,507174)","[852300,852314)",101,Interviewer
1031,"[507174,507175)","[853770,853784)",101,Interviewer
1032,"[507175,507176)","[854684,854697)",231,Interviewer
1033,"[507176,507177)","[854990,855003)",231,Interviewer
1034,"[507177,507178)","[855666,855678)",101,Interviewer
1035,"[507178,507179)","[857364,857396)",101,Interviewer
1036,"[507179,507180)","[858387,858415)",101,Interviewer
1037,"[507180,507181)","[858438,858475)",101,Interviewer
1038,"[507181,507182)","[858507,858547)",101,Interviewer
1039,"[507182,507183)","[860222,860250)",101,Interviewer
1040,"[507183,507184)","[860256,860274)",101,Interviewer
1041,"[507184,507185)","[861398,861424)",101,Interviewer
1042,"[507185,507186)","[861438,861458)",101,Interviewer
1043,"[507186,507187)","[861457,861484)",237,Interviewer
1044,"[507187,507188)","[861704,861747)",101,Interviewer
1045,"[507188,507189)","[862141,862172)",101,Interviewer
1046,"[507189,507190)","[862615,862632)",101,Interviewer
1047,"[507190,507191)","[862930,862978)",101,Interviewer
1048,"[507191,507192)","[863583,863605)",101,Interviewer
1049,"[507192,507193)","[865021,865044)",101,Interviewer
1050,"[507193,507194)","[865608,865639)",238,Interviewer
1051,"[507194,507195)","[865707,865752)",101,Interviewer
1052,"[507195,507196)","[866234,866247)",101,Interviewer
1053,"[507196,507197)","[866424,866453)",101,Interviewer
1054,"[507197,507198)","[866526,866536)",101,Interviewer
1055,"[507198,507199)","[868607,868630)",239,Interviewer
1056,"[507199,507200)","[869627,869664)",240,Interviewer
1057,"[507200,507201)","[870107,870139)",241,Interviewer
1058,"[507201,507202)","[872202,872243)",242,Interviewer
1059,"[507202,507203)","[872389,872429)",243,Interviewer
1060,"[507203,507204)","[872905,872934)",101,Interviewer
1061,"[507204,507205)","[875110,875148)",101,Interviewer
1062,"[507205,507206)","[877226,877255)",101,Interviewer
1063,"[507206,507207)","[879291,879316)",233,Interviewer
1064,"[507207,507208)","[883966,884008)",244,Interviewer
1065,"[507208,507209)","[884275,884304)",101,Interviewer
1066,"[507209,507210)","[889686,889740)",245,Interviewer
1067,"[507210,507211)","[891770,891800)",246,Interviewer
1068,"[507211,507212)","[892435,892462)",101,Interviewer
1069,"[507212,507213)","[897244,897256)",101,Interviewer
1070,"[524808,524809)","[832609,832637)",247,T10_GP1
1071,"[524809,524810)","[832636,832703)",110,T10_GP1
1072,"[524810,524811)","[833118,833141)",101,T10_GP1
1073,"[524811,524812)","[833704,833742)",248,T10_GP1
1074,"[524812,524813)","[833778,833830)",225,T10_GP1
1075,"[524813,524814)","[834568,834601)",231,T10_GP1
1076,"[524814,524815)","[835037,835055)",231,T10_GP1
1077,"[524815,524816)","[835098,835156)",228,T10_GP1
1078,"[524816,524817)","[835450,835493)",249,T10_GP1
1079,"[524817,524818)","[835522,835566)",249,T10_GP1
1080,"[524818,524819)","[835734,835758)",231,T10_GP1
1081,"[524819,524820)","[836267,836297)",231,T10_GP1
1082,"[524820,524821)","[837432,837452)",250,T10_GP1
1083,"[524821,524822)","[838257,838334)",101,T10_GP1
1084,"[524822,524823)","[838826,838841)",231,T10_GP1
1085,"[524823,524824)","[839206,839222)",231,T10_GP1
1086,"[524824,524825)","[839339,839352)",231,T10_GP1
1087,"[524825,524826)","[839975,839991)",231,T10_GP1
1088,"[524826,524827)","[840717,840734)",233,T10_GP1
1089,"[524827,524828)","[841498,841513)",101,T10_GP1
1090,"[524828,524829)","[842395,842419)",231,T10_GP1
1091,"[524829,524830)","[842630,842635)",110,T10_GP1
1092,"[524830,524831)","[843377,843390)",250,T10_GP1
1093,"[524831,524832)","[844439,844458)",233,T10_GP1
1094,"[524832,524833)","[845745,845763)",231,T10_GP1
1095,"[524833,524834)","[846090,846122)",251,T10_GP1
1096,"[524834,524835)","[846165,846174)",104,T10_GP1
1097,"[524835,524836)","[846667,846708)",252,T10_GP1
1098,"[524836,524837)","[846895,846915)",253,T10_GP1
1099,"[524837,524838)","[848675,848681)",231,T10_GP1
1100,"[524838,524839)","[849364,849399)",101,T10_GP1
1101,"[524839,524840)","[850635,850653)",101,T10_GP1
1102,"[524840,524841)","[852190,852213)",254,T10_GP1
1103,"[524841,524842)","[853512,853534)",101,T10_GP1
1104,"[524842,524843)","[854042,854049)",101,T10_GP1
1105,"[524843,524844)","[854090,854103)",231,T10_GP1
1106,"[524844,524845)","[855055,855068)",231,T10_GP1
1107,"[524845,524846)","[855087,855100)",231,T10_GP1
1108,"[524846,524847)","[855666,855678)",101,T10_GP1
1109,"[524847,524848)","[856926,856968)",255,T10_GP1
1110,"[524848,524849)","[859698,859719)",101,T10_GP1
1111,"[524849,524850)","[860041,860052)",250,T10_GP1
1112,"[524850,524851)","[861023,861058)",256,T10_GP1
1113,"[524851,524852)","[861403,861424)",101,T10_GP1
1114,"[524852,524853)","[861457,861484)",101,T10_GP1
1115,"[524853,524854)","[861610,861633)",104,T10_GP1
1116,"[524854,524855)","[863604,863624)",101,T10_GP1
1117,"[524855,524856)","[865481,865504)",257,T10_GP1
1118,"[524856,524857)","[865525,865559)",258,T10_GP1
1119,"[524857,524858)","[865707,865752)",101,T10_GP1
1120,"[524858,524859)","[865846,865863)",250,T10_GP1
1121,"[524859,524860)","[866022,866037)",231,T10_GP1
1122,"[524860,524861)","[866424,866453)",101,T10_GP1
1123,"[524861,524862)","[868303,868328)",259,T10_GP1
1124,"[524862,524863)","[869676,869698)",101,T10_GP1
1125,"[524863,524864)","[870072,870102)",241,T10_GP1
1126,"[524864,524865)","[870273,870288)",260,T10_GP1
1127,"[524865,524866)","[872513,872533)",261,T10_GP1
1128,"[524866,524867)","[873653,873687)",262,T10_GP1
1129,"[524867,524868)","[873955,873990)",263,T10_GP1
1130,"[524868,524869)","[874649,874685)",264,T10_GP1
1131,"[524869,524870)","[874803,874814)",265,T10_GP1
1132,"[524870,524871)","[877154,877202)",102,T10_GP1
1133,"[524871,524872)","[880801,880823)",266,T10_GP1
1134,"[524872,524873)","[881531,881572)",267,T10_GP1
1135,"[524873,524874)","[881956,881971)",268,T10_GP1
1136,"[524874,524875)","[882493,882514)",110,T10_GP1
1137,"[524875,524876)","[888533,888544)",269,T10_GP1
1138,"[524876,524877)","[888829,888855)",270,T10_GP1
1139,"[524877,524878)","[889686,889740)",245,T10_GP1
1140,"[524878,524879)","[892714,892761)",271,T10_GP1
1141,"[524879,524880)","[893711,893721)",250,T10_GP1
1142,"[524880,524881)","[894486,894534)",272,T10_GP1
1143,"[532697,532698)","[848826,848838)",273,T10_GP2
1144,"[532698,532699)","[849699,849725)",274,T10_GP2
1145,"[532699,532700)","[851316,851328)",250,T10_GP2
1146,"[532700,532701)","[852907,852944)",275,T10_GP2
1147,"[532701,532702)","[853104,853121)",275,T10_GP2
1148,"[532702,532703)","[855677,855692)",231,T10_GP2
1149,"[532703,532704)","[856051,856075)",250,T10_GP2
1150,"[532704,532705)","[858507,858547)",101,T10_GP2
1151,"[532705,532706)","[860439,860452)",250,T10_GP2
1152,"[532706,532707)","[865707,865752)",101,T10_GP2
1153,"[532707,532708)","[866262,866284)",101,T10_GP2
1154,"[532708,532709)","[869027,869061)",276,T10_GP2
1155,"[532709,532710)","[872781,872822)",277,T10_GP2
1156,"[532710,532711)","[872905,872934)",101,T10_GP2
1157,"[532711,532712)","[873570,873596)",278,T10_GP2
1158,"[532712,532713)","[875110,875148)",101,T10_GP2
1159,"[532713,532714)","[877022,877094)",249,T10_GP2
1160,"[532714,532715)","[879040,879064)",250,T10_GP2
1161,"[532715,532716)","[883081,883111)",250,T10_GP2
1162,"[532716,532717)","[884275,884304)",101,T10_GP2
1163,"[532717,532718)","[889329,889368)",279,T10_GP2
1164,"[532718,532719)","[892099,892135)",280,T10_GP2
1165,"[532719,532720)","[892478,892509)",281,T10_GP2
1166,"[532720,532721)","[898552,898580)",282,T10_GP2
1167,"[532721,532722)","[898753,898764)",231,T10_GP2
1168,"[554878,554879)","[901723,901743)",283,T11_GP1
1169,"[554879,554880)","[902228,902233)",284,T11_GP1
1170,"[554880,554881)","[902241,902245)",1,T11_GP1
1171,"[554881,554882)","[902500,902526)",285,T11_GP1
1172,"[554882,554883)","[902606,902626)",1,T11_GP1
1173,"[554883,554884)","[902744,902764)",1,T11_GP1
1174,"[554884,554885)","[902833,902839)",286,T11_GP1
1175,"[554885,554886)","[903663,903682)",16,T11_GP1
1176,"[554886,554887)","[903741,903751)",287,T11_GP1
1177,"[554887,554888)","[903786,903809)",1,T11_GP1
1178,"[554888,554889)","[903995,904006)",288,T11_GP1
1179,"[554889,554890)","[904184,904201)",286,T11_GP1
1180,"[554890,554891)","[904250,904261)",289,T11_GP1
1181,"[554891,554892)","[904480,904497)",1,T11_GP1
1182,"[554892,554893)","[904728,904733)",283,T11_GP1
1183,"[554893,554894)","[904778,904803)",283,T11_GP1
1184,"[554894,554895)","[904939,904951)",16,T11_GP1
1185,"[554895,554896)","[906085,906115)",1,T11_GP1
1186,"[554896,554897)","[906129,906141)",288,T11_GP1
1187,"[554897,554898)","[906989,907008)",16,T11_GP1
1188,"[554898,554899)","[907894,907909)",1,T11_GP1
1189,"[554899,554900)","[908523,908544)",1,T11_GP1
1190,"[554900,554901)","[908646,908657)",1,T11_GP1
1191,"[554901,554902)","[908676,908695)",1,T11_GP1
1192,"[554902,554903)","[908725,908748)",1,T11_GP1
1193,"[554903,554904)","[909125,909144)",1,T11_GP1
1194,"[554904,554905)","[909489,909501)",115,T11_GP1
1195,"[554905,554906)","[911151,911170)",290,T11_GP1
1196,"[554906,554907)","[912151,912180)",1,T11_GP1
1197,"[554907,554908)","[912196,912255)",1,T11_GP1
1198,"[554908,554909)","[912422,912436)",291,T11_GP1
1199,"[554909,554910)","[912553,912629)",1,T11_GP1
1200,"[554910,554911)","[912844,912878)",292,T11_GP1
1201,"[554911,554912)","[913038,913046)",283,T11_GP1
1202,"[554912,554913)","[913190,913218)",283,T11_GP1
1203,"[554913,554914)","[913271,913335)",1,T11_GP1
1204,"[554914,554915)","[914287,914309)",283,T11_GP1
1205,"[554915,554916)","[914915,914943)",1,T11_GP1
1206,"[554916,554917)","[915032,915050)",293,T11_GP1
1207,"[554917,554918)","[915247,915261)",1,T11_GP1
1208,"[554918,554919)","[915276,915291)",294,T11_GP1
1209,"[554919,554920)","[916184,916200)",283,T11_GP1
1210,"[554920,554921)","[916681,916707)",1,T11_GP1
1211,"[554921,554922)","[916737,916767)",1,T11_GP1
1212,"[554922,554923)","[918652,918669)",1,T11_GP1
1213,"[554923,554924)","[918672,918685)",290,T11_GP1
1214,"[554924,554925)","[919884,919908)",283,T11_GP1
1215,"[554925,554926)","[919974,919981)",283,T11_GP1
1216,"[554926,554927)","[920352,920373)",207,T11_GP1
1217,"[554927,554928)","[920385,920392)",283,T11_GP1
1218,"[554928,554929)","[921563,921575)",283,T11_GP1
1219,"[554929,554930)","[923323,923333)",290,T11_GP1
1220,"[554930,554931)","[923410,923416)",207,T11_GP1
1221,"[554931,554932)","[924097,924101)",283,T11_GP1
1222,"[554932,554933)","[924229,924234)",26,T11_GP1
1223,"[554933,554934)","[924282,924288)",26,T11_GP1
1224,"[554934,554935)","[924551,924566)",1,T11_GP1
1225,"[554935,554936)","[924636,924645)",1,T11_GP1
1226,"[554936,554937)","[924644,924658)",290,T11_GP1
1227,"[554937,554938)","[927593,927597)",283,T11_GP1
1228,"[554938,554939)","[928048,928054)",283,T11_GP1
1229,"[554939,554940)","[928056,928064)",283,T11_GP1
1230,"[554940,554941)","[928231,928236)",283,T11_GP1
1231,"[554941,554942)","[928638,928652)",283,T11_GP1
1232,"[554942,554943)","[929521,929527)",295,T11_GP1
1233,"[554943,554944)","[929689,929701)",296,T11_GP1
1234,"[554944,554945)","[929859,929869)",290,T11_GP1
1235,"[554945,554946)","[931185,931194)",297,T11_GP1
1236,"[554946,554947)","[931238,931246)",296,T11_GP1
1237,"[554947,554948)","[931521,931543)",290,T11_GP1
1238,"[554948,554949)","[933486,933489)",16,T11_GP1
1239,"[554949,554950)","[933524,933532)",16,T11_GP1
1240,"[554950,554951)","[934305,934328)",16,T11_GP1
1241,"[554951,554952)","[935498,935511)",298,T11_GP1
1242,"[554952,554953)","[937272,937284)",299,T11_GP1
1243,"[554953,554954)","[937821,937831)",296,T11_GP1
1244,"[554954,554955)","[938204,938213)",115,T11_GP1
1245,"[554955,554956)","[940230,940249)",300,T11_GP1
1246,"[554956,554957)","[941100,941139)",301,T11_GP1
1247,"[554957,554958)","[941321,941343)",290,T11_GP1
1248,"[554958,554959)","[941920,941930)",115,T11_GP1
1249,"[554959,554960)","[943056,943073)",115,T11_GP1
1250,"[554960,554961)","[943317,943326)",115,T11_GP1
1251,"[554961,554962)","[944052,944060)",290,T11_GP1
1252,"[554962,554963)","[946148,946163)",283,T11_GP1
1253,"[554963,554964)","[947224,947236)",115,T11_GP1
1254,"[554964,554965)","[947375,947388)",1,T11_GP1
1255,"[554965,554966)","[947896,947905)",302,T11_GP1
1256,"[554966,554967)","[949485,949510)",1,T11_GP1
1257,"[554967,554968)","[949804,949815)",1,T11_GP1
1258,"[554968,554969)","[949816,949825)",290,T11_GP1
1259,"[554969,554970)","[950810,950825)",115,T11_GP1
1260,"[554970,554971)","[951662,951674)",1,T11_GP1
1261,"[554971,554972)","[952847,952864)",1,T11_GP1
1262,"[554972,554973)","[952983,952992)",283,T11_GP1
1263,"[554973,554974)","[953115,953123)",1,T11_GP1
1264,"[554974,554975)","[953295,953305)",1,T11_GP1
1265,"[554975,554976)","[953358,953365)",115,T11_GP1
1266,"[554976,554977)","[953410,953419)",115,T11_GP1
1267,"[554977,554978)","[953732,953749)",1,T11_GP1
1268,"[554978,554979)","[953762,953783)",115,T11_GP1
1269,"[554979,554980)","[953867,953876)",303,T11_GP1
1270,"[554980,554981)","[953986,954003)",115,T11_GP1
1271,"[554981,554982)","[954176,954188)",115,T11_GP1
1272,"[554982,554983)","[954633,954650)",303,T11_GP1
1273,"[554983,554984)","[954680,954719)",1,T11_GP1
1274,"[554984,554985)","[954793,954849)",290,T11_GP1
1275,"[554985,554986)","[954984,955011)",16,T11_GP1
1276,"[554986,554987)","[955234,955250)",290,T11_GP1
1277,"[554987,554988)","[955408,955422)",304,T11_GP1
1278,"[554988,554989)","[955499,955518)",1,T11_GP1
1279,"[554989,554990)","[955539,955571)",305,T11_GP1
1280,"[554990,554991)","[955598,955616)",306,T11_GP1
1281,"[554991,554992)","[955773,955784)",115,T11_GP1
1282,"[554992,554993)","[956305,956315)",1,T11_GP1
1283,"[554993,554994)","[956316,956331)",290,T11_GP1
1284,"[554994,554995)","[956408,956423)",115,T11_GP1
1285,"[554995,554996)","[956479,956494)",1,T11_GP1
1286,"[554996,554997)","[956705,956719)",307,T11_GP1
1287,"[554997,554998)","[956944,956956)",1,T11_GP1
1288,"[554998,554999)","[957046,957058)",207,T11_GP1
1289,"[554999,555000)","[957143,957151)",290,T11_GP1
1290,"[555000,555001)","[957445,957467)",290,T11_GP1
1291,"[555001,555002)","[957562,957580)",1,T11_GP1
1292,"[555002,555003)","[957580,957594)",1,T11_GP1
1293,"[555003,555004)","[957609,957656)",1,T11_GP1
1294,"[555004,555005)","[957655,957680)",1,T11_GP1
1295,"[555005,555006)","[957679,957706)",308,T11_GP1
1296,"[555006,555007)","[957763,957780)",115,T11_GP1
1297,"[555007,555008)","[957891,957924)",115,T11_GP1
1298,"[555008,555009)","[958329,958365)",309,T11_GP1
1299,"[555009,555010)","[958444,958477)",310,T11_GP1
1300,"[555010,555011)","[958538,958551)",290,T11_GP1
1301,"[555011,555012)","[958805,958812)",298,T11_GP1
1302,"[555012,555013)","[958837,958850)",283,T11_GP1
1303,"[555013,555014)","[958916,958947)",1,T11_GP1
1304,"[555014,555015)","[959056,959066)",290,T11_GP1
1305,"[555015,555016)","[959195,959207)",1,T11_GP1
1306,"[555016,555017)","[960727,960749)",1,T11_GP1
1307,"[555017,555018)","[960817,960848)",1,T11_GP1
1308,"[555018,555019)","[961118,961149)",1,T11_GP1
1309,"[555019,555020)","[961310,961329)",16,T11_GP1
1310,"[555020,555021)","[961367,961403)",1,T11_GP1
1311,"[555021,555022)","[961431,961437)",290,T11_GP1
1312,"[555022,555023)","[961464,961482)",1,T11_GP1
1313,"[555023,555024)","[961629,961659)",1,T11_GP1
1314,"[555024,555025)","[961663,961672)",115,T11_GP1
1315,"[555025,555026)","[962141,962146)",290,T11_GP1
1316,"[555026,555027)","[962191,962206)",1,T11_GP1
1317,"[555027,555028)","[962216,962236)",311,T11_GP1
1318,"[555028,555029)","[962347,962356)",311,T11_GP1
1319,"[555029,555030)","[962365,962378)",283,T11_GP1
1320,"[555030,555031)","[963379,963396)",312,T11_GP1
1321,"[555031,555032)","[963821,963836)",115,T11_GP1
1322,"[555032,555033)","[964745,964754)",26,T11_GP1
1323,"[555033,555034)","[965228,965244)",1,T11_GP1
1324,"[555034,555035)","[966657,966675)",298,T11_GP1
1325,"[555035,555036)","[966739,966756)",1,T11_GP1
1326,"[555036,555037)","[968546,968555)",290,T11_GP1
1327,"[555037,555038)","[968849,968874)",283,T11_GP1
1328,"[555038,555039)","[969210,969223)",1,T11_GP1
1329,"[555039,555040)","[969406,969426)",1,T11_GP1
1330,"[555040,555041)","[969591,969627)",1,T11_GP1
1331,"[555041,555042)","[969779,969831)",313,T11_GP1
1332,"[555042,555043)","[970151,970174)",1,T11_GP1
1333,"[555043,555044)","[970387,970396)",1,T11_GP1
1334,"[555044,555045)","[970413,970431)",1,T11_GP1
1335,"[555045,555046)","[970738,970763)",115,T11_GP1
1336,"[555046,555047)","[970766,970778)",115,T11_GP1
1337,"[555047,555048)","[970849,970860)",290,T11_GP1
1338,"[555048,555049)","[971421,971434)",1,T11_GP1
1339,"[555049,555050)","[971912,971927)",1,T11_GP1
1340,"[555050,555051)","[971931,971944)",290,T11_GP1
1341,"[555051,555052)","[972112,972118)",115,T11_GP1
1342,"[555052,555053)","[972175,972185)",290,T11_GP1
1343,"[555053,555054)","[972302,972322)",26,T11_GP1
1344,"[555054,555055)","[972366,972387)",16,T11_GP1
1345,"[555055,555056)","[972450,972467)",115,T11_GP1
1346,"[555056,555057)","[972572,972583)",314,T11_GP1
1347,"[555057,555058)","[973491,973512)",1,T11_GP1
1348,"[555058,555059)","[973544,973586)",26,T11_GP1
1349,"[555059,555060)","[973807,973817)",290,T11_GP1
1350,"[555060,555061)","[974219,974225)",283,T11_GP1
1351,"[555061,555062)","[975152,975159)",283,T11_GP1
1352,"[555062,555063)","[975358,975367)",290,T11_GP1
1353,"[555063,555064)","[975428,975436)",290,T11_GP1
1354,"[555064,555065)","[975931,975952)",283,T11_GP1
1355,"[555065,555066)","[976435,976450)",315,T11_GP1
1356,"[555066,555067)","[976485,976502)",316,T11_GP1
1357,"[555067,555068)","[976795,976836)",1,T11_GP1
1358,"[555068,555069)","[976999,977022)",16,T11_GP1
1359,"[555069,555070)","[977239,977265)",1,T11_GP1
1360,"[555070,555071)","[977283,977300)",1,T11_GP1
1361,"[555071,555072)","[977471,977486)",1,T11_GP1
1362,"[555072,555073)","[977866,977877)",283,T11_GP1
1363,"[555073,555074)","[978848,978857)",16,T11_GP1
1364,"[555074,555075)","[978888,978898)",300,T11_GP1
1365,"[555075,555076)","[979493,979501)",283,T11_GP1
1366,"[555076,555077)","[979580,979594)",1,T11_GP1
1367,"[555077,555078)","[980626,980637)",16,T11_GP1
1368,"[555078,555079)","[980693,980704)",1,T11_GP1
1369,"[555079,555080)","[980747,980759)",207,T11_GP1
1370,"[555080,555081)","[981152,981173)",1,T11_GP1
1371,"[555081,555082)","[981396,981410)",1,T11_GP1
1372,"[555082,555083)","[981447,981456)",317,T11_GP1
1373,"[555083,555084)","[981770,981787)",300,T11_GP1
1374,"[555084,555085)","[981874,981888)",1,T11_GP1
1375,"[555085,555086)","[982011,982020)",283,T11_GP1
1376,"[555086,555087)","[982064,982080)",1,T11_GP1
1377,"[555087,555088)","[982266,982282)",283,T11_GP1
1378,"[555088,555089)","[982579,982592)",290,T11_GP1
1379,"[555089,555090)","[982658,982679)",1,T11_GP1
1380,"[555090,555091)","[982824,982833)",283,T11_GP1
1381,"[555091,555092)","[982911,982924)",290,T11_GP1
1382,"[555092,555093)","[983484,983493)",1,T11_GP1
1383,"[555093,555094)","[984050,984071)",283,T11_GP1
1384,"[555094,555095)","[984192,984202)",16,T11_GP1
1385,"[555095,555096)","[984532,984544)",283,T11_GP1
1386,"[555096,555097)","[984588,984606)",318,T11_GP1
1387,"[555097,555098)","[984659,984689)",1,T11_GP1
1388,"[555098,555099)","[984726,984742)",1,T11_GP1
1389,"[555099,555100)","[984961,984980)",1,T11_GP1
1390,"[555100,555101)","[985071,985080)",16,T11_GP1
1391,"[555101,555102)","[985303,985312)",16,T11_GP1
1392,"[555102,555103)","[985684,985694)",319,T11_GP1
1393,"[555103,555104)","[986054,986066)",320,T11_GP1
1394,"[555104,555105)","[987254,987270)",1,T11_GP1
1395,"[555105,555106)","[987842,987884)",321,T11_GP1
1396,"[555106,555107)","[991671,991678)",283,T11_GP1
1397,"[555107,555108)","[993950,993957)",1,T11_GP1
1398,"[555108,555109)","[996663,996672)",290,T11_GP1
1399,"[555109,555110)","[998113,998125)",290,T11_GP1
1400,"[555110,555111)","[999722,999736)",1,T11_GP1
1401,"[555111,555112)","[1000540,1000546)",115,T11_GP1
1402,"[576784,576785)","[902186,902189)",1,T11_GP2
1403,"[576785,576786)","[902702,902713)",1,T11_GP2
1404,"[576786,576787)","[902786,902820)",1,T11_GP2
1405,"[576787,576788)","[903784,903812)",1,T11_GP2
1406,"[576788,576789)","[904161,904183)",283,T11_GP2
1407,"[576789,576790)","[904227,904245)",1,T11_GP2
1408,"[576790,576791)","[904317,904332)",1,T11_GP2
1409,"[576791,576792)","[904377,904391)",1,T11_GP2
1410,"[576792,576793)","[904435,904445)",1,T11_GP2
1411,"[576793,576794)","[904659,904673)",1,T11_GP2
1412,"[576794,576795)","[905016,905032)",309,T11_GP2
1413,"[576795,576796)","[905097,905111)",1,T11_GP2
1414,"[576796,576797)","[905661,905671)",286,T11_GP2
1415,"[576797,576798)","[905997,906008)",1,T11_GP2
1416,"[576798,576799)","[907629,907641)",1,T11_GP2
1417,"[576799,576800)","[908513,908539)",1,T11_GP2
1418,"[576800,576801)","[909125,909144)",1,T11_GP2
1419,"[576801,576802)","[909578,909596)",1,T11_GP2
1420,"[576802,576803)","[910311,910321)",322,T11_GP2
1421,"[576803,576804)","[910965,910978)",16,T11_GP2
1422,"[576804,576805)","[911058,911097)",1,T11_GP2
1423,"[576805,576806)","[911132,911143)",1,T11_GP2
1424,"[576806,576807)","[911417,911439)",290,T11_GP2
1425,"[576807,576808)","[911697,911715)",1,T11_GP2
1426,"[576808,576809)","[912106,912115)",290,T11_GP2
1427,"[576809,576810)","[912255,912287)",1,T11_GP2
1428,"[576810,576811)","[912665,912694)",1,T11_GP2
1429,"[576811,576812)","[912757,912765)",290,T11_GP2
1430,"[576812,576813)","[912893,912920)",1,T11_GP2
1431,"[576813,576814)","[913271,913335)",1,T11_GP2
1432,"[576814,576815)","[913380,913392)",290,T11_GP2
1433,"[576815,576816)","[913799,913813)",18,T11_GP2
1434,"[576816,576817)","[913981,913985)",16,T11_GP2
1435,"[576817,576818)","[914053,914068)",1,T11_GP2
1436,"[576818,576819)","[914728,914741)",290,T11_GP2
1437,"[576819,576820)","[915940,915954)",1,T11_GP2
1438,"[576820,576821)","[915977,916003)",283,T11_GP2
1439,"[576821,576822)","[916140,916150)",290,T11_GP2
1440,"[576822,576823)","[916566,916576)",115,T11_GP2
1441,"[576823,576824)","[916814,916835)",1,T11_GP2
1442,"[576824,576825)","[917038,917044)",290,T11_GP2
1443,"[576825,576826)","[917470,917490)",16,T11_GP2
1444,"[576826,576827)","[918041,918049)",283,T11_GP2
1445,"[576827,576828)","[919219,919229)",16,T11_GP2
1446,"[576828,576829)","[919625,919650)",1,T11_GP2
1447,"[576829,576830)","[920915,920922)",1,T11_GP2
1448,"[576830,576831)","[920943,920987)",1,T11_GP2
1449,"[576831,576832)","[921915,921936)",1,T11_GP2
1450,"[576832,576833)","[922718,922726)",298,T11_GP2
1451,"[576833,576834)","[924332,924344)",26,T11_GP2
1452,"[576834,576835)","[924496,924509)",1,T11_GP2
1453,"[576835,576836)","[924542,924590)",1,T11_GP2
1454,"[576836,576837)","[929329,929351)",1,T11_GP2
1455,"[576837,576838)","[930394,930401)",283,T11_GP2
1456,"[576838,576839)","[930483,930487)",283,T11_GP2
1457,"[576839,576840)","[930609,930619)",283,T11_GP2
1458,"[576840,576841)","[930720,930727)",283,T11_GP2
1459,"[576841,576842)","[931196,931200)",283,T11_GP2
1460,"[576842,576843)","[931265,931284)",1,T11_GP2
1461,"[576843,576844)","[931336,931352)",296,T11_GP2
1462,"[576844,576845)","[931821,931837)",1,T11_GP2
1463,"[576845,576846)","[932978,933007)",296,T11_GP2
1464,"[576846,576847)","[933319,933326)",290,T11_GP2
1465,"[576847,576848)","[935485,935499)",283,T11_GP2
1466,"[576848,576849)","[937765,937773)",115,T11_GP2
1467,"[576849,576850)","[939433,939450)",115,T11_GP2
1468,"[576850,576851)","[939593,939615)",290,T11_GP2
1469,"[576851,576852)","[939615,939633)",1,T11_GP2
1470,"[576852,576853)","[940650,940663)",323,T11_GP2
1471,"[576853,576854)","[940901,940909)",283,T11_GP2
1472,"[576854,576855)","[941583,941622)",324,T11_GP2
1473,"[576855,576856)","[942081,942096)",115,T11_GP2
1474,"[576856,576857)","[942437,942446)",16,T11_GP2
1475,"[576857,576858)","[943091,943108)",115,T11_GP2
1476,"[576858,576859)","[943163,943176)",16,T11_GP2
1477,"[576859,576860)","[943983,943992)",16,T11_GP2
1478,"[576860,576861)","[944072,944080)",115,T11_GP2
1479,"[576861,576862)","[944140,944148)",115,T11_GP2
1480,"[576862,576863)","[944195,944216)",115,T11_GP2
1481,"[576863,576864)","[944350,944362)",283,T11_GP2
1482,"[576864,576865)","[944418,944427)",283,T11_GP2
1483,"[576865,576866)","[944841,944853)",115,T11_GP2
1484,"[576866,576867)","[945161,945169)",283,T11_GP2
1485,"[576867,576868)","[945233,945243)",115,T11_GP2
1486,"[576868,576869)","[946549,946559)",115,T11_GP2
1487,"[576869,576870)","[946966,946978)",16,T11_GP2
1488,"[576870,576871)","[947864,947879)",115,T11_GP2
1489,"[576871,576872)","[947916,947949)",1,T11_GP2
1490,"[576872,576873)","[947960,947970)",115,T11_GP2
1491,"[576873,576874)","[948989,949008)",1,T11_GP2
1492,"[576874,576875)","[949149,949158)",303,T11_GP2
1493,"[576875,576876)","[949385,949400)",1,T11_GP2
1494,"[576876,576877)","[949485,949510)",1,T11_GP2
1495,"[576877,576878)","[949583,949593)",303,T11_GP2
1496,"[576878,576879)","[950810,950825)",115,T11_GP2
1497,"[576879,576880)","[951471,951495)",1,T11_GP2
1498,"[576880,576881)","[951662,951674)",1,T11_GP2
1499,"[576881,576882)","[951927,951933)",1,T11_GP2
1500,"[576882,576883)","[952116,952129)",283,T11_GP2
1501,"[576883,576884)","[952296,952305)",283,T11_GP2
1502,"[576884,576885)","[952360,952373)",290,T11_GP2
1503,"[576885,576886)","[952392,952402)",115,T11_GP2
1504,"[576886,576887)","[952847,952864)",1,T11_GP2
1505,"[576887,576888)","[953393,953410)",1,T11_GP2
1506,"[576888,576889)","[953654,953670)",1,T11_GP2
1507,"[576889,576890)","[954427,954443)",1,T11_GP2
1508,"[576890,576891)","[954748,954763)",16,T11_GP2
1509,"[576891,576892)","[955423,955437)",115,T11_GP2
1510,"[576892,576893)","[955977,955989)",290,T11_GP2
1511,"[576893,576894)","[955991,956017)",325,T11_GP2
1512,"[576894,576895)","[956255,956271)",1,T11_GP2
1513,"[576895,576896)","[956847,956859)",16,T11_GP2
1514,"[576896,576897)","[957064,957072)",326,T11_GP2
1515,"[576897,576898)","[957753,957763)",1,T11_GP2
1516,"[576898,576899)","[959261,959277)",1,T11_GP2
1517,"[576899,576900)","[959280,959287)",290,T11_GP2
1518,"[576900,576901)","[959782,959809)",1,T11_GP2
1519,"[576901,576902)","[960749,960786)",327,T11_GP2
1520,"[576902,576903)","[961002,961008)",283,T11_GP2
1521,"[576903,576904)","[961128,961149)",1,T11_GP2
1522,"[576904,576905)","[961481,961489)",115,T11_GP2
1523,"[576905,576906)","[961488,961500)",1,T11_GP2
1524,"[576906,576907)","[962152,962164)",115,T11_GP2
1525,"[576907,576908)","[962690,962709)",16,T11_GP2
1526,"[576908,576909)","[963712,963719)",283,T11_GP2
1527,"[576909,576910)","[964056,964069)",283,T11_GP2
1528,"[576910,576911)","[964384,964395)",290,T11_GP2
1529,"[576911,576912)","[965209,965222)",115,T11_GP2
1530,"[576912,576913)","[965288,965296)",283,T11_GP2
1531,"[576913,576914)","[965393,965398)",283,T11_GP2
1532,"[576914,576915)","[965633,965638)",283,T11_GP2
1533,"[576915,576916)","[965882,965897)",290,T11_GP2
1534,"[576916,576917)","[966326,966332)",1,T11_GP2
1535,"[576917,576918)","[966359,966378)",115,T11_GP2
1536,"[576918,576919)","[966564,966575)",1,T11_GP2
1537,"[576919,576920)","[966813,966825)",115,T11_GP2
1538,"[576920,576921)","[966848,966868)",328,T11_GP2
1539,"[576921,576922)","[966898,966908)",115,T11_GP2
1540,"[576922,576923)","[967487,967497)",283,T11_GP2
1541,"[576923,576924)","[968112,968121)",115,T11_GP2
1542,"[576924,576925)","[968788,968807)",298,T11_GP2
1543,"[576925,576926)","[969292,969301)",115,T11_GP2
1544,"[576926,576927)","[970096,970103)",290,T11_GP2
1545,"[576927,576928)","[970213,970219)",290,T11_GP2
1546,"[576928,576929)","[970387,970396)",1,T11_GP2
1547,"[576929,576930)","[971690,971698)",283,T11_GP2
1548,"[576930,576931)","[971958,971973)",16,T11_GP2
1549,"[576931,576932)","[972236,972247)",290,T11_GP2
1550,"[576932,576933)","[972389,972403)",296,T11_GP2
1551,"[576933,576934)","[973141,973147)",26,T11_GP2
1552,"[576934,576935)","[973586,973594)",290,T11_GP2
1553,"[576935,576936)","[973655,973673)",283,T11_GP2
1554,"[576936,576937)","[974157,974169)",290,T11_GP2
1555,"[576937,576938)","[974318,974353)",329,T11_GP2
1556,"[576938,576939)","[974403,974444)",1,T11_GP2
1557,"[576939,576940)","[974443,974464)",283,T11_GP2
1558,"[576940,576941)","[974527,974536)",290,T11_GP2
1559,"[576941,576942)","[974564,974575)",283,T11_GP2
1560,"[576942,576943)","[974650,974671)",1,T11_GP2
1561,"[576943,576944)","[974951,974976)",1,T11_GP2
1562,"[576944,576945)","[975033,975046)",1,T11_GP2
1563,"[576945,576946)","[975460,975467)",290,T11_GP2
1564,"[576946,576947)","[975478,975490)",290,T11_GP2
1565,"[576947,576948)","[975541,975557)",1,T11_GP2
1566,"[576948,576949)","[975606,975633)",1,T11_GP2
1567,"[576949,576950)","[975687,975711)",309,T11_GP2
1568,"[576950,576951)","[975744,975760)",1,T11_GP2
1569,"[576951,576952)","[976502,976512)",1,T11_GP2
1570,"[576952,576953)","[976514,976540)",316,T11_GP2
1571,"[576953,576954)","[976676,976687)",330,T11_GP2
1572,"[576954,576955)","[976767,976794)",300,T11_GP2
1573,"[576955,576956)","[977153,977167)",16,T11_GP2
1574,"[576956,576957)","[977207,977218)",300,T11_GP2
1575,"[576957,576958)","[977264,977278)",1,T11_GP2
1576,"[576958,576959)","[977346,977359)",16,T11_GP2
1577,"[576959,576960)","[977497,977508)",16,T11_GP2
1578,"[576960,576961)","[977716,977731)",283,T11_GP2
1579,"[576961,576962)","[977790,977807)",16,T11_GP2
1580,"[576962,576963)","[978084,978096)",16,T11_GP2
1581,"[576963,576964)","[978395,978404)",16,T11_GP2
1582,"[576964,576965)","[978453,978468)",283,T11_GP2
1583,"[576965,576966)","[978775,978781)",16,T11_GP2
1584,"[576966,576967)","[979212,979223)",16,T11_GP2
1585,"[576967,576968)","[979347,979358)",16,T11_GP2
1586,"[576968,576969)","[979371,979382)",1,T11_GP2
1587,"[576969,576970)","[979399,979408)",16,T11_GP2
1588,"[576970,576971)","[979412,979444)",1,T11_GP2
1589,"[576971,576972)","[979448,979458)",1,T11_GP2
1590,"[576972,576973)","[979690,979703)",320,T11_GP2
1591,"[576973,576974)","[979757,979766)",16,T11_GP2
1592,"[576974,576975)","[979871,979895)",331,T11_GP2
1593,"[576975,576976)","[979908,979937)",332,T11_GP2
1594,"[576976,576977)","[980060,980073)",16,T11_GP2
1595,"[576977,576978)","[980184,980215)",333,T11_GP2
1596,"[576978,576979)","[980824,980836)",16,T11_GP2
1597,"[576979,576980)","[981152,981173)",1,T11_GP2
1598,"[576980,576981)","[981424,981434)",300,T11_GP2
1599,"[576981,576982)","[981663,981677)",16,T11_GP2
1600,"[576982,576983)","[981903,981916)",300,T11_GP2
1601,"[576983,576984)","[981969,981992)",290,T11_GP2
1602,"[576984,576985)","[982064,982080)",1,T11_GP2
1603,"[576985,576986)","[982084,982103)",1,T11_GP2
1604,"[576986,576987)","[982109,982117)",283,T11_GP2
1605,"[576987,576988)","[982292,982308)",1,T11_GP2
1606,"[576988,576989)","[982332,982372)",1,T11_GP2
1607,"[576989,576990)","[982415,982452)",1,T11_GP2
1608,"[576990,576991)","[982454,982461)",334,T11_GP2
1609,"[576991,576992)","[982489,982518)",1,T11_GP2
1610,"[576992,576993)","[982579,982592)",290,T11_GP2
1611,"[576993,576994)","[982658,982679)",320,T11_GP2
1612,"[576994,576995)","[984070,984087)",283,T11_GP2
1613,"[576995,576996)","[984961,984980)",283,T11_GP2
1614,"[576996,576997)","[987642,987657)",1,T11_GP2
1615,"[576997,576998)","[988039,988048)",16,T11_GP2
1616,"[576998,576999)","[988575,988587)",16,T11_GP2
1617,"[576999,577000)","[988608,988621)",283,T11_GP2
1618,"[577000,577001)","[988746,988755)",283,T11_GP2
1619,"[577001,577002)","[988839,988850)",283,T11_GP2
1620,"[577002,577003)","[988953,988964)",283,T11_GP2
1621,"[577003,577004)","[989435,989446)",16,T11_GP2
1622,"[577004,577005)","[989493,989504)",283,T11_GP2
1623,"[577005,577006)","[989721,989739)",1,T11_GP2
1624,"[577006,577007)","[990033,990049)",283,T11_GP2
1625,"[577007,577008)","[990823,990833)",283,T11_GP2
1626,"[577008,577009)","[990958,990981)",1,T11_GP2
1627,"[577009,577010)","[991012,991024)",283,T11_GP2
1628,"[577010,577011)","[991063,991078)",283,T11_GP2
1629,"[577011,577012)","[991219,991227)",283,T11_GP2
1630,"[577012,577013)","[991471,991480)",290,T11_GP2
1631,"[577013,577014)","[991735,991744)",1,T11_GP2
1632,"[577014,577015)","[991970,991983)",26,T11_GP2
1633,"[577015,577016)","[992293,992303)",1,T11_GP2
1634,"[577016,577017)","[992381,992391)",283,T11_GP2
1635,"[577017,577018)","[992681,992703)",283,T11_GP2
1636,"[577018,577019)","[993509,993521)",115,T11_GP2
1637,"[577019,577020)","[993610,993624)",283,T11_GP2
1638,"[577020,577021)","[993779,993786)",283,T11_GP2
1639,"[577021,577022)","[995384,995393)",16,T11_GP2
1640,"[577022,577023)","[995437,995444)",283,T11_GP2
1641,"[577023,577024)","[996147,996160)",283,T11_GP2
1642,"[577024,577025)","[997277,997289)",16,T11_GP2
1643,"[577025,577026)","[998147,998171)",1,T11_GP2
1644,"[577026,577027)","[998969,998977)",283,T11_GP2
1645,"[577027,577028)","[999190,999204)",283,T11_GP2
1646,"[577028,577029)","[999207,999219)",335,T11_GP2
1647,"[577029,577030)","[999291,999300)",283,T11_GP2
1648,"[577030,577031)","[999426,999438)",16,T11_GP2
1649,"[577031,577032)","[1000233,1000240)",290,T11_GP2
1650,"[577032,577033)","[1000419,1000436)",330,T11_GP2
1651,"[592275,592276)","[901646,901651)",283,Interviewer
1652,"[592276,592277)","[902285,902294)",283,Interviewer
1653,"[592277,592278)","[902943,902957)",290,Interviewer
1654,"[592278,592279)","[902990,902996)",283,Interviewer
1655,"[592279,592280)","[903040,903045)",283,Interviewer
1656,"[592280,592281)","[903093,903103)",283,Interviewer
1657,"[592281,592282)","[903275,903281)",283,Interviewer
1658,"[592282,592283)","[903373,903384)",283,Interviewer
1659,"[592283,592284)","[903529,903536)",283,Interviewer
1660,"[592284,592285)","[903688,903693)",1,Interviewer
1661,"[592285,592286)","[903733,903745)",290,Interviewer
1662,"[592286,592287)","[903850,903855)",26,Interviewer
1663,"[592287,592288)","[904339,904357)",26,Interviewer
1664,"[592288,592289)","[904497,904516)",1,Interviewer
1665,"[592289,592290)","[904766,904778)",16,Interviewer
1666,"[592290,592291)","[904919,904927)",26,Interviewer
1667,"[592291,592292)","[905032,905050)",1,Interviewer
1668,"[592292,592293)","[905816,905828)",26,Interviewer
1669,"[592293,592294)","[906409,906477)",1,Interviewer
1670,"[592294,592295)","[906802,906816)",16,Interviewer
1671,"[592295,592296)","[907447,907478)",336,Interviewer
1672,"[592296,592297)","[908222,908234)",337,Interviewer
1673,"[592297,592298)","[908553,908566)",290,Interviewer
1674,"[592298,592299)","[908587,908601)",338,Interviewer
1675,"[592299,592300)","[908731,908776)",339,Interviewer
1676,"[592300,592301)","[909166,909201)",340,Interviewer
1677,"[592301,592302)","[910084,910091)",16,Interviewer
1678,"[592302,592303)","[910580,910590)",16,Interviewer
1679,"[592303,592304)","[910598,910609)",16,Interviewer
1680,"[592304,592305)","[910743,910753)",16,Interviewer
1681,"[592305,592306)","[911781,911802)",16,Interviewer
1682,"[592306,592307)","[912213,912255)",1,Interviewer
1683,"[592307,592308)","[912426,912442)",16,Interviewer
1684,"[592308,592309)","[912447,912459)",290,Interviewer
1685,"[592309,592310)","[912458,912468)",283,Interviewer
1686,"[592310,592311)","[912585,912615)",1,Interviewer
1687,"[592311,592312)","[913397,913484)",1,Interviewer
1688,"[592312,592313)","[913708,913724)",341,Interviewer
1689,"[592313,592314)","[913813,913825)",16,Interviewer
1690,"[592314,592315)","[914859,914893)",1,Interviewer
1691,"[592315,592316)","[914971,914994)",1,Interviewer
1692,"[592316,592317)","[915098,915115)",290,Interviewer
1693,"[592317,592318)","[915221,915244)",290,Interviewer
1694,"[592318,592319)","[915303,915318)",1,Interviewer
1695,"[592319,592320)","[915333,915352)",1,Interviewer
1696,"[592320,592321)","[915352,915364)",290,Interviewer
1697,"[592321,592322)","[916935,916947)",1,Interviewer
1698,"[592322,592323)","[917409,917417)",16,Interviewer
1699,"[592323,592324)","[917856,917869)",16,Interviewer
1700,"[592324,592325)","[919028,919041)",16,Interviewer
1701,"[592325,592326)","[919957,919974)",16,Interviewer
1702,"[592326,592327)","[920075,920087)",16,Interviewer
1703,"[592327,592328)","[920574,920660)",16,Interviewer
1704,"[592328,592329)","[921053,921063)",16,Interviewer
1705,"[592329,592330)","[921853,921884)",290,Interviewer
1706,"[592330,592331)","[923588,923598)",16,Interviewer
1707,"[592331,592332)","[924657,924672)",1,Interviewer
1708,"[592332,592333)","[927003,927013)",12,Interviewer
1709,"[592333,592334)","[928725,928752)",333,Interviewer
1710,"[592334,592335)","[928774,928779)",115,Interviewer
1711,"[592335,592336)","[930695,930702)",16,Interviewer
1712,"[592336,592337)","[930796,930803)",16,Interviewer
1713,"[592337,592338)","[937759,937765)",115,Interviewer
1714,"[592338,592339)","[938511,938533)",290,Interviewer
1715,"[592339,592340)","[938692,938704)",115,Interviewer
1716,"[592340,592341)","[938889,938939)",342,Interviewer
1717,"[592341,592342)","[939286,939316)",283,Interviewer
1718,"[592342,592343)","[940033,940045)",1,Interviewer
1719,"[592343,592344)","[940085,940112)",1,Interviewer
1720,"[592344,592345)","[940155,940189)",343,Interviewer
1721,"[592345,592346)","[940527,940536)",16,Interviewer
1722,"[592346,592347)","[940564,940577)",115,Interviewer
1723,"[592347,592348)","[940584,940591)",115,Interviewer
1724,"[592348,592349)","[940961,940970)",16,Interviewer
1725,"[592349,592350)","[941298,941311)",1,Interviewer
1726,"[592350,592351)","[941321,941343)",290,Interviewer
1727,"[592351,592352)","[941665,941679)",344,Interviewer
1728,"[592352,592353)","[941810,941820)",115,Interviewer
1729,"[592353,592354)","[941983,941994)",16,Interviewer
1730,"[592354,592355)","[942218,942225)",115,Interviewer
1731,"[592355,592356)","[942252,942258)",115,Interviewer
1732,"[592356,592357)","[942805,942820)",16,Interviewer
1733,"[592357,592358)","[943654,943662)",115,Interviewer
1734,"[592358,592359)","[943690,943698)",115,Interviewer
1735,"[592359,592360)","[943861,943867)",115,Interviewer
1736,"[592360,592361)","[944676,944718)",341,Interviewer
1737,"[592361,592362)","[944823,944838)",115,Interviewer
1738,"[592362,592363)","[944879,944884)",115,Interviewer
1739,"[592363,592364)","[945251,945266)",341,Interviewer
1740,"[592364,592365)","[945459,945464)",115,Interviewer
1741,"[592365,592366)","[945849,945856)",115,Interviewer
1742,"[592366,592367)","[946057,946062)",115,Interviewer
1743,"[592367,592368)","[946303,946326)",26,Interviewer
1744,"[592368,592369)","[946355,946401)",341,Interviewer
1745,"[592369,592370)","[946628,946636)",115,Interviewer
1746,"[592370,592371)","[946952,946967)",290,Interviewer
1747,"[592371,592372)","[947063,947080)",115,Interviewer
1748,"[592372,592373)","[947084,947116)",345,Interviewer
1749,"[592373,592374)","[947224,947236)",115,Interviewer
1750,"[592374,592375)","[947373,947382)",1,Interviewer
1751,"[592375,592376)","[947422,947440)",290,Interviewer
1752,"[592376,592377)","[947446,947486)",283,Interviewer
1753,"[592377,592378)","[947503,947517)",12,Interviewer
1754,"[592378,592379)","[947547,947567)",283,Interviewer
1755,"[592379,592380)","[947916,947949)",1,Interviewer
1756,"[592380,592381)","[949193,949201)",311,Interviewer
1757,"[592381,592382)","[949570,949594)",1,Interviewer
1758,"[592382,592383)","[949739,949744)",115,Interviewer
1759,"[592383,592384)","[950118,950124)",115,Interviewer
1760,"[592384,592385)","[950163,950169)",115,Interviewer
1761,"[592385,592386)","[950419,950431)",16,Interviewer
1762,"[592386,592387)","[950502,950509)",16,Interviewer
1763,"[592387,592388)","[951506,951527)",290,Interviewer
1764,"[592388,592389)","[951531,951552)",283,Interviewer
1765,"[592389,592390)","[951630,951651)",12,Interviewer
1766,"[592390,592391)","[951677,951691)",12,Interviewer
1767,"[592391,592392)","[951721,951741)",283,Interviewer
1768,"[592392,592393)","[951933,951942)",16,Interviewer
1769,"[592393,592394)","[951986,951992)",115,Interviewer
1770,"[592394,592395)","[952545,952554)",16,Interviewer
1771,"[592395,592396)","[953115,953123)",16,Interviewer
1772,"[592396,592397)","[953475,953480)",115,Interviewer
1773,"[592397,592398)","[953672,953688)",290,Interviewer
1774,"[592398,592399)","[953687,953699)",330,Interviewer
1775,"[592399,592400)","[953732,953749)",115,Interviewer
1776,"[592400,592401)","[953828,953836)",26,Interviewer
1777,"[592401,592402)","[953876,953929)",346,Interviewer
1778,"[592402,592403)","[953986,954003)",1,Interviewer
1779,"[592403,592404)","[954465,954484)",187,Interviewer
1780,"[592404,592405)","[954483,954502)",347,Interviewer
1781,"[592405,592406)","[954680,954719)",1,Interviewer
1782,"[592406,592407)","[954718,954764)",1,Interviewer
1783,"[592407,592408)","[954793,954849)",1,Interviewer
1784,"[592408,592409)","[955083,955103)",1,Interviewer
1785,"[592409,592410)","[956379,956424)",1,Interviewer
1786,"[592410,592411)","[956473,956529)",1,Interviewer
1787,"[592411,592412)","[956530,956564)",1,Interviewer
1788,"[592412,592413)","[956595,956616)",1,Interviewer
1789,"[592413,592414)","[956617,956626)",290,Interviewer
1790,"[592414,592415)","[957152,957179)",1,Interviewer
1791,"[592415,592416)","[957245,957272)",1,Interviewer
1792,"[592416,592417)","[957271,957283)",290,Interviewer
1793,"[592417,592418)","[957283,957294)",290,Interviewer
1794,"[592418,592419)","[958338,958366)",1,Interviewer
1795,"[592419,592420)","[958367,958397)",290,Interviewer
1796,"[592420,592421)","[958396,958426)",26,Interviewer
1797,"[592421,592422)","[959341,959347)",115,Interviewer
1798,"[592422,592423)","[959742,959750)",16,Interviewer
1799,"[592423,592424)","[960231,960238)",115,Interviewer
1800,"[592424,592425)","[961347,961366)",348,Interviewer
1801,"[592425,592426)","[961367,961403)",1,Interviewer
1802,"[592426,592427)","[961403,961432)",1,Interviewer
1803,"[592427,592428)","[961488,961500)",311,Interviewer
1804,"[592428,592429)","[961629,961659)",1,Interviewer
1805,"[592429,592430)","[961840,961846)",115,Interviewer
1806,"[592430,592431)","[962019,962028)",115,Interviewer
1807,"[592431,592432)","[962107,962126)",115,Interviewer
1808,"[592432,592433)","[962429,962435)",115,Interviewer
1809,"[592433,592434)","[962994,962999)",115,Interviewer
1810,"[592434,592435)","[963174,963199)",311,Interviewer
1811,"[592435,592436)","[964228,964239)",311,Interviewer
1812,"[592436,592437)","[964521,964527)",115,Interviewer
1813,"[592437,592438)","[965038,965045)",115,Interviewer
1814,"[592438,592439)","[965053,965058)",115,Interviewer
1815,"[592439,592440)","[965208,965244)",1,Interviewer
1816,"[592440,592441)","[965581,965590)",16,Interviewer
1817,"[592441,592442)","[966218,966226)",311,Interviewer
1818,"[592442,592443)","[966385,966399)",349,Interviewer
1819,"[592443,592444)","[966480,966508)",1,Interviewer
1820,"[592444,592445)","[966643,966657)",26,Interviewer
1821,"[592445,592446)","[967273,967279)",115,Interviewer
1822,"[592446,592447)","[967470,967479)",115,Interviewer
1823,"[592447,592448)","[967727,967734)",115,Interviewer
1824,"[592448,592449)","[967881,967892)",115,Interviewer
1825,"[592449,592450)","[969591,969627)",1,Interviewer
1826,"[592450,592451)","[969627,969646)",290,Interviewer
1827,"[592451,592452)","[969830,969860)",1,Interviewer
1828,"[592452,592453)","[970059,970063)",115,Interviewer
1829,"[592453,592454)","[970289,970297)",283,Interviewer
1830,"[592454,592455)","[970387,970396)",1,Interviewer
1831,"[592455,592456)","[970436,970447)",290,Interviewer
1832,"[592456,592457)","[975367,975392)",12,Interviewer
1833,"[592457,592458)","[976696,976706)",283,Interviewer
1834,"[592458,592459)","[976836,976861)",1,Interviewer
1835,"[592459,592460)","[980673,980685)",1,Interviewer
1836,"[592460,592461)","[981173,981189)",283,Interviewer
1837,"[592461,592462)","[981311,981332)",283,Interviewer
1838,"[592462,592463)","[982871,982896)",1,Interviewer
1839,"[592463,592464)","[982925,982943)",1,Interviewer
1840,"[592464,592465)","[983453,983494)",314,Interviewer
1841,"[592465,592466)","[984689,984699)",290,Interviewer
1842,"[592466,592467)","[984778,984796)",1,Interviewer
1843,"[592467,592468)","[985443,985454)",16,Interviewer
1844,"[592468,592469)","[985693,985708)",283,Interviewer
1845,"[592469,592470)","[985858,985864)",283,Interviewer
1846,"[592470,592471)","[986544,986558)",283,Interviewer
1847,"[592471,592472)","[986583,986602)",12,Interviewer
1848,"[592472,592473)","[987232,987270)",1,Interviewer
1849,"[592473,592474)","[987270,987291)",1,Interviewer
1850,"[592474,592475)","[987403,987415)",16,Interviewer
1851,"[592475,592476)","[987570,987581)",12,Interviewer
1852,"[592476,592477)","[987708,987718)",16,Interviewer
1853,"[592477,592478)","[987723,987733)",16,Interviewer
1854,"[592478,592479)","[987746,987753)",283,Interviewer
1855,"[592479,592480)","[987791,987800)",115,Interviewer
1856,"[592480,592481)","[988728,988739)",16,Interviewer
1857,"[592481,592482)","[988794,988805)",16,Interviewer
1858,"[592482,592483)","[988813,988822)",16,Interviewer
1859,"[592483,592484)","[989470,989480)",16,Interviewer
1860,"[592484,592485)","[989675,989684)",16,Interviewer
1861,"[592485,592486)","[989688,989697)",16,Interviewer
1862,"[592486,592487)","[989837,989850)",115,Interviewer
1863,"[592487,592488)","[990094,990106)",16,Interviewer
1864,"[592488,592489)","[990344,990351)",16,Interviewer
1865,"[592489,592490)","[990495,990505)",16,Interviewer
1866,"[592490,592491)","[991177,991189)",16,Interviewer
1867,"[592491,592492)","[991377,991387)",16,Interviewer
1868,"[592492,592493)","[991391,991400)",16,Interviewer
1869,"[592493,592494)","[992071,992083)",290,Interviewer
1870,"[592494,592495)","[992303,992336)",1,Interviewer
1871,"[592495,592496)","[992984,992993)",115,Interviewer
1872,"[592496,592497)","[993889,993909)",1,Interviewer
1873,"[592497,592498)","[994035,994055)",1,Interviewer
1874,"[592498,592499)","[994065,994088)",1,Interviewer
1875,"[592499,592500)","[994590,994604)",115,Interviewer
1876,"[592500,592501)","[994773,994783)",115,Interviewer
1877,"[592501,592502)","[994835,994840)",115,Interviewer
1878,"[592502,592503)","[995018,995026)",115,Interviewer
1879,"[592503,592504)","[995089,995099)",115,Interviewer
1880,"[592504,592505)","[995687,995693)",304,Interviewer
1881,"[592505,592506)","[998255,998267)",16,Interviewer
1882,"[592506,592507)","[998594,998600)",115,Interviewer
1883,"[592507,592508)","[998860,998867)",115,Interviewer
1884,"[592508,592509)","[998905,998912)",115,Interviewer
1885,"[592509,592510)","[999546,999560)",304,Interviewer
1886,"[592510,592511)","[999680,999690)",187,Interviewer
1887,"[592511,592512)","[1000203,1000211)",16,Interviewer
1888,"[592512,592513)","[1000390,1000403)",16,Interviewer
1889,"[592513,592514)","[1000410,1000436)",1,Interviewer
1890,"[617115,617116)","[1000594,1000633)",350,T12_GP1
1891,"[617116,617117)","[1003046,1003106)",350,T12_GP1
1892,"[617117,617118)","[1013049,1013120)",351,T12_GP1
1893,"[617118,617119)","[1021894,1021993)",352,T12_GP1
1894,"[617119,617120)","[1039642,1039659)",350,T12_GP1
1895,"[617120,617121)","[1039703,1039725)",350,T12_GP1
1896,"[617121,617122)","[1039744,1039803)",350,T12_GP1
1897,"[617122,617123)","[1042574,1042608)",353,T12_GP1
1898,"[617123,617124)","[1043491,1043570)",354,T12_GP1
1899,"[617124,617125)","[1043722,1043803)",355,T12_GP1
1900,"[617125,617126)","[1044823,1044856)",350,T12_GP1
1901,"[617126,617127)","[1049555,1049646)",350,T12_GP1
1902,"[617127,617128)","[1054358,1054374)",356,T12_GP1
1903,"[617128,617129)","[1058979,1058991)",357,T12_GP1
1904,"[617129,617130)","[1068716,1068728)",358,T12_GP1
1905,"[617130,617131)","[1069084,1069131)",359,T12_GP1
1906,"[617131,617132)","[1076603,1076651)",360,T12_GP1
1907,"[617132,617133)","[1077084,1077116)",356,T12_GP1
1908,"[653638,653639)","[1001480,1001508)",361,GP2
1909,"[653639,653640)","[1006229,1006250)",361,GP2
1910,"[653640,653641)","[1006324,1006381)",350,GP2
1911,"[653641,653642)","[1008473,1008557)",350,GP2
1912,"[653642,653643)","[1010310,1010389)",350,GP2
1913,"[653643,653644)","[1010643,1010666)",361,GP2
1914,"[653644,653645)","[1011103,1011133)",361,GP2
1915,"[653645,653646)","[1011216,1011246)",361,GP2
1916,"[653646,653647)","[1011698,1011764)",361,GP2
1917,"[653647,653648)","[1012956,1012990)",361,GP2
1918,"[653648,653649)","[1013391,1013406)",362,GP2
1919,"[653649,653650)","[1013544,1013573)",361,GP2
1920,"[653650,653651)","[1013703,1013776)",350,GP2
1921,"[653651,653652)","[1014741,1014784)",361,GP2
1922,"[653652,653653)","[1015736,1015827)",350,GP2
1923,"[653653,653654)","[1018316,1018347)",361,GP2
1924,"[653654,653655)","[1018666,1018704)",361,GP2
1925,"[653655,653656)","[1020608,1020667)",363,GP2
1926,"[653656,653657)","[1021356,1021400)",361,GP2
1927,"[653657,653658)","[1025164,1025266)",350,GP2
1928,"[653658,653659)","[1025288,1025399)",350,GP2
1929,"[653659,653660)","[1029600,1029658)",350,GP2
1930,"[653660,653661)","[1030650,1030707)",361,GP2
1931,"[653661,653662)","[1030935,1030954)",361,GP2
1932,"[653662,653663)","[1032311,1032322)",361,GP2
1933,"[653663,653664)","[1032494,1032545)",363,GP2
1934,"[653664,653665)","[1032567,1032597)",361,GP2
1935,"[653665,653666)","[1036839,1036884)",350,GP2
1936,"[653666,653667)","[1036997,1037044)",364,GP2
1937,"[653667,653668)","[1038392,1038404)",361,GP2
1938,"[653668,653669)","[1038745,1038830)",361,GP2
1939,"[653669,653670)","[1038873,1038906)",361,GP2
1940,"[653670,653671)","[1039724,1039745)",361,GP2
1941,"[653671,653672)","[1039862,1039925)",363,GP2
1942,"[653672,653673)","[1040725,1040839)",363,GP2
1943,"[653673,653674)","[1042437,1042448)",361,GP2
1944,"[653674,653675)","[1043523,1043598)",361,GP2
1945,"[653675,653676)","[1048238,1048269)",365,GP2
1946,"[653676,653677)","[1048641,1048684)",361,GP2
1947,"[653677,653678)","[1052343,1052362)",361,GP2
1948,"[653678,653679)","[1054315,1054392)",366,GP2
1949,"[653679,653680)","[1058501,1058582)",361,GP2
1950,"[653680,653681)","[1061636,1061687)",363,GP2
1951,"[653681,653682)","[1062063,1062076)",361,GP2
1952,"[653682,653683)","[1067454,1067517)",361,GP2
1953,"[653683,653684)","[1069887,1069927)",367,GP2
1954,"[653684,653685)","[1070519,1070577)",361,GP2
1955,"[653685,653686)","[1076655,1076671)",360,GP2
1956,"[653686,653687)","[1076961,1076973)",361,GP2
1957,"[665538,665539)","[1097078,1097103)",361,Interviewer
1958,"[665539,665540)","[1097284,1097307)",2,Interviewer
1959,"[665540,665541)","[1102539,1102554)",22,Interviewer
1960,"[665541,665542)","[1103273,1103326)",2,Interviewer
1961,"[665542,665543)","[1103525,1103551)",22,Interviewer
1962,"[665543,665544)","[1103993,1104003)",2,Interviewer
1963,"[665544,665545)","[1104115,1104154)",2,Interviewer
1964,"[665545,665546)","[1104193,1104229)",2,Interviewer
1965,"[665546,665547)","[1106060,1106091)",2,Interviewer
1966,"[665547,665548)","[1107160,1107177)",2,Interviewer
1967,"[665548,665549)","[1107612,1107668)",361,Interviewer
1968,"[665549,665550)","[1109590,1109621)",2,Interviewer
1969,"[665550,665551)","[1115675,1115703)",2,Interviewer
1970,"[665551,665552)","[1115953,1115977)",2,Interviewer
1971,"[665552,665553)","[1119055,1119087)",2,Interviewer
1972,"[665553,665554)","[1122563,1122644)",2,Interviewer
1973,"[665554,665555)","[1123703,1123829)",361,Interviewer
1974,"[665555,665556)","[1123885,1123903)",2,Interviewer
1975,"[665556,665557)","[1125888,1125922)",2,Interviewer
1976,"[665557,665558)","[1125965,1125987)",2,Interviewer
1977,"[665558,665559)","[1127975,1128031)",2,Interviewer
1978,"[665559,665560)","[1128550,1128594)",2,Interviewer
1979,"[665560,665561)","[1131028,1131047)",2,Interviewer
1980,"[665561,665562)","[1133668,1133718)",361,Interviewer
1981,"[665562,665563)","[1133855,1133891)",361,Interviewer
1982,"[665563,665564)","[1134848,1134872)",2,Interviewer
1983,"[665564,665565)","[1135900,1135919)",361,Interviewer
1984,"[665565,665566)","[1136173,1136220)",2,Interviewer
1985,"[665566,665567)","[1136303,1136327)",368,Interviewer
1986,"[665567,665568)","[1137853,1137880)",22,Interviewer
1987,"[665568,665569)","[1138596,1138704)",22,Interviewer
1988,"[665569,665570)","[1143258,1143280)",2,Interviewer
1989,"[665570,665571)","[1143325,1143402)",2,Interviewer
1990,"[665571,665572)","[1146355,1146391)",22,Interviewer
1991,"[665572,665573)","[1147113,1147133)",2,Interviewer
1992,"[665573,665574)","[1150079,1150124)",2,Interviewer
1993,"[665574,665575)","[1151378,1151427)",2,Interviewer
1994,"[665575,665576)","[1152133,1152187)",2,Interviewer
1995,"[665576,665577)","[1152278,1152289)",114,Interviewer
1996,"[665577,665578)","[1155670,1155723)",2,Interviewer
1997,"[665578,665579)","[1155945,1156028)",2,Interviewer
1998,"[665579,665580)","[1156767,1156795)",2,Interviewer
1999,"[665580,665581)","[1159403,1159436)",22,Interviewer
2000,"[665581,665582)","[1161525,1161572)",2,Interviewer
2001,"[665582,665583)","[1163450,1163510)",22,Interviewer
2002,"[665583,665584)","[1163801,1163833)",2,Interviewer
2003,"[665584,665585)","[1164795,1164825)",369,Interviewer
2004,"[665585,665586)","[1164953,1164972)",2,Interviewer
2005,"[665586,665587)","[1166228,1166244)",162,Interviewer
2006,"[665587,665588)","[1170350,1170404)",361,Interviewer
2007,"[665588,665589)","[1172653,1172709)",2,Interviewer
2008,"[665589,665590)","[1173943,1173972)",22,Interviewer
2009,"[665590,665591)","[1175068,1175124)",2,Interviewer
2010,"[684946,684947)","[1085320,1085344)",2,T13_GP1
2011,"[684947,684948)","[1085703,1085779)",2,T13_GP1
2012,"[684948,684949)","[1085838,1085853)",2,T13_GP1
2013,"[684949,684950)","[1094833,1094859)",2,T13_GP1
2014,"[684950,684951)","[1095955,1095976)",2,T13_GP1
2015,"[684951,684952)","[1098850,1098879)",361,T13_GP1
2016,"[684952,684953)","[1099230,1099309)",2,T13_GP1
2017,"[684953,684954)","[1102482,1102532)",361,T13_GP1
2018,"[684954,684955)","[1103610,1103637)",2,T13_GP1
2019,"[684955,684956)","[1104000,1104032)",2,T13_GP1
2020,"[684956,684957)","[1107430,1107508)",361,T13_GP1
2021,"[684957,684958)","[1107546,1107568)",2,T13_GP1
2022,"[684958,684959)","[1109686,1109716)",361,T13_GP1
2023,"[684959,684960)","[1120075,1120099)",2,T13_GP1
2024,"[684960,684961)","[1122554,1122591)",2,T13_GP1
2025,"[684961,684962)","[1124271,1124290)",22,T13_GP1
2026,"[684962,684963)","[1130895,1130914)",18,T13_GP1
2027,"[684963,684964)","[1135340,1135394)",22,T13_GP1
2028,"[684964,684965)","[1135465,1135491)",361,T13_GP1
2029,"[684965,684966)","[1135898,1135928)",2,T13_GP1
2030,"[684966,684967)","[1138945,1138989)",2,T13_GP1
2031,"[684967,684968)","[1146097,1146140)",2,T13_GP1
2032,"[684968,684969)","[1146358,1146414)",2,T13_GP1
2033,"[684969,684970)","[1148856,1148876)",2,T13_GP1
2034,"[684970,684971)","[1150488,1150579)",2,T13_GP1
2035,"[684971,684972)","[1155763,1155793)",2,T13_GP1
2036,"[684972,684973)","[1156665,1156702)",2,T13_GP1
2037,"[684973,684974)","[1156767,1156795)",2,T13_GP1
2038,"[684974,684975)","[1159408,1159442)",22,T13_GP1
2039,"[684975,684976)","[1162123,1162152)",22,T13_GP1
2040,"[684976,684977)","[1164755,1164784)",369,T13_GP1
2041,"[684977,684978)","[1166208,1166225)",162,T13_GP1
2042,"[684978,684979)","[1166803,1166835)",22,T13_GP1
2043,"[684979,684980)","[1172848,1172884)",2,T13_GP1
2044,"[699971,699972)","[1086224,1086245)",2,T13_GP2
2045,"[699972,699973)","[1087630,1087643)",162,T13_GP2
2046,"[699973,699974)","[1097200,1097224)",2,T13_GP2
2047,"[699974,699975)","[1099528,1099571)",2,T13_GP2
2048,"[699975,699976)","[1099660,1099701)",2,T13_GP2
2049,"[699976,699977)","[1101536,1101548)",24,T13_GP2
2050,"[699977,699978)","[1102429,1102457)",22,T13_GP2
2051,"[699978,699979)","[1104333,1104354)",2,T13_GP2
2052,"[699979,699980)","[1105543,1105554)",2,T13_GP2
2053,"[699980,699981)","[1107618,1107679)",2,T13_GP2
2054,"[699981,699982)","[1119885,1119918)",18,T13_GP2
2055,"[699982,699983)","[1125942,1125972)",361,T13_GP2
2056,"[699983,699984)","[1127975,1128031)",2,T13_GP2
2057,"[699984,699985)","[1133638,1133661)",2,T13_GP2
2058,"[699985,699986)","[1133788,1133814)",2,T13_GP2
2059,"[699986,699987)","[1134238,1134254)",2,T13_GP2
2060,"[699987,699988)","[1143108,1143123)",162,T13_GP2
2061,"[699988,699989)","[1143258,1143280)",2,T13_GP2
2062,"[699989,699990)","[1146039,1146069)",22,T13_GP2
2063,"[699990,699991)","[1146097,1146140)",22,T13_GP2
2064,"[699991,699992)","[1146355,1146391)",22,T13_GP2
2065,"[699992,699993)","[1150488,1150506)",2,T13_GP2
2066,"[699993,699994)","[1150960,1151005)",2,T13_GP2
2067,"[699994,699995)","[1151871,1151898)",2,T13_GP2
2068,"[699995,699996)","[1156613,1156641)",22,T13_GP2
2069,"[699996,699997)","[1159710,1159753)",370,T13_GP2
2070,"[699997,699998)","[1170810,1170843)",2,T13_GP2
2071,"[721307,721308)","[1085478,1085504)",2,T13_GP3
2072,"[721308,721309)","[1086224,1086245)",2,T13_GP3
2073,"[721309,721310)","[1088472,1088511)",361,T13_GP3
2074,"[721310,721311)","[1094235,1094251)",2,T13_GP3
2075,"[721311,721312)","[1098023,1098051)",2,T13_GP3
2076,"[721312,721313)","[1099141,1099158)",2,T13_GP3
2077,"[721313,721314)","[1099440,1099469)",18,T13_GP3
2078,"[721314,721315)","[1099528,1099571)",2,T13_GP3
2079,"[721315,721316)","[1099629,1099648)",2,T13_GP3
2080,"[721316,721317)","[1100098,1100133)",2,T13_GP3
2081,"[721317,721318)","[1100520,1100534)",361,T13_GP3
2082,"[721318,721319)","[1100703,1100721)",2,T13_GP3
2083,"[721319,721320)","[1102398,1102406)",2,T13_GP3
2084,"[721320,721321)","[1103778,1103791)",2,T13_GP3
2085,"[721321,721322)","[1103999,1104034)",22,T13_GP3
2086,"[721322,721323)","[1104348,1104392)",361,T13_GP3
2087,"[721323,721324)","[1105167,1105194)",2,T13_GP3
2088,"[721324,721325)","[1105991,1106004)",2,T13_GP3
2089,"[721325,721326)","[1106072,1106096)",2,T13_GP3
2090,"[721326,721327)","[1106203,1106225)",2,T13_GP3
2091,"[721327,721328)","[1107090,1107107)",2,T13_GP3
2092,"[721328,721329)","[1107370,1107404)",2,T13_GP3
2093,"[721329,721330)","[1107618,1107679)",2,T13_GP3
2094,"[721330,721331)","[1108483,1108503)",2,T13_GP3
2095,"[721331,721332)","[1109308,1109330)",2,T13_GP3
2096,"[721332,721333)","[1109590,1109627)",2,T13_GP3
2097,"[721333,721334)","[1114507,1114521)",162,T13_GP3
2098,"[721334,721335)","[1115988,1116003)",2,T13_GP3
2099,"[721335,721336)","[1119441,1119464)",2,T13_GP3
2100,"[721336,721337)","[1120038,1120070)",2,T13_GP3
2101,"[721337,721338)","[1120823,1120854)",368,T13_GP3
2102,"[721338,721339)","[1122515,1122569)",2,T13_GP3
2103,"[721339,721340)","[1123175,1123195)",2,T13_GP3
2104,"[721340,721341)","[1123422,1123449)",2,T13_GP3
2105,"[721341,721342)","[1123778,1123811)",2,T13_GP3
2106,"[721342,721343)","[1124505,1124528)",2,T13_GP3
2107,"[721343,721344)","[1125813,1125843)",2,T13_GP3
2108,"[721344,721345)","[1125953,1125975)",2,T13_GP3
2109,"[721345,721346)","[1127095,1127121)",2,T13_GP3
2110,"[721346,721347)","[1127203,1127221)",22,T13_GP3
2111,"[721347,721348)","[1127975,1128031)",2,T13_GP3
2112,"[721348,721349)","[1129393,1129413)",22,T13_GP3
2113,"[721349,721350)","[1132068,1132141)",361,T13_GP3
2114,"[721350,721351)","[1133788,1133814)",2,T13_GP3
2115,"[721351,721352)","[1133855,1133897)",361,T13_GP3
2116,"[721352,721353)","[1134055,1134077)",2,T13_GP3
2117,"[721353,721354)","[1134247,1134266)",2,T13_GP3
2118,"[721354,721355)","[1134820,1134874)",22,T13_GP3
2119,"[721355,721356)","[1135181,1135201)",2,T13_GP3
2120,"[721356,721357)","[1135340,1135394)",22,T13_GP3
2121,"[721357,721358)","[1135653,1135742)",2,T13_GP3
2122,"[721358,721359)","[1136188,1136210)",22,T13_GP3
2123,"[721359,721360)","[1136463,1136482)",2,T13_GP3
2124,"[721360,721361)","[1136958,1136987)",2,T13_GP3
2125,"[721361,721362)","[1138228,1138294)",361,T13_GP3
2126,"[721362,721363)","[1138850,1138870)",2,T13_GP3
2127,"[721363,721364)","[1138945,1138989)",2,T13_GP3
2128,"[721364,721365)","[1141503,1141523)",2,T13_GP3
2129,"[721365,721366)","[1142628,1142651)",2,T13_GP3
2130,"[721366,721367)","[1143258,1143280)",2,T13_GP3
2131,"[721367,721368)","[1146039,1146069)",22,T13_GP3
2132,"[721368,721369)","[1146355,1146391)",22,T13_GP3
2133,"[721369,721370)","[1148856,1148876)",22,T13_GP3
2134,"[721370,721371)","[1150079,1150124)",2,T13_GP3
2135,"[721371,721372)","[1150488,1150506)",2,T13_GP3
2136,"[721372,721373)","[1151378,1151427)",2,T13_GP3
2137,"[721373,721374)","[1151871,1151898)",2,T13_GP3
2138,"[721374,721375)","[1152771,1152800)",2,T13_GP3
2139,"[721375,721376)","[1152803,1152841)",371,T13_GP3
2140,"[721376,721377)","[1155670,1155723)",2,T13_GP3
2141,"[721377,721378)","[1155931,1155961)",2,T13_GP3
2142,"[721378,721379)","[1156613,1156641)",22,T13_GP3
2143,"[721379,721380)","[1161542,1161567)",2,T13_GP3
2144,"[721380,721381)","[1163492,1163508)",22,T13_GP3
2145,"[721381,721382)","[1163763,1163831)",2,T13_GP3
2146,"[721382,721383)","[1165606,1165626)",2,T13_GP3
2147,"[721383,721384)","[1165655,1165686)",2,T13_GP3
2148,"[721384,721385)","[1166595,1166626)",2,T13_GP3
2149,"[721385,721386)","[1166803,1166835)",22,T13_GP3
2150,"[721386,721387)","[1170078,1170098)",2,T13_GP3
2151,"[721387,721388)","[1170760,1170782)",22,T13_GP3
2152,"[721388,721389)","[1170810,1170843)",2,T13_GP3
2153,"[721389,721390)","[1171348,1171375)",2,T13_GP3
2154,"[721390,721391)","[1171428,1171462)",2,T13_GP3
2155,"[721391,721392)","[1172213,1172233)",22,T13_GP3
2156,"[721392,721393)","[1172648,1172665)",2,T13_GP3
2157,"[721393,721394)","[1172848,1172884)",22,T13_GP3
2158,"[721394,721395)","[1173928,1173951)",2,T13_GP3
2159,"[721395,721396)","[1174303,1174316)",2,T13_GP3
2160,"[721396,721397)","[1174650,1174668)",361,T13_GP3
2161,"[721397,721398)","[1174723,1174742)",2,T13_GP3
2162,"[721398,721399)","[1175063,1175109)",2,T13_GP3
2163,"[783817,783818)","[1212697,1212704)",372,T14
2164,"[783818,783819)","[1212840,1212849)",373,T14
2165,"[783819,783820)","[1213548,1213556)",372,T14
2166,"[783820,783821)","[1236986,1237003)",374,T14
2167,"[783821,783822)","[1261153,1261176)",375,T14
2168,"[783822,783823)","[1268444,1268455)",376,T14
2169,"[796808,796809)","[1269202,1269232)",1,T15_GP1
2170,"[796809,796810)","[1269804,1269835)",1,T15_GP1
2171,"[796810,796811)","[1274008,1274038)",1,T15_GP1
2172,"[796811,796812)","[1274419,1274443)",1,T15_GP1
2173,"[796812,796813)","[1275206,1275238)",1,T15_GP1
2174,"[796813,796814)","[1277541,1277602)",1,T15_GP1
2175,"[796814,796815)","[1278578,1278650)",1,T15_GP1
2176,"[796815,796816)","[1279874,1279885)",377,T15_GP1
2177,"[796816,796817)","[1281023,1281068)",1,T15_GP1
2178,"[796817,796818)","[1283909,1283932)",1,T15_GP1
2179,"[796818,796819)","[1284174,1284224)",1,T15_GP1
2180,"[796819,796820)","[1284302,1284349)",1,T15_GP1
2181,"[796820,796821)","[1285941,1285957)",1,T15_GP1
2182,"[796821,796822)","[1288605,1288657)",1,T15_GP1
2183,"[796822,796823)","[1289268,1289313)",1,T15_GP1
2184,"[796823,796824)","[1290926,1290967)",1,T15_GP1
2185,"[796824,796825)","[1291861,1291928)",1,T15_GP1
2186,"[796825,796826)","[1292253,1292299)",1,T15_GP1
2187,"[796826,796827)","[1292636,1292668)",1,T15_GP1
2188,"[796827,796828)","[1292736,1292785)",1,T15_GP1
2189,"[796828,796829)","[1293341,1293379)",1,T15_GP1
2190,"[796829,796830)","[1294032,1294081)",1,T15_GP1
2191,"[796830,796831)","[1294428,1294508)",1,T15_GP1
2192,"[796831,796832)","[1295042,1295107)",1,T15_GP1
2193,"[796832,796833)","[1295407,1295433)",1,T15_GP1
2194,"[796833,796834)","[1295627,1295682)",1,T15_GP1
2195,"[796834,796835)","[1295824,1295891)",1,T15_GP1
2196,"[796835,796836)","[1296094,1296156)",1,T15_GP1
2197,"[796836,796837)","[1296913,1296938)",1,T15_GP1
2198,"[796837,796838)","[1297754,1297832)",1,T15_GP1
2199,"[796838,796839)","[1299430,1299519)",1,T15_GP1
2200,"[796839,796840)","[1299736,1299751)",1,T15_GP1
2201,"[796840,796841)","[1300045,1300079)",1,T15_GP1
2202,"[796841,796842)","[1301495,1301521)",1,T15_GP1
2203,"[796842,796843)","[1302412,1302457)",1,T15_GP1
2204,"[796843,796844)","[1303868,1303925)",1,T15_GP1
2205,"[796844,796845)","[1306761,1306826)",1,T15_GP1
2206,"[796845,796846)","[1308115,1308123)",1,T15_GP1
2207,"[796846,796847)","[1308289,1308313)",1,T15_GP1
2208,"[796847,796848)","[1309177,1309207)",1,T15_GP1
2209,"[796848,796849)","[1309344,1309418)",1,T15_GP1
2210,"[796849,796850)","[1309892,1309938)",1,T15_GP1
2211,"[796850,796851)","[1311603,1311633)",1,T15_GP1
2212,"[796851,796852)","[1311762,1311820)",1,T15_GP1
2213,"[796852,796853)","[1314206,1314251)",1,T15_GP1
2214,"[796853,796854)","[1315598,1315636)",378,T15_GP1
2215,"[796854,796855)","[1315777,1315825)",1,T15_GP1
2216,"[796855,796856)","[1315998,1316032)",1,T15_GP1
2217,"[796856,796857)","[1316244,1316260)",1,T15_GP1
2218,"[796857,796858)","[1316317,1316347)",1,T15_GP1
2219,"[796858,796859)","[1316375,1316415)",1,T15_GP1
2220,"[796859,796860)","[1316575,1316613)",1,T15_GP1
2221,"[796860,796861)","[1316725,1316797)",1,T15_GP1
2222,"[796861,796862)","[1317182,1317216)",1,T15_GP1
2223,"[796862,796863)","[1317371,1317409)",1,T15_GP1
2224,"[796863,796864)","[1318640,1318708)",1,T15_GP1
2225,"[796864,796865)","[1318710,1318775)",1,T15_GP1
2226,"[796865,796866)","[1318788,1318904)",1,T15_GP1
2227,"[796866,796867)","[1319020,1319090)",1,T15_GP1
2228,"[796867,796868)","[1319444,1319470)",1,T15_GP1
2229,"[796868,796869)","[1320063,1320130)",1,T15_GP1
2230,"[796869,796870)","[1321215,1321233)",1,T15_GP1
2231,"[796870,796871)","[1322926,1322962)",1,T15_GP1
2232,"[796871,796872)","[1323035,1323094)",1,T15_GP1
2233,"[796872,796873)","[1324422,1324449)",1,T15_GP1
2234,"[796873,796874)","[1324763,1324801)",1,T15_GP1
2235,"[796874,796875)","[1324849,1324921)",1,T15_GP1
2236,"[796875,796876)","[1324974,1325007)",1,T15_GP1
2237,"[796876,796877)","[1325102,1325160)",1,T15_GP1
2238,"[796877,796878)","[1325640,1325667)",1,T15_GP1
2239,"[796878,796879)","[1325925,1325960)",1,T15_GP1
2240,"[796879,796880)","[1325963,1325991)",1,T15_GP1
2241,"[796880,796881)","[1326614,1326659)",1,T15_GP1
2242,"[796881,796882)","[1326999,1327046)",1,T15_GP1
2243,"[796882,796883)","[1327987,1328068)",1,T15_GP1
2244,"[796883,796884)","[1328203,1328240)",1,T15_GP1
2245,"[796884,796885)","[1328918,1328971)",1,T15_GP1
2246,"[796885,796886)","[1329115,1329147)",1,T15_GP1
2247,"[796886,796887)","[1329512,1329535)",1,T15_GP1
2248,"[796887,796888)","[1329994,1330058)",1,T15_GP1
2249,"[796888,796889)","[1330392,1330457)",1,T15_GP1
2250,"[796889,796890)","[1331192,1331224)",1,T15_GP1
2251,"[796890,796891)","[1331538,1331568)",1,T15_GP1
2252,"[796891,796892)","[1331779,1331826)",1,T15_GP1
2253,"[796892,796893)","[1332253,1332275)",1,T15_GP1
2254,"[796893,796894)","[1333392,1333413)",1,T15_GP1
2255,"[796894,796895)","[1334273,1334315)",1,T15_GP1
2256,"[796895,796896)","[1334698,1334731)",1,T15_GP1
2257,"[796896,796897)","[1337359,1337395)",1,T15_GP1
2258,"[796897,796898)","[1337633,1337667)",1,T15_GP1
2259,"[796898,796899)","[1337670,1337742)",1,T15_GP1
2260,"[796899,796900)","[1338673,1338723)",1,T15_GP1
2261,"[796900,796901)","[1339116,1339199)",1,T15_GP1
2262,"[796901,796902)","[1339377,1339431)",1,T15_GP1
2263,"[796902,796903)","[1339576,1339613)",1,T15_GP1
2264,"[796903,796904)","[1339683,1339736)",1,T15_GP1
2265,"[796904,796905)","[1339957,1340002)",1,T15_GP1
2266,"[796905,796906)","[1340250,1340284)",1,T15_GP1
2267,"[796906,796907)","[1340502,1340540)",1,T15_GP1
2268,"[796907,796908)","[1341648,1341707)",1,T15_GP1
2269,"[807001,807002)","[1269692,1269727)",1,T15_GP2
2270,"[807002,807003)","[1269804,1269835)",1,T15_GP2
2271,"[807003,807004)","[1273290,1273341)",1,T15_GP2
2272,"[807004,807005)","[1274008,1274038)",1,T15_GP2
2273,"[807005,807006)","[1274419,1274443)",1,T15_GP2
2274,"[807006,807007)","[1277541,1277602)",1,T15_GP2
2275,"[807007,807008)","[1277895,1277968)",1,T15_GP2
2276,"[807008,807009)","[1278578,1278650)",1,T15_GP2
2277,"[807009,807010)","[1278926,1278941)",377,T15_GP2
2278,"[807010,807011)","[1280055,1280116)",1,T15_GP2
2279,"[807011,807012)","[1281023,1281068)",1,T15_GP2
2280,"[807012,807013)","[1285029,1285044)",1,T15_GP2
2281,"[807013,807014)","[1288210,1288242)",1,T15_GP2
2282,"[807014,807015)","[1288605,1288657)",1,T15_GP2
2283,"[807015,807016)","[1289268,1289313)",1,T15_GP2
2284,"[807016,807017)","[1290926,1290967)",1,T15_GP2
2285,"[807017,807018)","[1291861,1291928)",1,T15_GP2
2286,"[807018,807019)","[1292253,1292299)",1,T15_GP2
2287,"[807019,807020)","[1292636,1292668)",1,T15_GP2
2288,"[807020,807021)","[1292736,1292785)",1,T15_GP2
2289,"[807021,807022)","[1293341,1293379)",1,T15_GP2
2290,"[807022,807023)","[1293605,1293627)",1,T15_GP2
2291,"[807023,807024)","[1294032,1294081)",1,T15_GP2
2292,"[807024,807025)","[1294428,1294508)",1,T15_GP2
2293,"[807025,807026)","[1295042,1295107)",1,T15_GP2
2294,"[807026,807027)","[1295407,1295433)",1,T15_GP2
2295,"[807027,807028)","[1295824,1295891)",1,T15_GP2
2296,"[807028,807029)","[1296094,1296156)",1,T15_GP2
2297,"[807029,807030)","[1296800,1296822)",1,T15_GP2
2298,"[807030,807031)","[1297707,1297755)",1,T15_GP2
2299,"[807031,807032)","[1297754,1297832)",1,T15_GP2
2300,"[807032,807033)","[1299131,1299153)",1,T15_GP2
2301,"[807033,807034)","[1299430,1299519)",1,T15_GP2
2302,"[807034,807035)","[1300045,1300079)",1,T15_GP2
2303,"[807035,807036)","[1301129,1301145)",1,T15_GP2
2304,"[807036,807037)","[1301495,1301521)",1,T15_GP2
2305,"[807037,807038)","[1302412,1302457)",1,T15_GP2
2306,"[807038,807039)","[1303868,1303925)",1,T15_GP2
2307,"[807039,807040)","[1305346,1305365)",1,T15_GP2
2308,"[807040,807041)","[1306761,1306826)",1,T15_GP2
2309,"[807041,807042)","[1308108,1308155)",1,T15_GP2
2310,"[807042,807043)","[1308289,1308313)",1,T15_GP2
2311,"[807043,807044)","[1309177,1309207)",1,T15_GP2
2312,"[807044,807045)","[1309344,1309418)",1,T15_GP2
2313,"[807045,807046)","[1309892,1309938)",1,T15_GP2
2314,"[807046,807047)","[1311603,1311633)",1,T15_GP2
2315,"[807047,807048)","[1311762,1311820)",1,T15_GP2
2316,"[807048,807049)","[1314206,1314251)",1,T15_GP2
2317,"[807049,807050)","[1315598,1315636)",1,T15_GP2
2318,"[807050,807051)","[1315777,1315825)",1,T15_GP2
2319,"[807051,807052)","[1315998,1316032)",1,T15_GP2
2320,"[807052,807053)","[1316317,1316347)",1,T15_GP2
2321,"[807053,807054)","[1316375,1316415)",1,T15_GP2
2322,"[807054,807055)","[1316575,1316613)",1,T15_GP2
2323,"[807055,807056)","[1316725,1316797)",1,T15_GP2
2324,"[807056,807057)","[1317371,1317409)",1,T15_GP2
2325,"[807057,807058)","[1318640,1318708)",1,T15_GP2
2326,"[807058,807059)","[1318710,1318775)",1,T15_GP2
2327,"[807059,807060)","[1318788,1318904)",1,T15_GP2
2328,"[807060,807061)","[1319020,1319090)",1,T15_GP2
2329,"[807061,807062)","[1320063,1320130)",1,T15_GP2
2330,"[807062,807063)","[1322926,1322962)",1,T15_GP2
2331,"[807063,807064)","[1323035,1323094)",1,T15_GP2
2332,"[807064,807065)","[1323914,1323958)",1,T15_GP2
2333,"[807065,807066)","[1324290,1324317)",1,T15_GP2
2334,"[807066,807067)","[1324422,1324449)",1,T15_GP2
2335,"[807067,807068)","[1324763,1324801)",1,T15_GP2
2336,"[807068,807069)","[1324974,1325007)",1,T15_GP2
2337,"[807069,807070)","[1325102,1325160)",1,T15_GP2
2338,"[807070,807071)","[1325318,1325340)",1,T15_GP2
2339,"[807071,807072)","[1325640,1325667)",1,T15_GP2
2340,"[807072,807073)","[1326999,1327046)",1,T15_GP2
2341,"[807073,807074)","[1327987,1328068)",1,T15_GP2
2342,"[807074,807075)","[1328203,1328240)",1,T15_GP2
2343,"[807075,807076)","[1328928,1328999)",1,T15_GP2
2344,"[807076,807077)","[1329115,1329147)",1,T15_GP2
2345,"[807077,807078)","[1329272,1329308)",1,T15_GP2
2346,"[807078,807079)","[1329994,1330058)",1,T15_GP2
2347,"[807079,807080)","[1330392,1330457)",1,T15_GP2
2348,"[807080,807081)","[1330496,1330519)",1,T15_GP2
2349,"[807081,807082)","[1331192,1331224)",1,T15_GP2
2350,"[807082,807083)","[1331538,1331568)",1,T15_GP2
2351,"[807083,807084)","[1331779,1331826)",1,T15_GP2
2352,"[807084,807085)","[1334273,1334315)",1,T15_GP2
2353,"[807085,807086)","[1334698,1334731)",1,T15_GP2
2354,"[807086,807087)","[1337359,1337395)",1,T15_GP2
2355,"[807087,807088)","[1337633,1337667)",1,T15_GP2
2356,"[807088,807089)","[1337705,1337744)",1,T15_GP2
2357,"[807089,807090)","[1338509,1338525)",1,T15_GP2
2358,"[807090,807091)","[1338673,1338723)",1,T15_GP2
2359,"[807091,807092)","[1339116,1339199)",1,T15_GP2
2360,"[807092,807093)","[1339318,1339346)",1,T15_GP2
2361,"[807093,807094)","[1339576,1339613)",1,T15_GP2
2362,"[807094,807095)","[1339683,1339736)",1,T15_GP2
2363,"[807095,807096)","[1339957,1340002)",1,T15_GP2
2364,"[807096,807097)","[1340502,1340540)",1,T15_GP2
2365,"[807097,807098)","[1340811,1340856)",1,T15_GP2
2366,"[807098,807099)","[1341648,1341707)",1,T15_GP2
2367,"[819192,819193)","[1269167,1269192)",379,Interviewer
2368,"[819193,819194)","[1269812,1269845)",380,Interviewer
2369,"[819194,819195)","[1274432,1274455)",1,Interviewer
2370,"[819195,819196)","[1275186,1275237)",1,Interviewer
2371,"[819196,819197)","[1276260,1276274)",381,Interviewer
2372,"[819197,819198)","[1277895,1277968)",1,Interviewer
2373,"[819198,819199)","[1278955,1278977)",377,Interviewer
2374,"[819199,819200)","[1280055,1280116)",1,Interviewer
2375,"[819200,819201)","[1284269,1284302)",1,Interviewer
2376,"[819201,819202)","[1288605,1288657)",1,Interviewer
2377,"[819202,819203)","[1289981,1290001)",382,Interviewer
2378,"[819203,819204)","[1290926,1290967)",1,Interviewer
2379,"[819204,819205)","[1291861,1291928)",1,Interviewer
2380,"[819205,819206)","[1292636,1292668)",1,Interviewer
2381,"[819206,819207)","[1295042,1295107)",1,Interviewer
2382,"[819207,819208)","[1297750,1297777)",1,Interviewer
2383,"[819208,819209)","[1299430,1299519)",1,Interviewer
2384,"[819209,819210)","[1300077,1300110)",1,Interviewer
2385,"[819210,819211)","[1301495,1301521)",1,Interviewer
2386,"[819211,819212)","[1306761,1306826)",1,Interviewer
2387,"[819212,819213)","[1308837,1308854)",1,Interviewer
2388,"[819213,819214)","[1311762,1311820)",1,Interviewer
2389,"[819214,819215)","[1314206,1314251)",1,Interviewer
2390,"[819215,819216)","[1316317,1316347)",1,Interviewer
2391,"[819216,819217)","[1316375,1316415)",1,Interviewer
2392,"[819217,819218)","[1316575,1316613)",1,Interviewer
2393,"[819218,819219)","[1316725,1316797)",1,Interviewer
2394,"[819219,819220)","[1317182,1317216)",1,Interviewer
2395,"[819220,819221)","[1317371,1317409)",1,Interviewer
2396,"[819221,819222)","[1318640,1318708)",1,Interviewer
2397,"[819222,819223)","[1318710,1318775)",1,Interviewer
2398,"[819223,819224)","[1319020,1319090)",1,Interviewer
2399,"[819224,819225)","[1319270,1319289)",1,Interviewer
2400,"[819225,819226)","[1319317,1319330)",115,Interviewer
2401,"[819226,819227)","[1319441,1319456)",16,Interviewer
2402,"[819227,819228)","[1323035,1323094)",1,Interviewer
2403,"[819228,819229)","[1323914,1323958)",1,Interviewer
2404,"[819229,819230)","[1324763,1324801)",1,Interviewer
2405,"[819230,819231)","[1324974,1325007)",1,Interviewer
2406,"[819231,819232)","[1325925,1325960)",1,Interviewer
2407,"[819232,819233)","[1326614,1326659)",1,Interviewer
2408,"[819233,819234)","[1328240,1328311)",383,Interviewer
2409,"[819234,819235)","[1328961,1329006)",1,Interviewer
2410,"[819235,819236)","[1331779,1331826)",1,Interviewer
2411,"[819236,819237)","[1334698,1334731)",1,Interviewer
2412,"[819237,819238)","[1336462,1336568)",384,Interviewer
2413,"[819238,819239)","[1336580,1336642)",385,Interviewer
2414,"[819239,819240)","[1339116,1339199)",1,Interviewer
2415,"[819240,819241)","[1339303,1339347)",1,Interviewer
2416,"[819241,819242)","[1339683,1339736)",1,Interviewer
2417,"[819242,819243)","[1340253,1340284)",1,Interviewer
2418,"[860315,860316)","[1342244,1342261)",2,T16_GP1
2419,"[860316,860317)","[1342309,1342325)",2,T16_GP1
2420,"[860317,860318)","[1343171,1343179)",2,T16_GP1
2421,"[860318,860319)","[1344430,1344442)",2,T16_GP1
2422,"[860319,860320)","[1344558,1344567)",2,T16_GP1
2423,"[860320,860321)","[1345319,1345323)",2,T16_GP1
2424,"[860321,860322)","[1345889,1345902)",2,T16_GP1
2425,"[860322,860323)","[1346422,1346439)",2,T16_GP1
2426,"[860323,860324)","[1346548,1346563)",2,T16_GP1
2427,"[860324,860325)","[1346779,1346788)",2,T16_GP1
2428,"[860325,860326)","[1347171,1347183)",2,T16_GP1
2429,"[860326,860327)","[1347563,1347569)",2,T16_GP1
2430,"[860327,860328)","[1347698,1347704)",2,T16_GP1
2431,"[860328,860329)","[1348941,1348948)",2,T16_GP1
2432,"[860329,860330)","[1349221,1349232)",2,T16_GP1
2433,"[860330,860331)","[1350469,1350482)",2,T16_GP1
2434,"[860331,860332)","[1350553,1350575)",2,T16_GP1
2435,"[860332,860333)","[1350882,1350898)",2,T16_GP1
2436,"[860333,860334)","[1353294,1353306)",2,T16_GP1
2437,"[860334,860335)","[1353563,1353570)",2,T16_GP1
2438,"[860335,860336)","[1353891,1353918)",2,T16_GP1
2439,"[860336,860337)","[1354445,1354475)",2,T16_GP1
2440,"[860337,860338)","[1356459,1356464)",2,T16_GP1
2441,"[860338,860339)","[1356926,1356937)",2,T16_GP1
2442,"[860339,860340)","[1357178,1357196)",2,T16_GP1
2443,"[860340,860341)","[1357757,1357768)",2,T16_GP1
2444,"[860341,860342)","[1358425,1358436)",2,T16_GP1
2445,"[860342,860343)","[1358494,1358504)",2,T16_GP1
2446,"[860343,860344)","[1358977,1359011)",2,T16_GP1
2447,"[860344,860345)","[1359994,1360012)",2,T16_GP1
2448,"[860345,860346)","[1360097,1360130)",2,T16_GP1
2449,"[860346,860347)","[1360304,1360309)",2,T16_GP1
2450,"[860347,860348)","[1360568,1360577)",2,T16_GP1
2451,"[860348,860349)","[1360727,1360747)",2,T16_GP1
2452,"[860349,860350)","[1360767,1360779)",2,T16_GP1
2453,"[860350,860351)","[1360805,1360822)",2,T16_GP1
2454,"[860351,860352)","[1361404,1361466)",2,T16_GP1
2455,"[860352,860353)","[1361496,1361520)",2,T16_GP1
2456,"[860353,860354)","[1361908,1361915)",2,T16_GP1
2457,"[860354,860355)","[1362642,1362700)",2,T16_GP1
2458,"[860355,860356)","[1362765,1362772)",2,T16_GP1
2459,"[860356,860357)","[1362837,1362854)",2,T16_GP1
2460,"[860357,860358)","[1363046,1363053)",2,T16_GP1
2461,"[860358,860359)","[1363258,1363270)",2,T16_GP1
2462,"[860359,860360)","[1363636,1363643)",2,T16_GP1
2463,"[860360,860361)","[1363879,1363883)",2,T16_GP1
2464,"[860361,860362)","[1364360,1364369)",2,T16_GP1
2465,"[860362,860363)","[1364719,1364757)",2,T16_GP1
2466,"[860363,860364)","[1364967,1364983)",2,T16_GP1
2467,"[860364,860365)","[1365225,1365273)",2,T16_GP1
2468,"[860365,860366)","[1365497,1365546)",2,T16_GP1
2469,"[860366,860367)","[1365750,1365761)",2,T16_GP1
2470,"[860367,860368)","[1365824,1365835)",2,T16_GP1
2471,"[860368,860369)","[1368144,1368162)",2,T16_GP1
2472,"[860369,860370)","[1370041,1370046)",2,T16_GP1
2473,"[860370,860371)","[1370245,1370250)",2,T16_GP1
2474,"[860371,860372)","[1371144,1371151)",2,T16_GP1
2475,"[860372,860373)","[1371269,1371281)",2,T16_GP1
2476,"[860373,860374)","[1371462,1371474)",2,T16_GP1
2477,"[860374,860375)","[1371542,1371561)",2,T16_GP1
2478,"[860375,860376)","[1371916,1371924)",2,T16_GP1
2479,"[860376,860377)","[1373175,1373182)",2,T16_GP1
2480,"[860377,860378)","[1373276,1373294)",2,T16_GP1
2481,"[860378,860379)","[1373365,1373377)",2,T16_GP1
2482,"[860379,860380)","[1373522,1373539)",2,T16_GP1
2483,"[860380,860381)","[1374013,1374020)",2,T16_GP1
2484,"[860381,860382)","[1374250,1374264)",2,T16_GP1
2485,"[860382,860383)","[1374561,1374601)",2,T16_GP1
2486,"[860383,860384)","[1374660,1374676)",2,T16_GP1
2487,"[860384,860385)","[1375031,1375039)",2,T16_GP1
2488,"[860385,860386)","[1376962,1377035)",2,T16_GP1
2489,"[860386,860387)","[1377129,1377148)",2,T16_GP1
2490,"[860387,860388)","[1378118,1378123)",2,T16_GP1
2491,"[860388,860389)","[1378462,1378537)",2,T16_GP1
2492,"[860389,860390)","[1379293,1379341)",2,T16_GP1
2493,"[860390,860391)","[1379430,1379466)",2,T16_GP1
2494,"[860391,860392)","[1380899,1380916)",2,T16_GP1
2495,"[860392,860393)","[1381294,1381302)",2,T16_GP1
2496,"[860393,860394)","[1385050,1385065)",2,T16_GP1
2497,"[860394,860395)","[1385218,1385239)",2,T16_GP1
2498,"[860395,860396)","[1386165,1386171)",2,T16_GP1
2499,"[860396,860397)","[1386607,1386617)",2,T16_GP1
2500,"[860397,860398)","[1386644,1386658)",2,T16_GP1
2501,"[860398,860399)","[1387041,1387053)",2,T16_GP1
2502,"[860399,860400)","[1387235,1387241)",2,T16_GP1
2503,"[860400,860401)","[1387350,1387359)",2,T16_GP1
2504,"[860401,860402)","[1387829,1387837)",2,T16_GP1
2505,"[860402,860403)","[1388271,1388279)",2,T16_GP1
2506,"[860403,860404)","[1389173,1389186)",2,T16_GP1
2507,"[860404,860405)","[1389246,1389262)",2,T16_GP1
2508,"[860405,860406)","[1389350,1389393)",2,T16_GP1
2509,"[860406,860407)","[1389512,1389568)",2,T16_GP1
2510,"[860407,860408)","[1391633,1391657)",18,T16_GP1
2511,"[860408,860409)","[1392118,1392124)",2,T16_GP1
2512,"[860409,860410)","[1392790,1392799)",2,T16_GP1
2513,"[860410,860411)","[1397113,1397122)",2,T16_GP1
2514,"[860411,860412)","[1397415,1397423)",2,T16_GP1
2515,"[860412,860413)","[1397486,1397493)",2,T16_GP1
2516,"[860413,860414)","[1397842,1397852)",2,T16_GP1
2517,"[860414,860415)","[1398079,1398100)",2,T16_GP1
2518,"[860415,860416)","[1398129,1398141)",2,T16_GP1
2519,"[860416,860417)","[1398183,1398228)",2,T16_GP1
2520,"[860417,860418)","[1398429,1398441)",2,T16_GP1
2521,"[860418,860419)","[1398474,1398486)",2,T16_GP1
2522,"[860419,860420)","[1399614,1399622)",2,T16_GP1
2523,"[860420,860421)","[1400443,1400453)",2,T16_GP1
2524,"[860421,860422)","[1400725,1400732)",2,T16_GP1
2525,"[860422,860423)","[1400868,1400877)",2,T16_GP1
2526,"[860423,860424)","[1401152,1401157)",2,T16_GP1
2527,"[860424,860425)","[1401663,1401672)",2,T16_GP1
2528,"[860425,860426)","[1401817,1401831)",2,T16_GP1
2529,"[860426,860427)","[1403546,1403555)",2,T16_GP1
2530,"[860427,860428)","[1404244,1404263)",2,T16_GP1
2531,"[860428,860429)","[1404995,1404996)",2,T16_GP1
2532,"[860429,860430)","[1404995,1405032)",2,T16_GP1
2533,"[860430,860431)","[1405137,1405153)",2,T16_GP1
2534,"[860431,860432)","[1405854,1405858)",2,T16_GP1
2535,"[860432,860433)","[1407212,1407222)",2,T16_GP1
2536,"[860433,860434)","[1407312,1407319)",2,T16_GP1
2537,"[860434,860435)","[1409273,1409285)",2,T16_GP1
2538,"[860435,860436)","[1410248,1410263)",2,T16_GP1
2539,"[860436,860437)","[1410818,1410847)",2,T16_GP1
2540,"[860437,860438)","[1412700,1412705)",2,T16_GP1
2541,"[860438,860439)","[1413391,1413409)",2,T16_GP1
2542,"[860439,860440)","[1413787,1413809)",2,T16_GP1
2543,"[860440,860441)","[1414172,1414198)",2,T16_GP1
2544,"[860441,860442)","[1414229,1414246)",2,T16_GP1
2545,"[860442,860443)","[1414327,1414341)",2,T16_GP1
2546,"[860443,860444)","[1415742,1415750)",2,T16_GP1
2547,"[860444,860445)","[1416777,1416797)",2,T16_GP1
2548,"[860445,860446)","[1416818,1416826)",2,T16_GP1
2549,"[860446,860447)","[1416993,1416997)",2,T16_GP1
2550,"[860447,860448)","[1417116,1417124)",2,T16_GP1
2551,"[860448,860449)","[1417321,1417350)",2,T16_GP1
2552,"[860449,860450)","[1417379,1417467)",2,T16_GP1
2553,"[860450,860451)","[1417619,1417689)",2,T16_GP1
2554,"[860451,860452)","[1422447,1422456)",2,T16_GP1
2555,"[860452,860453)","[1423097,1423106)",2,T16_GP1
2556,"[860453,860454)","[1423711,1423725)",2,T16_GP1
2557,"[860454,860455)","[1424919,1424925)",2,T16_GP1
2558,"[860455,860456)","[1426426,1426433)",2,T16_GP1
2559,"[860456,860457)","[1426461,1426467)",2,T16_GP1
2560,"[860457,860458)","[1426498,1426506)",2,T16_GP1
2561,"[860458,860459)","[1426597,1426604)",2,T16_GP1
2562,"[860459,860460)","[1426944,1426986)",2,T16_GP1
2563,"[860460,860461)","[1427386,1427418)",2,T16_GP1
2564,"[860461,860462)","[1427438,1427456)",2,T16_GP1
2565,"[860462,860463)","[1428130,1428195)",2,T16_GP1
2566,"[860463,860464)","[1428464,1428476)",2,T16_GP1
2567,"[860464,860465)","[1429169,1429192)",2,T16_GP1
2568,"[860465,860466)","[1429965,1429982)",2,T16_GP1
2569,"[860466,860467)","[1430616,1430635)",2,T16_GP1
2570,"[860467,860468)","[1430909,1430920)",2,T16_GP1
2571,"[860468,860469)","[1431030,1431047)",2,T16_GP1
2572,"[860469,860470)","[1431057,1431103)",2,T16_GP1
2573,"[860470,860471)","[1431219,1431225)",2,T16_GP1
2574,"[860471,860472)","[1431239,1431248)",2,T16_GP1
2575,"[860472,860473)","[1431615,1431622)",2,T16_GP1
2576,"[860473,860474)","[1432000,1432037)",2,T16_GP1
2577,"[860474,860475)","[1432112,1432113)",2,T16_GP1
2578,"[860475,860476)","[1432112,1432122)",2,T16_GP1
2579,"[860476,860477)","[1432174,1432219)",2,T16_GP1
2580,"[860477,860478)","[1432682,1432754)",2,T16_GP1
2581,"[860478,860479)","[1432999,1433025)",2,T16_GP1
2582,"[860479,860480)","[1433210,1433261)",2,T16_GP1
2583,"[860480,860481)","[1434013,1434037)",2,T16_GP1
2584,"[860481,860482)","[1434064,1434076)",2,T16_GP1
2585,"[882791,882792)","[1343352,1343381)",2,T16_GP2
2586,"[882792,882793)","[1345538,1345548)",2,T16_GP2
2587,"[882793,882794)","[1346228,1346238)",2,T16_GP2
2588,"[882794,882795)","[1346401,1346480)",2,T16_GP2
2589,"[882795,882796)","[1347749,1347765)",2,T16_GP2
2590,"[882796,882797)","[1350456,1350464)",2,T16_GP2
2591,"[882797,882798)","[1352903,1352941)",2,T16_GP2
2592,"[882798,882799)","[1354438,1354474)",2,T16_GP2
2593,"[882799,882800)","[1357759,1357770)",2,T16_GP2
2594,"[882800,882801)","[1358062,1358075)",2,T16_GP2
2595,"[882801,882802)","[1361477,1361488)",2,T16_GP2
2596,"[882802,882803)","[1361725,1361736)",2,T16_GP2
2597,"[882803,882804)","[1362457,1362462)",2,T16_GP2
2598,"[882804,882805)","[1362633,1362639)",2,T16_GP2
2599,"[882805,882806)","[1362643,1362663)",2,T16_GP2
2600,"[882806,882807)","[1363870,1363877)",2,T16_GP2
2601,"[882807,882808)","[1364368,1364376)",2,T16_GP2
2602,"[882808,882809)","[1364932,1364939)",2,T16_GP2
2603,"[882809,882810)","[1365504,1365546)",2,T16_GP2
2604,"[882810,882811)","[1365573,1365594)",2,T16_GP2
2605,"[882811,882812)","[1366309,1366324)",386,T16_GP2
2606,"[882812,882813)","[1366467,1366476)",386,T16_GP2
2607,"[882813,882814)","[1366648,1366656)",2,T16_GP2
2608,"[882814,882815)","[1367357,1367368)",387,T16_GP2
2609,"[882815,882816)","[1368070,1368079)",388,T16_GP2
2610,"[882816,882817)","[1369394,1369402)",389,T16_GP2
2611,"[882817,882818)","[1370458,1370476)",390,T16_GP2
2612,"[882818,882819)","[1370601,1370616)",390,T16_GP2
2613,"[882819,882820)","[1371247,1371254)",2,T16_GP2
2614,"[882820,882821)","[1371464,1371482)",2,T16_GP2
2615,"[882821,882822)","[1372401,1372413)",2,T16_GP2
2616,"[882822,882823)","[1372687,1372705)",2,T16_GP2
2617,"[882823,882824)","[1373248,1373279)",2,T16_GP2
2618,"[882824,882825)","[1373876,1373880)",2,T16_GP2
2619,"[882825,882826)","[1374546,1374558)",2,T16_GP2
2620,"[882826,882827)","[1375806,1375840)",2,T16_GP2
2621,"[882827,882828)","[1378056,1378093)",2,T16_GP2
2622,"[882828,882829)","[1379336,1379361)",2,T16_GP2
2623,"[882829,882830)","[1380929,1380946)",2,T16_GP2
2624,"[882830,882831)","[1381394,1381422)",2,T16_GP2
2625,"[882831,882832)","[1381469,1381511)",2,T16_GP2
2626,"[882832,882833)","[1385866,1385895)",18,T16_GP2
2627,"[882833,882834)","[1387010,1387018)",2,T16_GP2
2628,"[882834,882835)","[1387596,1387613)",2,T16_GP2
2629,"[882835,882836)","[1388736,1388749)",391,T16_GP2
2630,"[882836,882837)","[1389521,1389532)",2,T16_GP2
2631,"[882837,882838)","[1390384,1390392)",392,T16_GP2
2632,"[882838,882839)","[1390547,1390559)",392,T16_GP2
2633,"[882839,882840)","[1397376,1397384)",2,T16_GP2
2634,"[882840,882841)","[1398175,1398204)",2,T16_GP2
2635,"[882841,882842)","[1398549,1398572)",2,T16_GP2
2636,"[882842,882843)","[1399906,1399939)",2,T16_GP2
2637,"[882843,882844)","[1399988,1399995)",2,T16_GP2
2638,"[882844,882845)","[1404212,1404268)",2,T16_GP2
2639,"[882845,882846)","[1405021,1405042)",2,T16_GP2
2640,"[882846,882847)","[1408252,1408261)",393,T16_GP2
2641,"[882847,882848)","[1409258,1409264)",2,T16_GP2
2642,"[882848,882849)","[1410248,1410263)",2,T16_GP2
2643,"[882849,882850)","[1413374,1413399)",2,T16_GP2
2644,"[882850,882851)","[1413683,1413730)",2,T16_GP2
2645,"[882851,882852)","[1413783,1413796)",2,T16_GP2
2646,"[882852,882853)","[1416739,1416803)",2,T16_GP2
2647,"[882853,882854)","[1417312,1417351)",2,T16_GP2
2648,"[882854,882855)","[1417622,1417635)",394,T16_GP2
2649,"[882855,882856)","[1422222,1422261)",2,T16_GP2
2650,"[882856,882857)","[1422995,1423012)",2,T16_GP2
2651,"[882857,882858)","[1423252,1423262)",18,T16_GP2
2652,"[882858,882859)","[1423434,1423444)",392,T16_GP2
2653,"[882859,882860)","[1424289,1424303)",392,T16_GP2
2654,"[882860,882861)","[1424892,1424929)",2,T16_GP2
2655,"[882861,882862)","[1426702,1426716)",2,T16_GP2
2656,"[882862,882863)","[1426955,1426978)",2,T16_GP2
2657,"[882863,882864)","[1427256,1427269)",2,T16_GP2
2658,"[882864,882865)","[1427374,1427387)",2,T16_GP2
2659,"[882865,882866)","[1427446,1427465)",2,T16_GP2
2660,"[882866,882867)","[1427516,1427528)",392,T16_GP2
2661,"[882867,882868)","[1428454,1428465)",2,T16_GP2
2662,"[882868,882869)","[1428507,1428521)",2,T16_GP2
2663,"[882869,882870)","[1428597,1428608)",2,T16_GP2
2664,"[882870,882871)","[1428724,1428736)",2,T16_GP2
2665,"[882871,882872)","[1428770,1428784)",392,T16_GP2
2666,"[882872,882873)","[1428869,1428877)",392,T16_GP2
2667,"[882873,882874)","[1429106,1429113)",392,T16_GP2
2668,"[882874,882875)","[1430592,1430644)",2,T16_GP2
2669,"[882875,882876)","[1430673,1430710)",2,T16_GP2
2670,"[882876,882877)","[1431010,1431048)",2,T16_GP2
2671,"[882877,882878)","[1431985,1432079)",2,T16_GP2
2672,"[882878,882879)","[1432937,1432967)",2,T16_GP2
2673,"[882879,882880)","[1433040,1433081)",2,T16_GP2
2674,"[882880,882881)","[1433279,1433285)",392,T16_GP2
2675,"[882881,882882)","[1433353,1433367)",392,T16_GP2
2676,"[882882,882883)","[1433798,1433808)",392,T16_GP2
2677,"[882883,882884)","[1434690,1434698)",2,T16_GP2
2678,"[928789,928790)","[1491724,1491786)",395,T20_GP1
2679,"[928790,928791)","[1491864,1491885)",2,T20_GP1
2680,"[928791,928792)","[1491973,1492001)",2,T20_GP1
2681,"[928792,928793)","[1492842,1492866)",2,T20_GP1
2682,"[928793,928794)","[1493225,1493238)",2,T20_GP1
2683,"[928794,928795)","[1493794,1493812)",2,T20_GP1
2684,"[928795,928796)","[1494090,1494142)",2,T20_GP1
2685,"[928796,928797)","[1494946,1494992)",396,T20_GP1
2686,"[928797,928798)","[1495302,1495347)",397,T20_GP1
2687,"[928798,928799)","[1496034,1496042)",2,T20_GP1
2688,"[928799,928800)","[1496088,1496121)",2,T20_GP1
2689,"[928800,928801)","[1496546,1496558)",2,T20_GP1
2690,"[928801,928802)","[1497777,1497789)",24,T20_GP1
2691,"[928802,928803)","[1497884,1497897)",2,T20_GP1
2692,"[928803,928804)","[1500639,1500659)",2,T20_GP1
2693,"[928804,928805)","[1501118,1501154)",397,T20_GP1
2694,"[928805,928806)","[1503113,1503136)",2,T20_GP1
2695,"[928806,928807)","[1503280,1503298)",2,T20_GP1
2696,"[928807,928808)","[1505675,1505707)",2,T20_GP1
2697,"[928808,928809)","[1506257,1506276)",341,T20_GP1
2698,"[928809,928810)","[1507731,1507747)",2,T20_GP1
2699,"[928810,928811)","[1508431,1508452)",2,T20_GP1
2700,"[928811,928812)","[1511859,1511875)",2,T20_GP1
2701,"[928812,928813)","[1512757,1512782)",2,T20_GP1
2702,"[928813,928814)","[1515004,1515089)",398,T20_GP1
2703,"[928814,928815)","[1517211,1517223)",399,T20_GP1
2704,"[928815,928816)","[1519525,1519547)",2,T20_GP1
2705,"[928816,928817)","[1520469,1520488)",2,T20_GP1
2706,"[928817,928818)","[1520995,1521045)",2,T20_GP1
2707,"[928818,928819)","[1521176,1521249)",2,T20_GP1
2708,"[936383,936384)","[1491973,1492001)",2,T20_GP2
2709,"[936384,936385)","[1492837,1492858)",2,T20_GP2
2710,"[936385,936386)","[1494109,1494127)",2,T20_GP2
2711,"[936386,936387)","[1494349,1494360)",2,T20_GP2
2712,"[936387,936388)","[1494641,1494660)",2,T20_GP2
2713,"[936388,936389)","[1494823,1494838)",400,T20_GP2
2714,"[936389,936390)","[1495302,1495347)",397,T20_GP2
2715,"[936390,936391)","[1496369,1496379)",401,T20_GP2
2716,"[936391,936392)","[1496467,1496500)",341,T20_GP2
2717,"[936392,936393)","[1497039,1497112)",2,T20_GP2
2718,"[936393,936394)","[1497155,1497167)",2,T20_GP2
2719,"[936394,936395)","[1497884,1497914)",2,T20_GP2
2720,"[936395,936396)","[1498328,1498354)",2,T20_GP2
2721,"[936396,936397)","[1500490,1500506)",2,T20_GP2
2722,"[936397,936398)","[1500950,1500961)",2,T20_GP2
2723,"[936398,936399)","[1502607,1502664)",2,T20_GP2
2724,"[936399,936400)","[1502926,1502945)",2,T20_GP2
2725,"[936400,936401)","[1503402,1503432)",2,T20_GP2
2726,"[936401,936402)","[1505251,1505276)",2,T20_GP2
2727,"[936402,936403)","[1506011,1506037)",2,T20_GP2
2728,"[936403,936404)","[1506362,1506422)",402,T20_GP2
2729,"[936404,936405)","[1506606,1506626)",2,T20_GP2
2730,"[936405,936406)","[1507661,1507672)",2,T20_GP2
2731,"[936406,936407)","[1507968,1507998)",2,T20_GP2
2732,"[936407,936408)","[1508639,1508656)",2,T20_GP2
2733,"[936408,936409)","[1512010,1512032)",2,T20_GP2
2734,"[936409,936410)","[1512306,1512332)",2,T20_GP2
2735,"[936410,936411)","[1513959,1513984)",2,T20_GP2
2736,"[936411,936412)","[1515082,1515127)",403,T20_GP2
2737,"[936412,936413)","[1516887,1516990)",137,T20_GP2
2738,"[936413,936414)","[1517024,1517100)",137,T20_GP2
2739,"[936414,936415)","[1517228,1517386)",137,T20_GP2
2740,"[936415,936416)","[1517424,1517459)",2,T20_GP2
2741,"[936416,936417)","[1520447,1520493)",2,T20_GP2
2742,"[936417,936418)","[1520614,1520626)",2,T20_GP2
2743,"[936418,936419)","[1520972,1521045)",2,T20_GP2
2744,"[936419,936420)","[1521218,1521249)",2,T20_GP2
2745,"[936420,936421)","[1522358,1522371)",2,T20_GP2
2746,"[936421,936422)","[1522491,1522507)",404,T20_GP2
2747,"[950156,950157)","[1523343,1523375)",2,T21_GP1
2748,"[950157,950158)","[1527567,1527584)",2,T21_GP1
2749,"[950158,950159)","[1528583,1528595)",2,T21_GP1
2750,"[950159,950160)","[1531445,1531457)",2,T21_GP1
2751,"[950160,950161)","[1535985,1536275)",405,T21_GP1
2752,"[950161,950162)","[1540382,1540397)",2,T21_GP1
2753,"[950162,950163)","[1544222,1544248)",2,T21_GP1
2754,"[950163,950164)","[1545249,1545255)",2,T21_GP1
2755,"[950164,950165)","[1552423,1552435)",2,T21_GP1
2756,"[950165,950166)","[1558566,1558581)",2,T21_GP1
2757,"[950166,950167)","[1559196,1559207)",2,T21_GP1
2758,"[950167,950168)","[1560176,1560190)",2,T21_GP1
2759,"[950168,950169)","[1561271,1561299)",2,T21_GP1
2760,"[959090,959091)","[1522668,1522686)",2,T21_GP2
2761,"[959091,959092)","[1523004,1523021)",2,T21_GP2
2762,"[959092,959093)","[1525808,1525833)",2,T21_GP2
2763,"[959093,959094)","[1530311,1530324)",24,T21_GP2
2764,"[959094,959095)","[1534631,1534658)",2,T21_GP2
2765,"[959095,959096)","[1536797,1536817)",2,T21_GP2
2766,"[959096,959097)","[1537000,1537012)",341,T21_GP2
2767,"[959097,959098)","[1538078,1538097)",2,T21_GP2
2768,"[959098,959099)","[1539258,1539268)",2,T21_GP2
2769,"[959099,959100)","[1540371,1540384)",2,T21_GP2
2770,"[959100,959101)","[1543061,1543081)",2,T21_GP2
2771,"[959101,959102)","[1545499,1545514)",2,T21_GP2
2772,"[959102,959103)","[1547604,1547618)",2,T21_GP2
2773,"[959103,959104)","[1558290,1558299)",2,T21_GP2
2774,"[959104,959105)","[1560188,1560207)",406,T21_GP2
2775,"[959105,959106)","[1560816,1560929)",406,T21_GP2
2776,"[959106,959107)","[1561051,1561192)",406,T21_GP2
2777,"[963340,963341)","[1562440,1562459)",2,T22_GP1
2778,"[963341,963342)","[1564451,1564481)",2,T22_GP1
2779,"[963342,963343)","[1569754,1569777)",2,T22_GP1
2780,"[963343,963344)","[1570120,1570150)",2,T22_GP1
2781,"[963344,963345)","[1573843,1573853)",2,T22_GP1
2782,"[963345,963346)","[1574072,1574095)",2,T22_GP1
2783,"[963346,963347)","[1574774,1574782)",2,T22_GP1
2784,"[963347,963348)","[1575073,1575108)",2,T22_GP1
2785,"[963348,963349)","[1575202,1575333)",2,T22_GP1
2786,"[963349,963350)","[1575889,1575906)",2,T22_GP1
2787,"[963350,963351)","[1578353,1578376)",2,T22_GP1
2788,"[967400,967401)","[1562430,1562452)",2,T22_GP2
2789,"[967401,967402)","[1566528,1566544)",2,T22_GP2
2790,"[967402,967403)","[1566804,1566822)",2,T22_GP2
2791,"[967403,967404)","[1567492,1567507)",2,T22_GP2
2792,"[967404,967405)","[1569017,1569039)",2,T22_GP2
2793,"[967405,967406)","[1569763,1569787)",2,T22_GP2
2794,"[967406,967407)","[1569983,1569988)",2,T22_GP2
2795,"[967407,967408)","[1571284,1571312)",2,T22_GP2
2796,"[967408,967409)","[1573005,1573032)",2,T22_GP2
2797,"[967409,967410)","[1575902,1575921)",2,T22_GP2
2798,"[967410,967411)","[1576131,1576177)",2,T22_GP2
2799,"[967411,967412)","[1577966,1578035)",2,T22_GP2
2800,"[967412,967413)","[1578357,1578366)",2,T22_GP2
