form_id,form
1,(unverständlich)
2,hmm
3,jungschi
4,brunch
5,i
6,ha
7,so
8,e
9,hunne
10,lachfläsh
11,gha
12,u
13,de
14,het
15,tönt
16,wie
17,ne
18,verreckendi
19,seerobbe
20,när
21,(.)
22,di
23,chlini
24,ganz
25,zit
26,sie
27,nomau
28,müesse
29,afa
30,lache
31,das
32,isch
33,öppe
34,zwöi
35,minute
36,gange
37,mhm
38,ehm
39,einisch
40,im
41,monet
42,okay
43,guet
44,wär
45,viu
46,aber
47,mir
48,hei
49,semester
50,numme
51,oder
52,tüe
53,zmörgele
54,brunche
55,mit
56,späck
57,eier
58,wichtig
59,dr
60,speck
61,henne
62,höche
63,bi
64,üs
65,ja
66,richtig
67,gruusig
68,we
69,d
70,muesch
71,brate
72,wüu
73,es
74,fett
75,wo
76,use
77,chunnt
78,heimer
79,ufruume
80,after
81,time
82,meistens
83,öpper
84,vorbereitet
85,irgendwie
86,XXX
87,itz
88,läsä
89,mer
90,nes
91,buech
92,vertöife
93,rächt
94,kompliziert
95,eis
96,mau
97,bini
98,vou
99,nid
100,drus
101,cho
102,mou
103,has
104,verstange
105,weisch
106,was
107,gits
108,aues
109,evangeliste
110,prophete
111,vo
112,hirte
113,schregstrich
114,lehrer
115,no
116,öppis
117,dritts
118,haut
119,chli
120,gluegt
121,mache
122,die
123,für
124,ufgabe
125,gsi
126,uhu
127,hää
128,äbä
129,erst
130,däm
131,woni
132,drbi
133,vorher
134,micros
135,speziautag
136,(unverständich)
137,si
138,asträngend
139,chöi
140,nei
141,teiuwis
142,ize
143,gd
144,wuuche
145,hani
146,nerv
147,angeri
148,wuuchene
149,o
150,scho
151,weiss
152,wieso
153,normau
154,oh
155,ching
156,eifach
157,är
158,trotzphase
159,streikt
160,total
161,ga
162,bisle
163,nassi
164,hose
165,nöii
166,alege
167,sicher
168,zä
169,ufem
170,chaute
171,bode
172,ghocket
173,sich
174,wöue
175,leg
176,ungerhose
177,a
178,m
179,tth
180,fingi
181,eh
182,hasse
183,chopfhörer
184,an
185,dès
186,immer
187,usegö
188,zäme
189,aui
190,gsehsch
191,se
192,grüppli
193,ds
194,THUN
195,am
196,bahnhof
197,jede
198,ei
199,airpod
200,dinne
201,dänksch
202,kasperlitheäterli
203,fühle
204,krassischte
205,zwöufi
206,simer
207,bäbelet
208,wart
209,da
210,ir
211,sächste
212,imu
213,(...)
214,weissi
215,bach
216,spaziere
217,picknick
218,ässe
219,chleider
220,rägehose
221,aus
222,rägejacke
223,agleit
224,ufghänkt
225,bir
226,chrüzig
227,einfach
228,nüm
229,usecho
230,hüt
231,zu
232,tags
233,meh
234,meine
235,kita
236,äs
237,umgheit
238,ufstah
239,ihri
240,häng
241,wei
242,tue
243,wüue
244,dräckig
245,gseht
246,fau
247,luschtig
248,us
249,hiufi
250,imfau
251,dä
252,uf
253,hä
254,zwar
255,hesch
256,du
257,nie
258,sand
259,gspiut
260,auso
261,burg
262,bout
263,womer
264,heisst
265,pastor
266,stimmt
267,genau
268,dörfe
269,sandburge
270,beurteile
271,CARAMBAR
272,derfür
273,becho
274,verlore
275,denn
276,heis
277,vergä
278,üsi
279,cool
280,angere
281,förmli
282,ig
283,äbe
284,süsch
285,idee
286,bade
287,gar
288,doch
289,abe
290,gheisse
291,ischs
292,duss
293,cheuter
294,meer
295,zur
296,duschi
297,hets
298,häre
299,ah
300,duusche
301,mr
302,zrügg
303,häregleit
304,nüt
305,bracht
306,gloub
307,s'isch
308,nachem
309,zähni
310,(..)
311,jahr
312,chrank
313,hehe
314,mehrmaus
315,ni
316,fit
317,würk
318,mage
319,darm
320,uhem
321,mi
322,fründ
323,me
324,jung
325,villech
326,gschider
327,em
328,bändeli
329,tuusche
330,wed
331,all
332,inclusive
333,einte
334,zaut
335,art
336,chasch
337,enang
338,usgä
339,verstahnis
340,dass
341,wosch
342,häufe
343,lizisch
344,hotel
345,kultur
346,sowieso
347,guets
348,agebot
349,macht
350,übere
351,huufe
352,vor
353,auem
354,gfaketi
355,überau
356,sis
357,gmerkt
358,chönnte
359,ihm
360,gä
361,verstahs
362,äuä
363,heftig
364,dach
365,agsteute
366,(....)
367,komisch
368,chef
369,gseit
370,verstah
371,nis
372,VOLG
373,kontrolliere
374,niso
375,gchouft
376,ahh
377,zwölf
378,jährige
379,klar
380,dörfte
381,sies
382,verchoufe
383,kirschstängeli
384,wer
385,besuuft
386,aube
387,mim
388,vater
389,fein
390,gfunge
391,baileys
392,gno
393,schlückli
394,porbiere
395,chrazet
396,wii
397,wää
398,bier
399,gärn
400,trinkes
401,je
402,nachdem
403,CHOPFAB
404,ender
405,[irgend
406,buh
407,eh]
408,geburi
409,hönne
410,gstört
411,speter
412,erste
413,überhoupt
414,bsoffe
415,wäres
416,drücke
417,id
418,finger
419,zie
420,zersch
421,schue
422,ab
423,SOMMERSBY
424,mega
425,finge
426,strängi
427,istellig
428,diskutiert
429,zue
430,hallo
431,bso
432,besoffe
433,gö
434,suufe
435,verstahni
436,geisch
437,[
438,]
439,losisch
440,zü
441,musig
442,dine
443,airpods
444,bisch
445,snapchat
446,ungerwägs
447,snappisch
448,snaps
449,obwohl
450,chöntsch
451,rede
452,blödele
453,tschüss
454,angers
455,dir
456,heit
457,nech
458,troffe
459,zum
460,sondern
461,z
462,fiire
463,und
464,chum
465,biite
466,sinn
467,säge
468,dicht
469,wuuchenänd
470,längwilig
471,niemer
472,wider
473,trinke
474,exit
475,probiert
476,spile
477,spili
478,meusch
479,schwirig
480,mittlere
481,extremere
482,dehei
483,müesses
484,muess
485,mä
486,namitag
487,chönt
488,dudes
489,chligruppe
490,konzentriert
491,(unverständllich)
492,headis
493,würd
494,is
495,griff
496,dassi
497,hätt
498,müesste
499,wirsch
500,abgfüut
501,abfüue
502,chaschs
503,wasser
504,insta
505,gläse
506,spass
507,gnue
508,trunke
509,anger
510,usegheit
511,rouhockeyler
512,sogar
513,uttige
514,zuefällig
515,nimmi
516,lug
517,nachbarschft
518,scheisse
519,summer
520,hauetraining
521,aha
522,musikalisch
523,sportlech
524,alphorn
525,horn
526,unihockey
527,einzigi
528,krass
529,räscht
530,usegfulet
531,sportler
532,künstlerklasse
533,normali
534,gymerklasse
535,(.....)
536,woah
537,hm
538,ghöri
539,drzue
540,momänt
541,auber
542,lang
543,bänder
544,lengere
545,usfau
546,cha
547,dür
548,usm
549,sportgymer
550,usegheie
551,(.......)
552,wow
553,inland
554,umgäbig
555,bern
556,fändi
557,chaut
558,biwakne
559,BLUEME
560,fasch
561,möge
562,ufe
563,loufe
564,dänkt
565,zää
566,heiligeschwändi
567,rehaklinik
568,gwüsst
569,haub
570,stung
571,lenger
572,iih
573,rucksack
574,schwerer
575,jakobsweg
576,kilo
577,euf
578,drüü
579,liter
580,pfännli
581,wäg
582,nächste
583,morge
584,liechter
585,gschickt
586,packet
587,inegstopft
588,trage
589,machts
590,super
591,hiufsbereit
592,meischte
593,(........)
594,smartcamp
595,dert
596,nacht
597,ungerkunft
598,müessä
599,[suechä]
600,hammer
601,huh
602,ugh
603,verbringe
604,ohni
605,schwoscht
606,mh
607,ächt
608,gspannt
609,bös
610,gmeint
611,gseh
612,leitigsperson
613,seit
614,sehr
615,hingerfragt
616,überlege
617,chömet
618,weisi
619,hingerfrage
620,söfu
621,läbes
622,dänker
623,macher(..)
624,sache
625,bim
626,gloube
627,houptsach
628,wot
629,orte
630,fänd
631,HAWAII
632,fiume
633,wunderschön
634,dört
635,schei
636,takiitos
637,takentos
638,schön
639,schöni
640,insle
641,zimlech
642,ribi
643,ömu
644,HOHTÜRLI
645,kientalersiite
646,alpe
647,umgekehrte
648,tempo
649,umgekehrti
650,reihefolg
651,änne
652,aso
653,LOCHMÄNNER
654,äne
655,OESCHINE
656,OESCHINESEE
657,blaus
658,hey
659,gstange
660,achegluegt
661,söu
662,beschribe
663,passiert
664,ernst
665,jetzt
666,dünkt
667,ZAKYNTHOS
668,berührt
669,touristisch
670,afang
671,dobe
672,lüt
673,[achä
674,gsehsch]
675,desto
676,witer
677,ache
678,turnschuhe
679,touriste
680,geit
681,sit
682,misstritt
683,gfährdet
684,ufegloffe
685,git
686,itzä
687,dings
688,shuttletaxi
689,taustation
690,see
691,füre
692,eine
693,bärge
694,bruchsch
695,au
696,touris
697,gröselis
698,hingere
699,chöme
700,ufene
701,ume
702,chunnsch
703,rund
704,bergstation
705,vorauem
706,berge
707,natur
708,hashtag
709,naturelife
710,dene
711,schueh
712,naturmönsch
713,richtige
714,naturmönsche
715,go
716,for
717,GRETA
718,uh
719,loufsch
720,wenn
721,eifacher
722,nimmsch
723,wanderwäg
724,würklech
725,chline
726,wägli
727,unger
728,ändi
729,nünti
730,klass
731,wandere
732,ihrer
733,familie
734,ihre
735,brüetsch
736,cousine
737,ihrä
738,kennt
739,zwöit
740,egau
741,geng
742,emu
743,ufeloufe
744,gmüetlech
745,kennes
746,mers
747,gwannet
748,wanderschueh
749,agha
750,usgrüstet
751,losgloffe
752,schnäu
753,mini
754,hüft
755,tuet
756,weh
757,mis
758,chnöi
759,tape
760,paar
761,blibe
762,stah
763,louf
764,düre
765,jedes
766,ahautisch
767,aloufe
768,wius
769,kraft
770,chostet
771,zieh
772,füüf
773,pouse
774,machsch
775,atrengender
776,zmittagspouse
777,gäbiger
778,gspüre
779,gloubt
780,verbi
781,gloffe
782,tja
783,s'muess
784,säuber
785,merke
786,ewigs
787,bruucht
788,wott
789,schlächt
790,ke
791,ahnig
792,schäacht
793,mah
794,geits
795,dim
796,fuess
797,dunger
798,zug
799,gwartet
800,ihres
801,mami
802,wenier
803,happig
804,erinnerig
805,teu
806,maches
807,weniger
808,fing
809,wenigstens
810,bähnli
811,ok
812,(......)
813,irgend
814,letschti
815,chönnti
816,allei
817,füess
818,tag
819,hie
820,bis
821,TAFERS
822,LAUSANNE
823,räschtleche
824,vier
825,easy
826,verschneit
827,obe
828,RÜEGGISBERG
829,SEFTIGE
830,drüber
831,daheime
832,vorwärts
833,zwungnegi
834,glich
835,erfrore
836,während
837,dasch
838,füfezwänzigi
839,spontan
840,ungerwegs
841,SPANIE
842,SANTIAGO
843,DE
844,COMPOSTELA
845,ziu
846,vili
847,EUROPA
848,s'git
849,er
850,weg
851,wegnetz
852,chönne
853,ustuusche
854,zwöite
855,hert
856,gägä
857,schluss
858,ta
859,glänk
860,ilageshole
861,chiller
862,surre
863,nach
864,wüu's
865,natürlech
866,gross
867,jammeri
868,nä
869,chöimer
870,bitte
871,wüeschtischte
872,ufgä
873,frag
874,hätti
875,[nie]
876,igestah
877,würdsch
878,härä
879,kenne
880,möchti
881,fröid
882,täg
883,weni
884,überleit
885,fänds
886,cooler
887,flugi
888,vom
889,ort
890,flüge
891,über
892,RUSSLAND
893,ASIE
894,müglechkeite
895,outo
896,vermide
897,ines
898,land
899,beschte
900,englisch
901,schaffe
902,irgenwie
903,baarkeepere
904,mitzt
905,inne
906,erläbsch
907,(.........)
908,luegsch
909,irgendwiä
910,beach
911,resort
912,iiheimische
913,offe
914,erläbe
915,itze
916,reise
917,IRLAND
918,mönet
919,greist
920,büürin
921,glehrt
922,SCHWEIZ
923,irendwie
924,ene
925,farm
926,kontakt
927,mitbecho
928,jap
929,frage
930,wenni
931,haube
932,siite
933,odr
934,mueter
935,schwoschte
936,einti
937,wäre
938,cousins
939,zwüscheziit
940,ahang
941,nur
942,häufti
943,wiehnachte
944,gfiiret
945,dere
946,grosi
947,alass
948,get
949,ready
950,höhö
951,heter
952,komischi
953,haar
954,za
955,afro
956,afrikanischs
957,schwizer
958,locke
959,usgseh
960,hoi
961,mai
962,afangs
963,märz
964,wemes
965,hundert
966,äch
967,wieder
968,day
969,hi
970,(. )
971,gfahre
972,irgendöpperem
973,louft
974,ämu
975,vortragszüg
976,umeghocket
977,motivation
978,burgdorfer
979,heits
980,steit
981,druf
982,abzie
983,letscht
984,wärde
985,euter
986,aut
987,baud
988,sibzähni
989,eigentlech
990,gfüue
991,sig
992,wet
993,sibe
994,sächzähni
995,üses
996,team
997,aluegsch
998,äutischt
999,wird
1000,füfezwänzgi
1001,zwöiezwänzgi
1002,einezwänzgi
1003,junge
1004,hüratet
1005,ersch
1006,hürate
1007,imne
1008,atrag
1009,gas
1010,nächscht
1011,herbst
1012,gliichziitig
1013,erfahre
1014,räschte
1015,verlobt
1016,location
1017,rot
1018,süess
1019,süesse
1020,sirup
1021,fium
1022,luege
1023,glace
1024,luscht
1025,chips
1026,öich
1027,labberä
1028,müesst
1029,ufschribe
1030,berndütsch
1031,gredt
1032,hochdütsch
1033,gmacht
1034,hätte
1035,hättisch
1036,play
1037,hättses
1038,ufgschribe
1039,eutereabe
1040,ganze
1041,zite
1042,höhöhö
1043,dütschi
1044,verstöh
1045,schwiizerdütsch
1046,wod
1047,müeh
1048,mitm
1049,diskussionsrundine
1050,tische
1051,eint
1052,tisch
1053,umegluegt
1054,eus
1055,teuwis
1056,extrem
1057,lose
1058,CHASPERLI
1059,hin
1060,PAW
1061,PATROL
1062,FEUERWEHRMANN
1063,SAM(.)
1064,kassette
1065,wir
1066,spielen
1067,drei
1068,hund
1069,zahle
1070,sechzighundert
1071,werden
1072,züg
1073,gnau
1074,härzig
1075,wünscht
1076,gschwüsterti
1077,code
1078,gott
1079,g
1080,t
1081,s
1082,bibu
1083,gschmückt
1084,p
1085,figürli
1086,gester
1087,zwö
1088,langsam
1089,näme
1090,SKYE
1091,ROCKY
1092,wobble
1093,ghöre
1094,verezeue
1095,hüete
1096,wunschliste
1097,handy
1098,füehre
1099,möcht
1100,uuh
1101,wünschisch
1102,eilech
1103,uhh
1104,schänke
1105,liebi
1106,wünsche
1107,lockestab
1108,vortag
1109,gwäsche
1110,gsehts
1111,wes
1112,ghüsteret
1113,usgseht
1114,verstrublet
1115,wä
1116,finges
1117,gfauts
1118,hase
1119,typische
1120,rossschwanz
1121,gle-
1122,uftue
1123,drum
1124,wickle
1125,glette
1126,läbe
1127,glettet
1128,stress
1129,beidi
1130,gwitzlet
1131,steisch
1132,viertu
1133,ufgtange
1134,haubi
1135,eim
1136,längt
1137,söue
1138,billet
1139,löse
1140,chumi
1141,fahrt
1142,mine
1143,luegä
1144,velo
1145,bschlosse
1146,wäggsecklet
1147,veloständer
1148,ungädüre
1149,füfedriisg
1150,nünedriisg
1151,ganzi
1152,igfahre
1153,seckle
1154,gumpe
1155,dänke
1156,grüeni
1157,ringli
1158,türe
1159,grüene
1160,nümme
1161,liebe
1162,lockfüehrer
1163,nächher
1164,hetter
1165,fahre
1166,dire
1167,nase
1168,leid
1169,immerhin
1170,verpasst
1171,sächsedrissg
1172,abgmacht
1173,wi
1174,sisch
1175,blöd
1176,schlimm
1177,ultra
1178,läng
1179,mittag
1180,isst
1181,hinger
1182,dra
1183,ob
1184,pfiife
1185,lehrt
1186,tüet
1187,planä
1188,mmm
1189,gloubi
1190,ofe
1191,(imitiert ein geräusch)
1192,ii
1193,zämä
1194,besprechä
1195,(unverständliche geräusche)
1196,loufts
1197,asträngendi
1198,schueu
1199,gymeler
1200,mängisch
1201,eini
1202,nöi
1203,paraklass
1204,stöh
1205,merci
1206,kopfhörer
1207,ane
1208,grosse
1209,redet
1210,erkläre
1211,ey
1212,lost
1213,gäu
1214,zwöifige
1215,loset
1216,spongebob
1217,game
1218,dräck
1219,gummistifle
1220,schlöfle
1221,böimli
1222,liechtig
1223,schleuse
1224,chliine
1225,schlamm
1226,inegange
1227,versunke
1228,GRIECHELAND
1229,ide
1230,ferie
1231,strand
1232,militär
1233,zwölfjährige
1234,ligistuhl
1235,dürechrüüche
1236,irgendiwe
1237,fingerspitze
1238,zäihe
1239,ine
1240,ablige
1241,sandburg
1242,boue
1243,fiis
1244,kreativ
1245,wem
1246,wäm
1247,ghei
1248,sse
1249,[so]
1250,gloubs
1251,nami
1252,chötzle
1253,eutere
1254,chärri
1255,gstohle
1256,gottesdienst
1257,chärre
1258,worde
1259,entsetzt
1260,wies
1261,wüsse
1262,seich
1263,inkusiv
1264,drinks
1265,hole
1266,zeige
1267,sone
1268,vierzä
1269,jünger
1270,motze
1271,alkohol
1272,bechunnt
1273,nächschte
1274,sträng
1275,kontrolliert
1276,drink
1277,pro
1278,person
1279,plötzlech
1280,heisi
1281,zämegschisse
1282,heicho
1283,mama
1284,guete
1285,geburtstag
1286,ehh
1287,ufknacke
1288,verzeut
1289,grosspapi
1290,papi
1291,ufknackt
1292,schnaps
1293,usetrunke
1294,ihne
1295,sötigi
1296,achegüttere
1297,ids
1298,koma
1299,darf
1300,probiere
1301,ä
1302,bitter
1303,BURGDORFER
1304,BÄRNER
1305,MÜNTSCHI
1306,scho(.)
1307,EVE
1308,drgäge
1309,schad
1310,feins
1311,getränk
1312,bispiu
1313,cooli
1314,extra
1315,furt
1316,pool
1317,cools
1318,huus
1319,übertribe
1320,beerpong
1321,adventure
1322,room
1323,träffe
1324,grad
1325,lacht
1326,unlogisch
1327,ach
1328,apero
1329,handbauer
1330,besseri
1331,aune
1332,ifluss
1333,iiskunstläufere
1334,yup
1335,hand
1336,schüteler
1337,nh
1338,wimmis
1339,uttiger
1340,kunstturnerinne
1341,chrüzband
1342,grisse
1343,snowboardcross
1344,gletscher
1345,usland
1346,pumptrick
1347,roubrätt
1348,musiker
1349,klavier
1350,klassisch
1351,jazz
1352,hmh
1353,hornspilere
1354,gringlet
1355,instrument
1356,judo
1357,karate
1358,künstler
1359,füfzä
1360,vierezwänzg
1361,drzuecho
1362,jahrgang
1363,drüäzwänzg
1364,dèsch
1365,ruedere
1366,nöie
1367,bräit
1368,liechtatlet
1369,schwümmerin
1370,klav
1371,pianistin
1372,verteilt
1373,närä
1374,künschtler
1375,turmspringer
1376,unfau
1377,chopf
1378,brett
1379,agschlage
1380,hirnflüssigkeit
1381,litzt
1382,(unvertändlich)
1383,harmlos
1384,vergliichsch
1385,verletzige
1386,blibsch
1387,dini
1388,darfsch
1389,seisch
1390,sport
1391,bringts
1392,spart
1393,lieber
1394,schwärpunktfach
1395,lehrling
1396,hex
1397,irgendwo
1398,spanisch
1399,musik
1400,DEUTSCHLAND
1401,chor
1402,opere
1403,bg
1404,aluege
1405,schueuhuus
1406,uftreg
1407,lehrerin
1408,derte
1409,vorschleg
1410,tagesworkshops
1411,biuspiu
1412,settnige
1413,vortrag
1414,rollstuheu
1415,umgö
1416,öpperem
1417,bire
1418,suppechüchi
1419,ono
1420,survivaltäg
1421,heise
1422,GRAUBÜNDE
1423,gibsch
1424,elektronische
1425,gisch
1426,topf
1427,vergrabe
1428,tuesch
1429,mätteli
1430,schlafsack
1431,überläbe
1432,chrütlireis
1433,barfuess
1434,stärnehimmu
1435,kes
1436,gwicht
1437,höchstens
1438,verteilig
1439,würde
1440,ussetze
1441,bechöme
1442,charte
1443,kompass
1444,drisg
1445,franke
1446,inere
1447,ziitspanni
1448,standort
1449,buure
1450,übernachte
1451,gäud
1452,leiter
1453,fröie
1454,leite
1455,joa
1456,[haut
1457,so]
1458,wos
1459,schächt
1460,züüg
1461,kritisch
1462,hingerfragsch
1463,überleisch
1464,fescht
1465,gfüeu
1466,troumdestination
1467,mmh
1468,sorry
1469,verzeu
1470,nääh
1471,gfüheu
1472,gehsch
1473,biuder
1474,influencer
1475,schöne
1476,fotospot
1477,stund
1478,astah
1479,foto
1480,tri
1481,ki
1482,trikimi
1483,k
1484,katakomb
1485,ire
1486,höhli
1487,blauem
1488,bundalp
1489,blausee
1490,ih
1491,gs
1492,wonr
1493,zuegfrore
1494,winter
1495,minus
1496,wintersschuh
1497,winterjacke
1498,skihose
1499,ihrne
1500,lackschüeli
1501,dänki
1502,gmüetleche
1503,spaziergang
1504,meinsch
1505,INSTAGRAM
1506,gondeli
1507,hiking
1508,beautiful
1509,nature
1510,really
1511,wirds
1512,astrengender
1513,föteli
1514,erschti
1515,schnäuschte
1516,vorus
1517,secklet
1518,tschuu
1519,vorne
1520,kollege
1521,FRIBOURGISCHE
1522,amne
1523,ehrgiz
1524,ku
1525,mire
1526,kollegin
1527,grossi
1528,ghüratet
1529,tochter
1530,ihrem
1531,ma
1532,wäutreis
1533,sächs
1534,reist
1535,wäutgschicht
1536,erschts
1537,DUBAI
1538,MALEDIVE
1539,BANGKOK
1540,öb
1541,einzelne
1542,etape
1543,ruum
1544,AUSTRALIE
1545,haubs
1546,würdi
1547,bueche
1548,häreflug
1549,motel
1550,luegi
1551,gani
1552,lehri
1553,lehrsch
1554,spannend
1555,family
1556,diner
1557,cousin
1558,teil
1559,kennsch
1560,würkl
1561,lech
1562,eeh
1563,bischs
1564,spät
1565,hello
1566,brüue
1567,kaputt
1568,dumm
1569,abzoge
1570,hasä
1571,gleit
1572,jacke
1573,gschosse
1574,sä
1575,ghockt
1576,bügu
1577,mes
1578,zwänzgi
1579,steu
1580,hüratä
1581,schüttle
1582,wiiser
1583,unge
1584,botz
1585,müehsam
1586,uswärte
1587,usländer
1588,settigi
1589,franzos
1590,glück
1591,ich
1592,mag
1593,kein
1594,hochdeutsch
1595,fernsehsprach
1596,ipod
1597,pod
1598,schatztrucke
1599,gschribe
1600,zahlecode
1601,schatz
1602,truh
1603,truhe
1604,poh
1605,patrol
1606,usprichsch
1607,MARSHALL
1608,dsch
1609,füürwehr
1610,hung
1611,RYDER
1612,hami
1613,wiehnacht
1614,vorhär
1615,sporttäsche
1616,gschänk
1617,glettise
1618,lockstab
1619,brucht
1620,bruuche
1621,gschafft
1622,stab
1623,clipper
1624,um
1625,drumwickle
1626,ufta
1627,ufä
1628,(..........)
1629,nünedrissg
1630,achtedrissg
1631,ifahrt
1632,trottinette
1633,gibi
1634,gheihe
1635,stäge
1636,chume
1637,fahr
1638,erläbt
1639,zig
1640,drückt
1641,aghaute
1642,inechönne
1643,schlimmer
1644,drücksch
1645,hanis
1646,fahrter
1647,enttüschig
1648,blick
1649,bsueche
1650,lehre
1651,ungerbräche
1652,wirde
1653,dezember
1654,vierezwänzgi
1655,wässerig
1656,gueti
1657,st-
1658,plus
1659,moins
1660,transkribiere
1661,wünschet
1662,wieni
1663,(für dass schöner chasch machä)
1664,(UNVERSTÄNDLICH)
1665,informiere
1666,sozäge
1667,u:nd
1668,iverständniserklärige
1669,gnusch
1670,sägets
1671,dis
1672,beidi:
1673,un
1674,name
1675,ne:
1676,du::
1677,punkt
1678,totau
1679,bünzlischwizerin
1680,(LACHT)
1681,muessi
1682,dämfau
1683,wohnet
1684,nume
1685,drü
1686,vonenang
1687,entfernt
1688,hautet
1689,chindheitsfründin
1690,ewig
1691,weme
1692,ufwachst
1693,achtzäni
1694,gli
1695,fertig
1696,nimi
1697,nü:m
1698,auzu
1699,ja:
1700,öie
1701,wit
1702,lä
1703,füfi
1704,woche
1705,sech
1706,((LACHEND)
1707,so)
1708,zämegsetzt
1709,ängli:sch)
1710,änglisch
1711,wächsle
1712,üebe
1713,a'a's
1714,der
1715,one
1716,länge
1717,müed
1718,i:s
1719,bräche
1720,witz
1721,tschuudigung
1722,uffrüsche
1723,wennd
1724,tagtäglech
1725,redsch
1726,kennet
1727,diskussionsstoff
1728,verschidnigste
1729,theme
1730,ehrlech
1731,unbedingt
1732,ussortiert
1733,per
1734,zuefau
1735,finget
1736,blödi
1737,verwärfe
1738,re
1739,witere
1740,delete
1741,brüetsche
1742,wiud
1743,äutere
1744,jüngere
1745,u:
1746,machtstrukture
1747,ändere
1748,mitem
1749,auter
1750,gäu)
1751,irgendwenn
1752,grössi
1753,usschlaggebend
1754,euch
1755,schwoste
1756,tendenziell
1757,ungerschide
1758,konflikte
1759,löst
1760,überwäutige
1761,wirschs
1762,vermisse
1763,chönntet
1764,winke
1765,nächi
1766,zollikofe
1767,ittige
1768,nachbarin
1769,gid
1770,zieht
1771,gad
1772,tür
1773,schwo
1774,uszieht
1775,warte
1776,gids
1777,ellei
1778,wohne
1779,uszoge
1780,äuter
1781,hoffi
1782,(s isch)
1783,schwierig
1784,sueche
1785,früeh
1786,(e)r
1787,lust
1788,ers
1789,mittlerwile
1790,suechsch
1791,(-)
1792,fra:g
1793,no)
1794,dasmau
1795,glücks
1796,glücksma
1797,definitiv
1798,öii
1799,these
1800,froue
1801,männer
1802,ghört
1803,steuet
1804,bsoffnige
1805,pilot
1806,gieng
1807,job
1808,chönnt
1809,verbinde
1810,schliesst
1811,negativspirale
1812,v
1813,viune
1814,merkt
1815,a:
1816,verstecke
1817,aukohouproblem
1818,fründeskreis
1819,fautsch
1820,d(a)sch
1821,so'
1822,sött
1823,hoffentlech
1824,wüus
1825,glustet
1826,ua:
1827,beidem
1828,dir:
1829,entdeckt
1830,sirupbueb
1831,(weni/wien ig)
1832,verloffe
1833,pflichte
1834,wahrgno
1835,oa:
1836,lehrkraft
1837,chöit
1838,meint
1839,passiere
1840,kiffe
1841,problem
1842,chli:
1843,thematisiert
1844,site
1845,lehrchräft
1846,hänkes
1847,derzue
1848,(i)sch
1849,usserhaub
1850,publiziere
1851,schuele
1852,sötti
1853,beachte
1854,fröhlechers
1855,thema
1856,öbs
1857,git:
1858,ou:
1859,dIr
1860,ech
1861,ehe
1862,hützutag
1863,bedütig
1864,sicherlech
1865,ufne
1866,usere
1867,perspektive
1868,früecher
1869,grosseutere
1870,aluegt
1871,ja:hre
1872,ersti
1873,begägnig
1874,nachdäm
1875,heiter
1876,gänderet
1877,generation
1878,säget
1879,dating
1880,apps
1881,tinder
1882,romantischi
1883,vorstellig
1884,bruchs
1885,öire
1886,nutze
1887,tabu
1888,kriterie
1889,mues
1890,talentshow
1891,me:
1892,kenni
1893,cartoon
1894,serie
1895,yes
1896,online
1897,chame
1898,ja'
1899,gern
1900,dem
1901,findi
1902,rückmeudig
1903,uftritt
1904,live
1905,performe
1906,würds
1907,emne
1908,trio
1909,dus
1910,uswändig
1911,lied
1912,top
1913,verborgnigi
1914,gheimnis
1915,singkarriere
1916,aktiv
1917,DAS
1918,wode
1919,(isch/hesch)
1920,verarschisch
1921,gwüss
1922,gwüsses
1923,täglech
1924,wuche
1925,lustigs
1926,ereignis
1927,wome
1928,priorisiere
1929,theater
1930,demfau
1931,schribet
1932,ougust
1933,(dasch)
1934,klima
1935,debatte
1936,hui
1937,dergäge
1938,sechs
1939,eso
1940,stoff
1941,wett
1942,ungärn
1943,ungerbreche
1944,witerhin
1945,haute
1946,möchtet
1947,aktuell
1948,jugendleche
1949,schüeler
1950,schüelerinne
1951,e(ifa)ch
1952,ufstand
1953,ufsehe
1954,errege
1955,demos
1956,streiks
1957,diskussion
1958,pflanzlechi
1959,lösige
1960,interesse
1961,bevöukerig
1962,schneu
1963,absteue
1964,englischi
1965,wurzle
1966,australisch
1967,muetter
1968,eigentlich
1969,in
1970,bri
1971,brite
1972,gebore
1973,australie
1974,züglet
1975,auschtr
1976,bri_gebore
1977,sibni
1978,bruefsschueu
1979,verglich
1980,isches
1981,churz
1982,arbet
1983,stressig
1984,(jammer/di anger)
1985,iu
1986,rate
1987,chani
1988,schnure
1989,meinig
1990,mischig
1991,ungerstütze
1992,löschä
1993,lösä
1994,ik
1995,als
1996,konflikt
1997,brüederlechi
1998,ja:)
1999,stand
2000,usdiskutiere
2001,JA
2002,prüglet
2003,(ich ha/i cha)
2004,eich
2005,gwunne
2006,chunt
2007,drufa
2008,mitti
2009,acht
2010,(drunger/unger)
2011,ungere
2012,chlinste
2013,ähnlech
2014,chliner
2015,(de/döt)
2016,position
2017,vori
2018,zimmer
2019,grundsätzlech
2020,agfange
2021,steue
2022,währenddäm
2023,hani(ne)
2024,useschicke
2025,funktioniert
2026,hoffe
2027,vierte
2028,lehrjahr
2029,finanziell
2030,möglech
2031,min
2032,situation
2033,nja
2034,bereut
2035,uszügle
2036,drü:
2037,suechen
2038,neue
2039,wohnig
2040,suecht
2041,ebe
2042,fründin
2043,einiges
2044,müesstisch
2045,sägä
2046,(lacht)
2047,st
2048,vilech
2049,stimme
2050,na
2051,thes
2052,ufbout
2053,här
2054,ja::
2055,oberste
2056,welcher
2057,berufsgruppe
2058,findet
2059,man
2060,voraussichtlich
2061,den
2062,höchsten
2063,prozentsatz
2064,alkoholikern
2065,also
2066,überleget
2067,schlimmste
2068,brüef
2069,gastronomie
2070,nä:r
2071,hohi
2072,positione
2073,bruche
2074,die:
2075,hohem
2076,ärzt
2077,droge
2078,teamleader
2079,wahrschinlech
2080,en
2081,blickwinku
2082,welem
2083,bruef
2084,n
2085,aukoholiker
2086,fautschi
2087,gruppe
2088,sinne
2089,weit
2090,alkoholiker
2091,söttet
2092,sauce
2093,früech
2094,wüuis
2095,cocktail
2096,vougstopfet
2097,betrinke
2098,derna
2099,betrunke
2100,erinnere
2101,abgwäsche
2102,ding
2103,organisiert
2104,ner
2105,UFru:me
2106,bin
2107,ar
2108,wasserhahn
2109,dasses
2110,ablenkt
2111,richtigi
2112,möglechkeite
2113,nä'ä
2114,e:
2115,chürzlech
2116,komplett
2117,satt
2118,partner
2119,suechi
2120,ufghört
2121,bruchts
2122,eignet
2123,richtegi
2124,filter
2125,funktion
2126,gueten
2127,nähm
2128,fiuterfunktion
2129,zügs
2130,agä
2131,analogi
2132,wege
2133,zuestimme
2134,schlau
2135,e(i)fach
2136,ufga
2137,einigermasse
2138,hübsch
2139,sadischt
2140,sadistisch
2141,gäng
2142,ehm:
2143,säubstsüchtig
2144,liebste
2145,natürlich
2146,wien
2147,wieds
2148,bezeichnisch
2149,(HINTERGRUNDGERÄUSCH)
2150,kategorie
2151,ghör
2152,swiss
2153,voice
2154,tour
2155,glouffe
2156,uffüerig
2157,usegfunge
2158,irgenden
2159,blödsinn
2160,singe
2161,pinky
2162,and
2163,the
2164,brain
2165,intro
2166,gsunge
2167,fingsch
2168,youtube
2169,zwöihundertfüfzg
2170,ufrüef
2171,drühundertsechsezwänzg
2172,lustig
2173,glichfaus
2174,füehles
2175,besti
2176,hed
2177,(zur frou/so uf franz)
2178,gseid
2179,franzose
2180,westschwizer
2181,besser
2182,(u när)
2183,tu
2184,perdu
2185,rat
2186,back
2187,to
2188,looney
2189,tunes
2190,lächle
2191,kla::r
2192,huere
2193,geil
2194,erreicht
2195,jurys
2196,ärnst
2197,blöde
2198,geste
2199,(UNVERSTÄNDLICH SINGEND IN ENGLISCH)
2200,güebt
2201,lorem
2202,ipsum
2203,innovativ
2204,fahne
2205,nation
2206,verarsche
2207,leider
2208,machi
2209,schribe
2210,üse
2211,eiget
2212,stück
2213,beschribig
2214,eigene
2215,g(a)d
2216,früehligsferie
2217,projektwoch
2218,houptcharakter
2219,beharre
2220,regu
2221,tueni
2222,outperforme
2223,diplomatie
2224,brueche
2225,hueren
2226,opfers
2227,kompensiere
2228,glichzitig
2229,härz
2230,priorität
2231,meiste
2232,prioriät
2233,wüu:
2234,umweut
2235,klimawandu
2236,drissgi
2237,vierzgi
2238,chlima
2239,vüu
2240,nöd
2241,master
2242,procrastinator
2243,professional
2244,bitzi
2245,musches
2246,bedütet
2247,nöcher
2248,theoretisch
2249,wenns
2250,rundum
2251,gaht
2252,witiste
2253,entfärnt
2254,planete
2255,dräit
2256,dräie
2257,distanz
2258,gfragt
2259,bedütisch
2260,schritt
2261,fleisch
2262,fleischkonsum
2263,mindere
2264,auternative
2265,abie
2266,vorschin
2267,energie
2268,umtusche
2269,nuklear
2270,spare
2271,best
2272,variante
2273,prio
2274,drufzahle
2275,plastik
2276,gebruchsplastik
2277,schrottwar
2278,schwiz
2279,wahnsinnig
2280,bringe
2281,löus
2282,(HAUT AUF DEN TISCH)
2283,fingeni
2284,(dir)
2285,streik
2286,sötsch
2287,entsprechend
2288,fachwüsse
2289,derbi
2290,seuber
2291,here
2292,vision
2293,vorgange
2294,werde
2295,(äbe/eifach)
2296,schwach
2297,ITZ
2298,ufbringe
2299,serbie
2300,relativ
2301,aute
2302,serbische
2303,nachname
2304,schwizerischer
2305,chindergarte
2306,gliche
2307,gebäude
2308,näbenang
2309,erschte
2310,e:hm
2311,i:m
2312,dritte
2313,(LACHEN)
2314,zistig
2315,länger
2316,(ha/ga)
2317,zisti
2318,kurs
2319,zertifikat
2320,C1
2321,dämentsprächend
2322,beklage
2323,schlecht
2324,darfi
2325,ist
2326,wahrscheinlich
2327,häufigste
2328,paare
2329,beziehungen
2330,streiten
2331,dezue
2332,wüui
2333,beziehig
2334,zwöiti
2335,sollen
2336,kinder
2337,selbst
2338,lösen
2339,sollten
2340,eltern
2341,eingreifen
2342,jimmy
2343,so:
2344,manuel
2345,werum
2346,eh:
2347,poschtouto
2348,lösig
2349,du:
2350,witermachsch
2351,hingergedanke
2352,später
2353,alüte
2354,hei:
2355,erfahrige
2356,sammle
2357,gschadet
2358,hässig
2359,ungerstützig
2360,häresta
2361,izbezieh
2362,glöst
2363,u::
2364,o:
2365,fust
2366,o'o
2367,drunger
2368,he
2369,wärs
2370,obere
2371,schwost
2372,gwöhnt
2373,konfliktfreudig
2374,achtzäh
2375,dragwöhne
2376,sägi
2377,ufmerksamkeit
2378,hockt
2379,bett
2380,DA
2381,haubstung
2382,zämezschisse
2383,ure
2384,passt
2385,störe
2386,duets
2387,gstritte
2388,stritet
2389,egoistisch
2390,ere
2391,zwöiezwänzg
2392,gwautsam
2393,ertrage
2394,demnächst
2395,mani
2396,logisch
2397,paranoid
2398,EG
2399,wäge
2400,ibrächer
2401,(ja)am
2402,hang
2403,baukon
2404,garte
2405,der:
2406,jawohl
2407,ostsite
2408,westsite
2409,baukon:
2410,j:
2411,gäge
2412,hinge
2413,dran
2414,üsem
2415,block
2416,hüser
2417,läbt
2418,WG
2419,wuchenend
2420,chapeau
2421,kacke
2422,wede
2423,sövu
2424,züri
2425,bahn
2426,handumdrehe
2427,büro
2428,da(s i)sch
2429,u:::
2430,hocke
2431,näb
2432,normalerwis
2433,sini
2434,sach
2435,endi
2436,basiert
2437,arbeitsplatz
2438,IT
2439,ungervertrete
2440,abgseh
2441,bruefsbiudnerinne
2442,coaches
2443,mediamatikerinne
2444,füf
2445,type
2446,frou
2447,zwänzg
2448,würden
2449,meisten
2450,menschen
2451,wohl
2452,einen
2453,blindtest
2454,von
2455,einem
2456,fünfzig
2457,euro
2458,wein
2459,fünf
2460,unterscheiden
2461,können
2462,aukohou
2463,(dès)
2464,gsehschs
2465,widegustationspersone
2466,taxifahrer
2467,stö
2468,hüfig
2469,höcherem
2470,druck
2471,irgendöppis
2472,coping
2473,seitme
2474,dütsch
2475,arbeitslos
2476,arbeit
2477,arbeitsgruppe
2478,definitive
2479,kandidat
2480,hützutags
2481,strass
2482,umelouft
2483,bänkli
2484,schlaft
2485,normale
2486,füftages
2487,su:fe
2488,KO
2489,umgheie
2490,mänti
2491,klischee
2492,wöu
2493,rein
2494,eventuell
2495,emau
2496,schluck
2497,mitstifte
2498,choche
2499,wük
2500,(irgendwie)
2501,tiramisu
2502,chueche
2503,aukohoufreis
2504,rouche
2505,gruset
2506,gäg
2507,roucht
2508,grusigste
2509,trinkt
2510,wenig
2511,letschte
2512,mal
2513,egau:
2514,musch
2515,dana
2516,no(rmaler)wis
2517,nüme
2518,wahrschinech
2519,kater
2520,worschinlech
2521,toll
2522,druffe
2523,wunger
2524,reagiert
2525,zettel
2526,unterricht
2527,sind
2528,drogenfrei
2529,öbd
2530,bringt
2531,nit
2532,niemerem
2533,high
2534,schuplatz
2535,gse:
2536,beneblet
2537,nöchste
2538,scheidig
2539,scheide
2540,vorsteue
2541,scheidigsstatistike
2542,ufegange
2543,jahrzehnte
2544,schlächts
2545,begründet
2546,mitenang
2547,ou
2548,grund
2549,verhüratet
2550,chinder
2551,schwanger
2552,finanzielle
2553,hochzit
2554,party
2555,günstig
2556,fähler
2557,drissg
2558,la
2559,hängt
2560,dermit
2561,neui
2562,parship
2563,gsi:
2564,igendwie
2565,verlürt
2566,partnersuechi
2567,swiping
2568,reduziere
2569,night
2570,aktueller
2571,engagiere
2572,entscheide
2573,azau
2574,churze
2575,beziehige
2576,dramatisch
2577,erhöht
2578,öper
2579,neus
2580,bevor
2581,singles
2582,nöchi
2583,einzige
2584,armselig
2585,profiu
2586,gschminkt
2587,instagram
2588,fiuter
2589,wundervoui
2590,biografie
2591,kener
2592,zwe
2593,meter
2594,füfedrissg
2595,mindistens
2596,hundertzwänzg
2597,lüpfe
2598,erfougrich
2599,nebebeschäftigung
2600,app
2601,inträsse
2602,personalisierti
2603,stiu
2604,lebe
2605,(ihre/dere)
2606,gsundes
2607,ego
2608,süchtig
2609,sim
2610,eigete
2611,erstickt
2612,glachet
2613,wiu
2614,fest
2615,glacht
2616,iatme
2617,nei:
2618,finde
2619,öi
2620,witze
2621,amüsant
2622,dranne
2623,stärbe
2624,komplimänt
2625,beleidigung
2626,entschide
2627,öbi
2628,video
2629,show
2630,o:je
2631,sponsore
2632,schamgfüeu
2633,französisch
2634,w(e)rum
2635,ruhig
2636,atme
2637,ehrlich
2638,tut
2639,ufträte
2640,SEHR
2641,dankend
2642,abglehnt
2643,nei:nei:
2644,talent
2645,shows
2646,nüd
2647,thea
2648,liste
2649,vierti
2650,wau
2651,(ha)
2652,uswähle
2653,uffüehred
2654,nei::
2655,gmischti
2656,GEIL
2657,(u:/iu)
2658,finnisches
2659,voukslied
2660,internetsensation
2661,wöus
2662,wienis
2663,wörter
2664,kauderwelsch
2665,verzeue
2666,be
2667,bekanntist
2668,oje
2669,wunderet
2670,(SINGT)
2671,kanon
2672,aller
2673,guten
2674,dinge
2675,(hoi/holy)
2676,tatsächlech
2677,(uf)
2678,text
2679,umgwandlet
2680,me:hreri
2681,wele
2682,witzigi
2683,gschicht
2684,wis
2685,prinzip
2686,melodie
2687,e:ja
2688,jedefaus
2689,churzes
2690,gedicht
2691,stueu
2692,zämeboue
2693,härebecho
2694,bluetig
2695,gändet
2696,chas
2697,nenne
2698,stouz
2699,präsentiere
2700,dasi
2701,zwöuf
2702,nationauhymnene
2703,französischi
2704,version
2705,refrain
2706,holländische
2707,flagge
2708,vanuatu
2709,NIE
2710,jetz
2711,ergit
2712,nachecho
2713,sones
2714,unscharfs
2715,biud
2716,internet
2717,flaggene
2718,det
2719,zwöimau
2720,itrag
2721,uganda
2722,komische
2723,wunder
2724,weissis
2725,interessierts
2726,erklärig
2727,thea:tergruppe
2728,miuchstrass
2729,(SUMMT)
2730,projekt
2731,eire
2732,skript
2733,vorbereite
2734,vertroue
2735,datum
2736,schicksch
2737,vergissischs
2738,wahrschinli
2739,roue
2740,trotzdem
2741,näh
2742,konkurrenz
2743,probiersch
2744,uszheble
2745,fuest
2746,diplomatisch
2747,vorzga
2748,weli
2749,grundschueu
2750,theaterevent
2751,(???)
2752,üsere
2753,oberstuefe
2754,(schüelerwächsu/schüeler wächsle)
2755,gsichter
2756,grossprojekt
2757,musical
2758,hybrid
2759,(SCHLÄGT MIT DER HAND AUF DEN TISCH)
2760,theatergruppe
2761,permanent
2762,fakultativfach
2763,leute
2764,machen
2765,kleider
2766,jahresthema
2767,ghüder
2768,zämesammle
2769,ghüderseck
2770,ufenang
2771,gsteut
2772,gsammlet
2773,hitz
2774,längwiligi
2775,schueuzit
2776,trotz
2777,gwohnt
2778,sei
2779,dahingestellt
2780,beweggründ
2781,vorteilhaft
2782,säubstverständlech
2783,intressante
2784,themeschwung
2785,offizieu
2786,doktortitu
2787,know
2788,how
2789,lustigi
2790,ufgforderet
2791,kontroversi
2792,vonere
2793,eigntlech
2794,verschidene
2795,fragestellige
2796,konfrontiert
2797,zämehang
2798,fragestellig
2799,erde
2800,überlebenschance
2801,mönsche
2802,gäb
2803,umbringe
2804,rette
2805,irgendeme
2806,szenario
2807,mönschheit
2808,grosses
2809,witeri
2810,einehaub
2811,erreiche
2812,uswau
2813,entweder
2814,stirbt
2815,überlebe
2816,überlebt
2817,setzt
2818,gsamtheit
2819,umgekehrt
2820,beste
2821,lat
2822,ussert
2823,wäut
2824,grettet
2825,umbringt
2826,duuret
2827,schneust
2828,zure
2829,mönschefreie
2830,angerersits
2831,eskaliert
2832,ungerschid
2833,erhole
2834,irgendmau
2835,usserdem
2836,sta
2837,statistisch
2838,überfäuig
2839,vomne
2840,zerstörende
2841,asteroid
2842,unwahrschinlech
2843,planet
2844,zämeprau
2845,dinosaurier
2846,usstärbe
2847,vode
2848,astroide
2849,entstande
2850,mindestens
2851,viermau
2852,einzigs
2853,dervo
2854,verheerendi
2855,meini
2856,erhitze
2857,zerstöre
2858,jedi
2859,sekunde
2860,chance
2861,besteit
2862,grösser
2863,wahrschinlechkeit
2864,itrifft
2865,tuets
2866,regierig
2867,verschwige
2868,astronomie
2869,wüsseschaft
2870,astrologie
2871,sternzeiche
2872,offiziell
2873,bezeichne
2874,jehovas
2875,witnesses
2876,sekte
2877,jupiter
2878,eh::
2879,sunne
2880,abstand
2881,erdumloufbahn
2882,längi
2883,veränderet
2884,rütscht
2885,gwüsse
2886,ad
2887,antiklimawandukritiker
2888,ü
2889,wärmer
2890,füfzg
2891,dassme
2892,I
2893,heiss
2894,elon
2895,musk
2896,mars
2897,kolonialisiere
2898,cybertrucks
2899,staate
2900,ufhöre
2901,chohleenergie
2902,unterstütze
2903,teppich
2904,schiebe
2905,uslösche
2906,grüen
2907,langs
2908,technologie
2909,abfau
2910,chraftwerk
2911,wiederverwände
2912,interessant
2913,südamerika
2914,are
2915,universität
2916,studentin
2917,plas
2918,plastikvarant
2919,entwicklet
2920,kaktusfasere
2921,stabiu
2922,reguläres
2923,zersetzbar
2924,(UNVERSTÄNDLECH)
2925,umwäutverschmutzig
2926,usserdäm
2927,initiative
2928,plastikröhrli
2929,bruchteil
2930,ozean
2931,grösst
2932,fischernetz
2933,fischer
2934,abschaffe
2935,migros
2936,plastiksack
2937,rappe
2938,kaktusvariante
2939,fördere
2940,abbout
2941,dünger
2942,angerne
2943,liechte
2944,stoffe
2945,sonderlech
2946,schoggitafle
2947,drituet
2948,kantene
2949,gebrauchsplastik
2950,plastiksäck
2951,gebruchsware
2952,houz
2953,mirs
2954,demonstriere
2955,palestinisch
2956,staat
2957,befreie
2958,ö
2959,passiv
2960,aggressivi
2961,briefe
2962,schicke
2963,lösigsvorschlag
2964,demo
2965,integriere
2966,umso
2967,lösigsvorschläg
2968,mensche
2969,einige
2970,ungerschidliche
2971,ungerschidlech
2972,sige
2973,verschiedene
2974,politische
2975,sichte
2976,formuliere
2977,schlussendlech
2978,innerhaub
2979,tofu
2980,schueuhus
2981,zäh
2982,sächsi
2983,unzite
2984,hock
2985,ussesiter
2986,bünzlischwizer
2987,lehr
2988,chürzer
2989,letschts
2990,muettersprachler
2991,bitz
2992,schade
2993,blau
2994,söttä
2995,(--)
2996,schlimme
2997,jährigi
2998,erster
2999,linie
3000,hiuf
3001,erwachsene
3002,vowäge
3003,fisch
3004,fische
3005,gstorbe
3006,was?
3007,tod
3008,des
3009,stärkeren
3010,mitgschlage
3011,ebenerdig
3012,verschiedne
3013,hus
3014,weles
3015,luegt
3016,wohnt
3017,bärn
3018,jaja
3019,daheim
3020,ÖV
3021,dahäre
3022,weisses
3023,regumässig
3024,heigeit
3025,gloubes
3026,basislehrjahr
3027,deheim
3028,los
3029,achti
3030,acho
3031,bümpliz
3032,reden
3033,frauen
3034,mehr
3035,MIT
3036,keni
3037,gschlechter
3038,redi
3039,beides
3040,persönlech
3041,SBB
3042,gfärbte
3043,wisswi
3044,rotwi
3045,ungerscheide
3046,mass
3047,fläsche
3048,demit
3049,uskennt
3050,ch
3051,pris
3052,ungerschied
3053,wüklech
3054,professionell
3055,bösfahrer
3056,bi:tzi
3057,leiste
3058,medikament
3059,wettes
3060,eher
3061,vorurteilhaft
3062,töife
3063,jobs
3064,läbenssituation
3065,jedem
3066,solang
3067,nüchtern
3068,private
3069,nümm
3070,drichunnt
3071,verursache
3072,wo:
3073,schüsch
3074,ufezschoukle
3075,überschwappe
3076,näbem
3077,wuchenendi
3078,vorchunnt
3079,gschmack
3080,schins
3081,angerhaub
3082,wiglas
3083,gläärt
3084,(heig)
3085,hingereglärt
3086,hue
3087,(i ha äuä)
3088,himbeer
3089,a:::
3090,trurig
3091,bi:m
3092,dise
3093,nünte
3094,partys
3095,mittwuch
3096,donnstiabe
3097,abschiedsfest
3098,schüelerin
3099,kotzt
3100,kümmere
3101,chüble
3102,uso
3103,(sorry/es söu so)
3104,seine
3105,mau:
3106,bs
3107,nachwürkige
3108,spezifisch
3109,mitübercho
3110,höchschtens
3111,klischeehaft
3112,kolleg
3113,gymer
3114,ungerenang
3115,mein
3116,langjährigi
3117,partnerschaft
3118,fingt
3119,zunere
3120,glückleche
3121,füehrt
3122,wärt
3123,begägnet
3124,schneuer
3125,j::
3126,funktioniere
3127,schubladisiere
3128,anhand
3129,oberflächlechkeite
3130,quasi
3131,ablehne
3132,zuefäuig
3133,trifft
3134,nat
3135,natürlechi
3136,gägesitig
3137,nenenei
3138,suechkriterie
3139,ighaute
3140,wennis
3141,gwüssi
3142,erfüut
3143,off
3144,ursprünglech
3145,möchtsch
3146,gsungs
3147,ungsunds
3148,gsung
3149,ersticksch
3150,abemne
3151,stufe
3152,atmigsproblem
3153,überchunnsch
3154,chönnts
3155,stirbsch
3156,scham
3157,verschwinde
3158,würdet
3159,schöns
3160,duett
3161,awkward
3162,näbedran
3163,explodiert
3164,einzig
3165,theaterprojekt
3166,mimimimimimimimimimimimimimimi
3167,gmischte
3168,ufgno
3169,lieder
3170,müessemer
3171,ievan
3172,polkka
3173,bekannt
3174,dritt
3175,insider
3176,((SINGT)
3177,just
3178,wanted
3179,but
3180,this
3181,was)
3182,probierts
3183,komiker
3184,w
3185,gsuecht
3186,tscheggt
3187,valuatu
3188,hättschs
3189,tschegget
3190,verbunge
3191,vieri
3192,atlas
3193,übercho
3194,hingedinne
3195,ufglistet
3196,gliebt
3197,dänkes
3198,wül
3199,augemeinwüsse
3200,schicket
3201,uffüehrig
3202,gr
3203,gn:
3204,ungerschidlechi
3205,erwähnt
3206,schouspiler
3207,autor
3208,verschideni
3209,her
3210,märzwuche
3211,drüezwänzigst
3212,drissigste
3213,drüe
3214,viere
3215,füfe
3216,sächse
3217,sibenezwänzigst
3218,by
3219,destiny
3220,weicht
3221,schurke
3222,won
3223,spiut
3224,ni'
3225,schueutheater
3226,augemein
3227,oberstufe
3228,(d)
3229,ER
3230,stouzi
3231,stouze
3232,excusez
3233,seck
3234,istigsprogramm
3235,(z)
3236,isammle
3237,summerhitz
3238,luge
3239,klassezemekunft
3240,heisse
3241,ougste
3242,näch
3243,klassezämekunft
3244,gnervt
3245,programm
3246,(fürd/ir)
3247,projektwuche
3248,erfahrig
3249,sorge
3250,sächzgi
3251,interessiere
3252,ö:
3253,läbi
3254,mönsch
3255,meister
3256,drin
3257,churzfristig
3258,bitzeli
3259,langfristig
3260,lokfüehrer
3261,pensioniert
3262,dringend
3263,knapp
3264,beende
3265,disi
3266,entscheidig
3267,as
3268,sterilisiere
3269,radioaktivität
3270,schn
3271,tot
3272,saturn
3273,itreffe
3274,danke
3275,moment
3276,himmu
3277,beobachte
3278,akt(.)
3279,fernrohr
3280,gsehsches
3281,horoskop
3282,bezeichnets
3283,schlaus
3284,ahja
3285,asteroide
3286,wägzieht
3287,gringeri
3288,bhouptet
3289,umloufbahne
3290,umloufbahn
3291,logik
3292,necher
3293,erhitzt
3294,gwappnet
3295,teslas
3296,mond
3297,schiesse
3298,heufe
3299,politiker
3300,amerika
3301,chönntsch
3302,ETH
3303,einiger
3304,wasserstoff
3305,tribstoff
3306,zapfsüle
3307,tank
3308,füue
3309,gfährlech
3310,outofirma
3311,abboubar
3312,pla
3313,sch
3314,hingernache
3315,oscho
3316,usmache
3317,meines
3318,wäutwit
3319,verdammt
3320,gäbig
3321,nützlech
3322,plastikstueu
3323,röhrli
3324,säckli
3325,wägwärfware
3326,usem
3327,unsterbleche
3328,materiau
3329,produziert
3330,biuig
3331,plasik
3332,gratissäckli
3333,vergliche
3334,klimademo
3335,verschiedeni
3336,agno
3337,nünenünzg
3338,prozent
3339,unglücklech
3340,zfride
3341,sötte
3342,uswürkige
3343,anstatt
3344,düredänkt
3345,hundertprozentig
3346,perfekti
3347,gä:
3348,nirgendwo
3349,importiere
3350,ersetze
3351,pflanzl
3352,pflanzlechs
3353,planzlechs
3354,eif
3355,fleischer
3356,fleischersatz
3357,gförderet
3358,bure
3359,beschäftige
3360,weimer
3361,umweltschutz
3362,schueuwäg
3363,oke
3364,ahni:g
3365,fast
3366,furious
3367,choufe
3368,harry
3369,potter
3370,viert
3371,füft
3372,kouft
3373,färnseh
3374,zwüse
3375,witerluege
3376,set
3377,ei(gentle)ch
3378,ürgend
3379,horror
3380,angst
3381,stört
3382,schlafe
3383,überall
3384,äh
3385,verarbeite
3386,schlaf
3387,tröimi
3388,verwachi
3389,schlafi
3390,black
3391,b
3392,bird
3393,box
3394,szene
3395,ischlaht
3396,wiener
3397,ähm
3398,abschlachte
3399,pfff
3400,dystopian
3401,science
3402,fiction
3403,wälte
3404,maze
3405,runner
3406,tribute
3407,panem
3408,usflüg
3409,hamer
3410,denkt
3411,ni:d
3412,wetti
3413,riche
3414,gsund
3415,zombie
3416,mutiere
3417,oft
3418,verkörpere
3419,shit
3420,katastrophal
3421,regt
3422,nachdenke
3423,roboterzüg
3424,chino
3425,albe
3426,roboter
3427,kassierer
3428,effizienter
3429,nachkomme
3430,muesses
3431,survival
3432,of
3433,fittest
3434,first
3435,who
3436,dies
3437,gantwortet
3438,snappe
3439,last
3440,christmas
3441,gugge
3442,ahso
3443,andere
3444,eigenlech
3445,halb
3446,irgendeinisch
3447,nachbare
3448,ähnleche
3449,alter
3450,wettsch
3451,schuelkollege
3452,anders
3453,zweck
3454,gsellschaftstanze
3455,auschtralie
3456,heige
3457,mc
3458,donalds
3459,schuelhus
3460,heig
3461,gnu
3462,mac
3463,verleide
3464,glustets
3465,verzellt
3466,schuel
3467,doku
3468,menne
3469,dumms
3470,experiment
3471,obme
3472,bezwecke
3473,dokter
3474,grösste
3475,cola
3476,large
3477,riesig
3478,übergä
3479,abbroche
3480,dürezie
3481,(UNVRSTÄNDLICH)
3482,salat
3483,undersuecht
3484,zucker
3485,sosse
3486,blute
3487,fazit
3488,kalorie
3489,agäbe
3490,körper
3491,ufnimmt
3492,burger
3493,king
3494,KFC
3495,generell
3496,food
3497,issisch
3498,giuted
3499,subway
3500,gsünder
3501,tägleche
3502,basis
3503,intensiv
3504,pizza
3505,manis
3506,sandwich
3507,ui
3508,vieli
3509,ananas
3510,youtuber
3511,bestrafig
3512,meme
3513,wosi
3514,powerade
3515,blaue
3516,teigware
3517,gchochet
3518,strawberry
3519,tomatesosse
3520,näre
3521,erdbeer
3522,öppisem
3523,ɡnu
3524,erdbeeri
3525,pringles
3526,zitli
3527,pommes
3528,frites
3529,ketchup
3530,flavour
3531,öppert
3532,gässe
3533,ses
3534,grusig
3535,flavours
3536,krasse
3537,((FLÜSTERT)
3538,unnötig
3539,dollar
3540,store)
3541,target
3542,(jodel chindach?)
3543,berüehmt
3544,tiktok
3545,youtuberin
3546,tiktoker
3547,befründet
3548,will
3549,college
3550,googlet
3551,he's
3552,famous
3553,allem
3554,miranda
3555,sing
3556,verarscht
3557,sälber
3558,schminkt
3559,irgendes
3560,j
3561,sings
3562,fictional
3563,character
3564,contemporary
3565,erstens
3566,gsehs
3567,bewegige
3568,verrecke
3569,wärdene
3570,wobi
3571,doppusport
3572,ehnste
3573,herr
3574,mitmache
3575,tanze
3576,woner
3577,bodeturne
3578,nächst
3579,nägst
3580,numau
3581,akzeptiert
3582,allne
3583,then
3584,YOU
3585,need
3586,do
3587,that
3588,iche
3589,grüessech
3590,grüess
3591,lachet
3592,handbau
3593,lueg
3594,dusse
3595,markechleider
3596,t-shirt
3597,wette
3598,chosted
3599,achtzg
3600,stutz
3601,hellgrau
3602,schwitzisch
3603,glichligi
3604,marke
3605,usgit
3606,ufgregt
3607,meitli
3608,flügt
3609,ihn
3610,schönling
3611,chan
3612,fies
3613,lehrerschwarm
3614,chönntis
3615,ischätze
3616,verwirre
3617,endzg
3618,zwüsche
3619,vierzg
3620,färbt
3621,graue
3622,gsicht
3623,verglichsch
3624,läbenswisheite
3625,graui
3626,äner
3627,änds
3628,alt
3629,füfzgi
3630,söus
3631,derzueglehrt
3632,verschiednige
3633,mutatione
3634,lernziu
3635,striche
3636,lebensgschicht
3637,redt
3638,zeigt
3639,albinohas
3640,gfunde
3641,federe
3642,schneehase
3643,wiss
3644,weds
3645,teste
3646,vögu
3647,ifange
3648,chrüze
3649,emene
3650,aneme
3651,vogu
3652,hingernacherenne
3653,igfange
3654,tubene
3655,albinotube
3656,verwütscht
3657,vi
3658,sex
3659,hasst
3660,jo
3661,venedig
3662,rom
3663,friti
3664,vore
3665,italienisch
3666,bü
3667,machet
3668,früehlig
3669,reis
3670,göht
3671,ɡö
3672,prima
3673,gömer
3674,fire
3675,fie
3676,firenze
3677,toscana
3678,budapest
3679,spanie
3680,tessin
3681,EF-wuche
3682,florenz
3683,houptstadt
3684,alk
3685,kauft
3686,wiederhout
3687,tertia
3688,lebenssituation
3689,chanis
3690,nu
3691,alleini
3692,hu
3693,wüssts
3694,witerhout
3695,freifächler
3696,freifach
3697,arme
3698,latinisch
3699,ienisch
3700,italien
3701,italie
3702,schwerpunktfächler
3703,freiwiuig
3704,niene
3705,versteisch
3706,anderi
3707,wiene
3708,medizin
3709,studiere
3710,informatiker
3711,bh
3712,gsichtsforme
3713,gsesch
3714,wienes
3715,achtegg
3716,gsichtsform
3717,ne'nei
3718,gsichtform
3719,alles
3720,forme
3721,gschichtsstund
3722,ichecho
3723,häsli
3724,(KÜNSTLICHES LACHEN)
3725,ne:i
3726,di:ng
3727,aff
3728,gnärvt
3729,husufgabe
3730,quarta
3731,kene
3732,tsja
3733,gymerlehrer
3734,praktikum
3735,major
3736,minor
3737,psychologie
3738,beidne
3739,schlussentlech
3740,unterrichte
3741,einzelni
3742,Ps
3743,chämti
3744,philosophiekrise
3745,pädagogik
3746,coolste
3747,diskutiersch
3748,steut
3749,thesene
3750,letschthin
3751,doktor
3752,zuekunft
3753,studiert
3754,begründe
3755,abratet
3756,studiersch
3757,schwöschter
3758,psychiater
3759,iga
3760,zwöitens
3761,suizid
3762,glandet
3763,sitene
3764,schlächte
3765,barriere
3766,schlechte
3767,gheisch
3768,efach
3769,zrüggzieh
3770,ts
3771,h
3772,distanziere
3773,afö
3774,abgschafft
3775,warnig
3776,weis
3777,verbunde
3778,usdrück
3779,emoji
3780,netflix
3781,mou:
3782,james
3783,corden
3784,cats
3785,hättsch
3786,mitzcho
3787,chunnts
3788,elf
3789,füfte
3790,ends
3791,januar
3792,chatz
3793,trailer
3794,typisch
3795,rebel
3796,wilson
3797,pitch
3798,perfect
3799,blondi
3800,geili
3801,jason
3802,derulo
3803,taylor
3804,swift
3805,cat
3806,lover
3807,chatze
3808,rollene
3809,apasst
3810,gfaue
3811,depri
3812,angersch
3813,erwachse
3814,loser
3815,singt
3816,depressive
3817,sänger
3818,allgemeine
3819,schouspieler
3820,berühmt
3821,agsteut
3822,england
3823,glynn
3824,agstellt
3825,offices
3826,shops
3827,verdiene
3828,mo
3829,partei
3830,rezo
3831,i:::
3832,ame
3833,proof
3834,vlogger
3835,(gang/gen)
3836,alfie
3837,deyes
3838,daily
3839,ladt
3840,vlog
3841,vloggt
3842,schnidt
3843,schnidts
3844,selber
3845,findets
3846,alte
3847,vlogs
3848,tagebuech
3849,privati
3850,allgemeini
3851,shoppe
3852,brighton
3853,van
3854,teile
3855,gfiumet
3856,würkt
3857,drama
3858,freak
3859,wäglege
3860,zoella
3861,zoe
3862,sugg
3863,berüehmti
3864,nöijahr
3865,längers
3866,channels
3867,channel
3868,videos
3869,ufeladt
3870,challenges
3871,talkshows
3872,podcasts
3873,halt
3874,ufwändiger
3875,närve
3876,youtubers
3877,logan
3878,paul
3879,jake
3880,skandal
3881,wetts
3882,a:h
3883,spekulation
3884,dolan
3885,twins
3886,charles
3887,emma
3888,chamberlain
3889,sister
3890,squad
3891,gnannt
3892,friends
3893,häbt
3894,spekulatione
3895,zwöine
3896,ethan
3897,agluegt
3898,glächlet
3899,kommentär
3900,schnä
3901,tschudigung
3902,usenang
3903,(i)schs
3904,zwillinge
3905,usraste
3906,kommentar
3907,alli
3908,irgendeso
3909,posted
3910,psychisch
3911,zyt
3912,psyche
3913,twitteret
3914,froh
3915,jemaus
3916,kenneglehrt
3917,responds
3918,aaron
3919,rumour
3920,zämehäng
3921,loht
3922,berüehmtheite
3923,kommentiere
3924,denke
3925,vergüdisch
3926,instasite
3927,öppertem
3928,berüehmtem
3929,null
3930,komma
3931,fans
3932,unnötigi
3933,stars
3934,unnötigs
3935,kommen
3936,bhaute
3937,rektion
3938,reaktion
3939,fan
3940,hasskommentär
3941,machenis
3942,gseuschaft
3943,abelade
3944,chind
3945,überwache
3946,verschtah
3947,gotte
3948,FMS
3949,ustuschjahr
3950,instragram
3951,abeglade
3952,whatsapp
3953,bild
3954,social
3955,media
3956,postet
3957,mei
3958,poliziste
3959,sicherheit
3960,soziale
3961,medie
3962,ufelade
3963,schuelhusgang
3964,ufhänke
3965,stuel
3966,chläbe
3967,grossmuetter
3968,poste
3969,bruches
3970,watcher
3971,player
3972,dave
3973,franco
3974,miete
3975,dütsche
3976,wüssti
3977,teen
3978,wolf
3979,amerikanische
3980,amerikanischi
3981,wil
3982,stories
3983,beklagt
3984,usgrastet
3985,schottland
3986,DVDs
3987,deheime
3988,cinderella
3989,disney
3990,filme
3991,pocahontas
3992,plattform
3993,blibt
3994,speziells
3995,verfilme
3996,heidi
3997,nils
3998,holgersson
3999,jö
4000,icheluege
4001,pumuckl
4002,shaun
4003,schaf
4004,pfuuh
4005,bär
4006,halbmond
4007,dernäbe
4008,rägebogebärli
4009,emily
4010,gschenkt
4011,schmöckt
4012,honigkuchenpferd
4013,not
4014,bubblegum
4015,meerjungfroue
4016,schwümme
4017,paw
4018,zueteilt
4019,mako
4020,H2O
4021,yakari
4022,gahni
4023,norm
4024,termin
4025,schribi
4026,wa
4027,willsch
4028,(i ha/mh ja)
4029,büecher
4030,witerschnure
4031,père
4032,nüu
4033,dänk
4034,(cha)sch
4035,letschtens
4036,tststs
4037,american
4038,sniper
4039,chriegsfium
4040,babyszene
4041,bébé
4042,unecht
4043,puppe
4044,KOMISCH
4045,horrorfiume
4046,(im zäut/säute)
4047,blind
4048,birds
4049,verbundnige
4050,ouge
4051,umedingsle
4052,bo
4053,eig
4054,horrorfium
4055,han
4056,illegal
4057,jesus
4058,me:ga
4059,bispiel
4060,mirror
4061,komiste
4062,hocksch
4063,änderet
4064,verhaute
4065,versteit
4066,biuiger
4067,sölli
4068,sägemer
4069,beschtimmte
4070,zytspanni
4071,kassie:rer
4072,zerst
4073,usrä
4074,igä
4075,kasse
4076,usenäh
4077,schnursch
4078,mitne
4079,effektiver
4080,söui
4081,(hesch/hani)
4082,eigeti
4083,entwickle
4084,sklave
4085,behandlet
4086,that's
4087,robot
4088,nime
4089,vergisses
4090,geht
4091,(dere/ihre)
4092,nachteil
4093,däiche
4094,nebraska
4095,verleideter
4096,fä
4097,fähle
4098,nährstoff
4099,erwarte
4100,jop
4101,däich
4102,ungsung
4103,tuenis
4104,nimes
4105,br
4106,brot
4107,chäs
4108,(irgendwo/immer)
4109,giengi
4110,gsündste
4111,verschiednigs
4112,druftue
4113,verschiednis
4114,zausch
4115,gägeargument
4116,okey
4117,sauzigs
4118,süesses
4119,verwirrt
4120,(isch)
4121,notwendig
4122,store
4123,walmart
4124,tar
4125,crazier
4126,ichoufe
4127,schwein
4128,sägemers
4129,wichtige
4130,tälentiert
4131,a'a'
4132,schiis
4133,fotos
4134,nachesteue
4135,perfekt
4136,usgrichtet
4137,motto
4138,nache
4139,real
4140,life
4141,versus
4142,irgende
4143,promi
4144,a'
4145,säubstverarschig
4146,komedy
4147,comedy
4148,morn
4149,tanz
4150,aschisse
4151,abga
4152,rastet
4153,chömm
4154,chöng
4155,socke
4156,bou:m
4157,fröit
4158,grätturne
4159,eigeni
4160,hett
4161,zwo
4162,starrt
4163,boa
4164,ougekontakt
4165,agstarrt
4166,help
4167,turnhaue
4168,garderob
4169,suffe
4170,laptop
4171,ufboue
4172,schneue
4173,gäuet
4174,definiert
4175,lachend
4176,hocki
4177,bed
4178,grätr
4179,hau
4180,dinghaue
4181,grätrum
4182,pföste
4183,chööt
4184,mithäufe
4185,hane
4186,tor
4187,ufsteue
4188,lieb
4189,stimmig
4190,übrigens
4191,(UNVERSTÄNDLICH heisst doch er het s efach nume einisch wie einisch)
4192,mach
4193,gedanke
4194,tolle
4195,charakter
4196,bewärti
4197,sportlehrer
4198,IG
4199,gschätzt
4200,nüne
4201,mum
4202,verwirrend
4203,füfedrissgi
4204,risiko
4205,down
4206,syndrom
4207,dänkemer
4208,e(igentle)ch
4209,(h)albinoamsle
4210,albinoamsle
4211,fötele
4212,erfahrt
4213,fucking
4214,amsle
4215,strich
4216,fäli
4217,schnee
4218,brun
4219,wiis
4220,albino
4221,gsunde
4222,wissi
4223,amslene
4224,fah
4225,albinoamslene
4226,überspringe
4227,uetedor
4228,uetedorf
4229,mühle
4230,tube
4231,lo
4232,li
4233,villecht
4234,apriu
4235,scheiss
4236,non
4237,würkli
4238,Italie
4239,bsüecherle
4240,lektione
4241,lol
4242,abschluss
4243,primaner
4244,auk
4245,adreiht
4246,weiter
4247,chlei
4248,aukohol
4249,terzia
4250,tüscht
4251,nimmt
4252,mitschüeler
4253,klugste
4254,schwerpunktfachreis
4255,ital
4256,frankrich
4257,wandtafele
4258,nö
4259,wörtli
4260,latinischwörtli
4261,stärkt
4262,selbstbewusstsein
4263,hilft
4264,bei
4265,anderen
4266,sprachen
4267,beispiel
4268,stuss
4269,verreckt
4270,gibt
4271,bessere
4272,noten
4273,schwerpunkt
4274,gsuech
4275,sprach
4276,vorteil
4277,vieregg
4278,tier
4279,verchlüpfts
4280,murmeli
4281,schiss
4282,gf
4283,praktikante
4284,anschinend
4285,lah
4286,strub
4287,praktika
4288,böse
4289,fächer
4290,arschstudium
4291,voustudium
4292,pf
4293,dont
4294,oberstufelehrer
4295,ungerrichte
4296,philosophie
4297,obwou
4298,einzel
4299,verschiednigi
4300,lehrere
4301,bau
4302,chäm
4303,sou
4304,pädagogikkrise
4305,gebornige
4306,philosoph
4307,philosophiere
4308,philosophe
4309,sichtwisene
4310,respekt
4311,beantworte
4312,mönschlechi
4313,spannenste
4314,begah
4315,mental
4316,starch
4317,überschrift
4318,emojis
4319,fake
4320,wahr
4321,fat
4322,amy
4323,oustraliere
4324,fingis
4325,komi
4326,talkshow
4327,mitspiele
4328,rihanna
4329,werbefründlech
4330,wärbige
4331,bechunnsch
4332,produkt
4333,zuegsendet
4334,klick
4335,ufwändigi
4336,julien
4337,bam
4338,shoote
4339,special
4340,effects
4341,schnide
4342,irgendwelchi
4343,beauty
4344,zeigsch
4345,konzept
4346,derhinger
4347,(dumm/un)
4348,ungerschätzt
4349,privatsphäri
4350,kamera
4351,gfahr
4352,fiumt
4353,hanget
4354,rueh
4355,sörigi
4356,handle
4357,spezieus
4358,leuge
4359,querbeet
4360,interessiert
4361,mehrheitlech
4362,dütschsprachigi
4363,intressiert
4364,labere
4365,reactions
4366,wasi
4367,(lets plays?)
4368,düregstige
4369,strit
4370,iverstange
4371,(d)ass
4372,spekuliere
4373,üf
4374,überenang
4375,abläsch
4376,ablästere
4377,korrekt
4378,erwartisch
4379,chindergartemässig
4380,bedeckt
4381,wotti
4382,logischerwiis
4383,fausche
4384,privat
4385,grännet
4386,ungerstützt
4387,schuld
4388,rueder
4389,witergmacht
4390,spiele
4391,spieli
4392,spiu
4393,psycho
4394,ärnsthaft
4395,mitenand
4396,bestätigt
4397,usrasch
4398,wesch
4399,fragi
4400,bessers
4401,analysiere
4402,irgendöpper
4403,wen
4404,meiniɡ
4405,hürat
4406,produktiv
4407,mean
4408,härzlech
4409,int
4410,schribt
4411,provozieres
4412,provoziere
4413,hautisch
4414,fingschs
4415,artiku
4416,fouged
4417,öine
4418,störts
4419,recht
4420,bezwifle
4421,druschöme
4422,lade
4423,hänke
4424,säute
4425,sorere
4426,ang
4427,usefinge
4428,usgsed
4429,bezwifles
4430,englische
4431,my
4432,britischi
4433,amerikaner
4434,chouft
4435,money
4436,taktik
4437,ächte
4438,nämes
4439,drab
4440,trickfium
4441,persone
4442,viech
4443,viecher
4444,somne
4445,wisse
4446,sofa
4447,weutau
4448,aliens
4449,plüschig
4450,plüschhung
4451,plüsch
4452,alien
4453,weutall
4454,zeiche
4455,pa'
4456,ranze
4457,bäre
4458,dinger
4459,buch
4460,verschiedefarbig
4461,glu
4462,maubiuder
4463,usgmaut
4464,dad
4465,dora
4466,fernseh
4467,meerjungfrau
4468,nöime
4469,what
4470,mitluege
4471,einsich
4472,meerjungma
4473,jesses
4474,bum
4475,yakari)
4476,gäbigste
4477,coucou
4478,(HUSTEN)
4479,(SEUZFT)
4480,(SEUFZT/GÄHNT)
4481,(SEUFZT)
4482,(ERSTAUNTER AUSRUF)
4483,(KÜNSTLICH VERLEGENES LACHEN)
4484,(KAUGERÄUSCHE)
4485,(HOLT LUFT)
4486,(VERLEGENES LACHEN)
4487,(GÄHNT)
4488,(PUTZT DIE NASE)
4489,kussgeräusch
4490,(ZIEHT LUFT EIN)
4491,(HUSTET)
4492,(GERÄUSCH)
4493,(EKELGERÄUSCH)
4494,(KAUT)
4495,(ÜBELKEITSGERÄUSCH)
4496,(LACHT VERLEGEN)
4497,(PFF)
4498,lut
4499,dütlech
4500,stueuproblem
4501,hocker
4502,usfüeue
4503,verschidnigi
4504,öpis
4505,verzeuet
4506,autgriechische
4507,götter
4508,rossfäud
4509,iz
4510,spilet
4511,instrumänt
4512,tuba
4513,orchester
4514,ver
4515,leitets
4516,neu
4517,vatter
4518,neufäud
4519,ehhm
4520,irgendöpis
4521,wès
4522,ws
4523,geschicht
4524,bsunders
4525,schief
4526,ehrerundi
4527,machschs
4528,vorschleger
4529,gfüu
4530,schlafmanggo
4531,gah
4532,fändet
4533,schuu
4534,früe
4535,gsie
4536,grd
4537,mhmmm
4538,usgang
4539,chömmet
4540,eui
4541,haue
4542,eues
4543,auters
4544,letzte
4545,äue
4546,usbiudig
4547,eure
4548,kra
4549,desinteresse
4550,welne
4551,ghörsch
4552,närvigs
4553,störends
4554,ungerricht
4555,usgangs
4556,fraktion
4557,nim
4558,anonym
4559,überforderet
4560,wükech
4561,göt
4562,fründe
4563,aghänkt
4564,gwäut
4565,mm
4566,frouegruppe
4567,ufglade
4568,geiz
4569,zwöiehaub
4570,wüsst
4571,wärdet
4572,kunsthochschueu
4573,option
4574,eigentleche
4575,füraum
4576,studium
4577,dütschland
4578,günstiger
4579,ziviudienst
4580,abr
4581,würket
4582,eiglech
4583,realis
4584,bewusst
4585,bewusstsin
4586,müglech
4587,realistisch
4588,wükleche
4589,esch
4590,ungerscheidet
4591,generatione
4592,euem
4593,umfäud
4594,sowie
4595,faus
4596,politischer
4597,politischs
4598,fäud
4599,linggs
4600,informiert
4601,aktiver
4602,tagespolitischi
4603,abstimmige
4604,sensibilisiert
4605,tagespolitik
4606,beide
4607,feminismus
4608,gender
4609,transgender
4610,emanzipation
4611,bietet
4612,begägnigsorte
4613,konzärt
4614,klassik
4615,rap
4616,faber
4617,züridütsch
4618,ders
4619,letzti
4620,infos
4621,gseuschaftleche
4622,läset
4623,luget
4624,srf
4625,zitige
4626,wr
4627,nome
4628,stoppe
4629,fuck
4630,hätsch
4631,slang
4632,hättet
4633,ost
4634,ju
4635,ungerschribe
4636,sprachufnahm
4637,anonymisiert
4638,identität
4639,vertroulech
4640,ufnahm
4641,jederzit
4642,zrüg
4643,einezwänzigst
4644,jaa
4645,voujährig
4646,kläbt
4647,fingts
4648,isingüebige
4649,anderthaub
4650,hyperaktivs
4651,badi
4652,grendt
4653,autgriechischi
4654,ägyptischi
4655,gschnurrt
4656,tüechli
4657,agfründet
4658,ungergange
4659,dürmischlet
4660,schuechreis
4661,akrüzlet
4662,querflöte
4663,bläser
4664,flöte
4665,piccolo
4666,kompetänt
4667,leitet
4668,richtigs
4669,[...]
4670,minuspünkt
4671,chillig
4672,flexe
4673,jugendsprach
4674,träisch
4675,begabt
4676,pünkt
4677,gstartet
4678,immens
4679,akzäntfacharbeit
4680,novelle
4681,sabotiere
4682,math
4683,geballt
4684,test
4685,schlafmangu
4686,gses
4687,hobby
4688,ufrächterhaute
4689,badmington
4690,trainig
4691,nüni
4692,franzwörtli
4693,essay
4694,abgä
4695,ufgstange
4696,wuchenänd
4697,penni
4698,müeu
4699,zäni
4700,eufi
4701,whack
4702,bringsch
4703,chraft
4704,gäbe
4705,hobbys
4706,reihewis
4707,gsunke
4708,konzentriere
4709,wöi
4710,näbesach
4711,zäntrum
4712,gymerläbe
4713,hardcore
4714,schisst
4715,chömme
4716,house
4717,clubs
4718,bierhübeli
4719,gaschessu
4720,praktisch
4721,momou
4722,ispruch
4723,usgängertype
4724,harzer
4725,dschungu
4726,rave
4727,informatione
4728,indianerparty
4729,quer
4730,irgendwelche
4731,chäuer
4732,chlatsch
4733,verschidnige
4734,arte
4735,soziau
4736,mittupunkt
4737,auterssegmänt
4738,quartaner
4739,tertianer
4740,sy
4741,nerds
4742,gsamthaft
4743,übergangsphase
4744,gsy
4745,kem
4746,konntakt
4747,usbüti
4748,verändert
4749,jeder
4750,vibe
4751,level
4752,gvibet
4753,peaced
4754,offener
4755,azluege
4756,fang
4757,fraktionsübergrifend
4758,oho:
4759,ne:rds
4760,nätt
4761,agnähm
4762,sibte
4763,achte
4764,müe
4765,sitzordnig
4766,sitzte
4767,mess
4768,festi
4769,grüppelig
4770,schlechter
4771,dürmischter
4772,nächär
4773,dingslet
4774,grüppeli
4775,biudet
4776,abzspaute
4777,rächts
4778,wort
4779,gwächslet
4780,hundertprozäntig
4781,arbeite
4782,ufmüpfig
4783,schreie
4784,fö
4785,coole
4786,mathtest
4787,füfehaubi
4788,ghout
4789,leader
4790,sträberin
4791,abstämple
4792,komplet
4793,abgsonderet
4794,karriere
4795,fixiert
4796,dummi
4797,abgstämplet
4798,üssere
4799,note
4800,übergrifig
4801,verbracht
4802,sack
4803,gse
4804,eigeständigi
4805,verla
4806,wend
4807,satz
4808,lu
4809,grusigi
4810,ougebraue
4811,fuze
4812,huerre
4813,OBERHÄNSLI
4814,läck
4815,frässe
4816,balleret
4817,voukotzt
4818,einzu
4819,randständigi
4820,igla
4821,umetoure
4822,usserschuelisch
4823,schu
4824,abgstürzt
4825,cookies
4826,backe
4827,schö
4828,überzügt
4829,JEFFIM
4830,klassechat
4831,gmüet
4832,dumme
4833,chemielehrer
4834,vorbei
4835,auf
4836,ein
4837,zwei
4838,grade
4839,breit
4840,coolen
4841,vergessen
4842,klasse
4843,maturreis
4844,save
4845,lehne
4846,rise
4847,gschiss
4848,schreit
4849,übermacht
4850,heufti
4851,kenn
4852,LINUS
4853,FINN
4854,lustige
4855,spüchli
4856,abziet
4857,fräch
4858,schmeisst
4859,chätschi
4860,raus
4861,kaugummi
4862,schrei
4863,nicht
4864,muss
4865,umgange
4866,zrüggschribe
4867,war
4868,hause
4869,heute
4870,morgen
4871,verfügbar
4872,modi
4873,ufdringlech
4874,steizit
4875,DANA
4876,LIA
4877,bumsisch
4878,häb
4879,(unverständlich
4880,wüsses
4881,nene
4882,euteri
4883,nünteler
4884,fms
4885,theaterstück
4886,asteit
4887,gechillt
4888,übermässig
4889,zwäcksgmeinschaft
4890,däne
4891,gfaut
4892,glücklech
4893,übergrifend
4894,sitze
4895,REMO
4896,böser
4897,stiue
4898,schisse
4899,bedrohend
4900,gmobt
4901,gnueg
4902,JOHANNA
4903,JELSA
4904,lästig
4905,gieli
4906,gmischlet
4907,giele
4908,ruhige
4909,soo
4910,schüch
4911,lö
4912,chille
4913,SARVANJA
4914,euterlech
4915,schüche
4916,tamile
4917,araber
4918,giu
4919,platonisch
4920,ziemlech
4921,modis
4922,gschlosse
4923,usser
4924,drüergruppe
4925,ufregender
4926,mische
4927,bizeli
4928,lager
4929,modizimmer
4930,stresst
4931,pennt
4932,verbote
4933,ufgladni
4934,plane
4935,wü
4936,überhopt
4937,plegere
4938,mittuwäg
4939,epfl
4940,fach
4941,maschine
4942,ragete
4943,ingenieur
4944,baz
4945,eth
4946,chemie
4947,physik
4948,dümple
4949,fa
4950,praktike
4951,design
4952,ganu
4953,überleg
4954,konkuränz
4955,abartig
4956,konsi
4957,klavierlehrer
4958,frei
4959,argentinier
4960,russe
4961,konzärtpianiste
4962,tubist
4963,probier
4964,solo
4965,pianist
4966,gsägnet
4967,giger
4968,solistediplom
4969,solist
4970,enseble
4971,ewige
4972,jahre
4973,asturm
4974,auergröste
4975,traviata
4976,houptroue
4977,besetze
4978,lü
4979,polnische
4980,achzg
4981,hungerslohn
4982,ios
4983,biz
4984,talentiert
4985,pole
4986,ensemble
4987,begabti
4988,setze
4989,wüuds
4990,schaffsch
4991,setzisch
4992,problematisch
4993,übet
4994,superstar
4995,JONAS
4996,KAUFMANN
4997,neä
4998,steus
4999,fürs
5000,uszieh
5001,patriotischi
5002,bärner
5003,city
5004,irwie
5005,ustusch
5006,ustuschsemester
5007,paris
5008,fäng
5009,läbsch
5010,wg
5011,näbejob
5012,hät
5013,bock
5014,nöis
5015,fi
5016,jaaa
5017,abscheu
5018,grässlech
5019,zivi
5020,nützlechs
5021,vora
5022,usboue
5023,hiufschräft
5024,chliching
5025,autmönsche
5026,betreuig
5027,gäudverschwändig
5028,pure
5029,biudigseta
5030,kürzt
5031,miliarde
5032,türi
5033,jets
5034,aupe
5035,abstürze
5036,eigenützige
5037,siech
5038,schwöre
5039,raschte
5040,abwäge
5041,müglechst
5042,ufwand
5043,linggi
5044,bewegig
5045,wesentlech
5046,stercher
5047,gfüe
5048,way
5049,feministischi
5050,lingg
5051,flügu
5052,agressiver
5053,igschnappt
5054,fuggt
5055,DEBI
5056,NILS
5057,lingsextreme
5058,krei
5059,emanzipationssach
5060,schwuli
5061,toleranz
5062,defining
5063,ANNA
5064,MIKA
5065,ähh
5066,schwär
5067,intoleranz
5068,wachst
5069,enorm
5070,wachse
5071,rächtsextreme
5072,spannige
5073,extremer
5074,linggsextrem
5075,agressiv
5076,schüb
5077,jugendkrawall
5078,jugend
5079,politisch
5080,betrachte
5081,standpunkt
5082,schreckensort
5083,schwarz
5084,azündet
5085,oberland
5086,auti
5087,schrecke
5088,minere
5089,ohh
5090,drögeler
5091,krawall
5092,kabutt
5093,befasse
5094,ufs
5095,breite
5096,fäuder
5097,systemgägnerische
5098,kreise
5099,maga
5100,systemgägner
5101,krassi
5102,asichte
5103,obs
5104,kommunistischi
5105,anarchistischi
5106,antikapitalistischi
5107,schwecher
5108,partygänger
5109,gägner
5110,igsteut
5111,JANIS
5112,EVA
5113,JANNIS
5114,usrotte
5115,kommunistische
5116,system
5117,hotspots
5118,krasseri
5119,öffentlech
5120,anti
5121,lingge
5122,houptsächlech
5123,rächte
5124,trump
5125,supporter
5126,palästinenser
5127,dräcksaraber
5128,jude
5129,amis
5130,rutsch
5131,usgong
5132,hotspot
5133,trash
5134,erträgende
5135,kapitaliste
5136,ideologisch
5137,chreis
5138,überzügige
5139,kulturell
5140,dachstock
5141,rössli
5142,homies
5143,ums
5144,schl
5145,aspäkt
5146,trotzdäm
5147,drinn
5148,achzäh
5149,verkackte
5150,mojito
5151,luut
5152,hopsisch
5153,gspräch
5154,engagement
5155,progr
5156,euters
5157,publikum
5158,öffentlechi
5159,soziali
5160,pärkli
5161,schanze
5162,sunnti
5163,tschegge
5164,funkionierts
5165,funkts
5166,wahnsinns
5167,ufgfüert
5168,chammermusig
5169,lokal
5170,orchesterwärch
5171,synforchester
5172,biete
5173,tscheggts
5174,spiusch
5175,dinere
5176,dächu
5177,dj
5178,annenmaykanntereit
5179,wegen
5180,lisbeth
5181,februar
5182,wück
5183,ami
5184,hauestadion
5185,halle
5186,5
5187,ez
5188,gröste
5189,genre
5190,ungerdesse
5191,momentan
5192,hip
5193,hop
5194,houptsächleche
5195,dütsches
5196,kiz
5197,bärndütsches
5198,internationale
5199,törnt
5200,ahm
5201,facebook
5202,twitter
5203,sprüch
5204,houptmedium
5205,redit
5206,memes
5207,änd
5208,healthy
5209,wenigste
5210,zies
5211,kapple
5212,zuespame
5213,suff
5214,gnauer
5215,wichtigs
5216,nahlu
5217,abend
5218,ef
5219,präpositione
5220,gebildete
5221,hochstehende
5222,chummi
5223,asozialer
5224,männleche
5225,adressiere
5226,leben
5227,anglizisme
5228,apassti
5229,wüsset
5230,red
5231,ELA
5232,maximum
5233,asoziau
5234,ärnster
5235,herkunft
5236,thurgau
5237,schaffhausen
5238,penetrannts
5239,nenei
5240,unterschrift
5241,chumme
5242,ahhh
5243,gheit
5244,verkümmeret
5245,trumpete
5246,saxophon
5247,Herr
5248,angerem
5249,sire
5250,usbouts
5251,synfonieorchester
5252,fagott
5253,oboe
5254,mitgmacht
5255,öpe
5256,abwärts
5257,wiederhousch
5258,gmüetlecher
5259,tests
5260,zöite
5261,verdrängt
5262,schlafrhythmus
5263,apasse
5264,freizitaktivitäte
5265,kollidiere
5266,namittag
5267,öpisem
5268,fürd
5269,aubes
5270,dervor
5271,vorhande
5272,freizit
5273,baut
5274,höre
5275,verfouge
5276,schutet
5277,würkech
5278,effektiv
5279,treit
5280,klasseabhängig
5281,letzt
5282,üser
5283,ablege
5284,musigfescht
5285,jüngeri
5286,jää
5287,schwauwis
5288,sträberinne
5289,sibti
5290,ehemalige
5291,abgleit
5292,bhautet
5293,bitzli
5294,geischtige
5295,veränderig
5296,asoziali
5297,asoziale
5298,sine
5299,([lacht)
5300,brave
5301,absolut
5302,verlouf
5303,abgschwecht
5304,füehle
5305,zueghörig
5306,nätte
5307,düe
5308,magic
5309,unbehoufe
5310,abgestzt
5311,LOU
5312,nig
5313,gfloge
5314,bache
5315,brownies
5316,störend
5317,probieres
5318,nätti
5319,mitläufer
5320,MORITZ
5321,LEON
5322,risse
5323,dünkts
5324,teilwis
5325,unsäglech
5326,franzlehrerin
5327,fra
5328,nein
5329,haben
5330,schon
5331,gestellt
5332,noch
5333,zweite
5334,beantworten
5335,masch
5336,sportlehrerin
5337,unser
5338,feld
5339,reserviert
5340,gehen
5341,hier
5342,richtg
5343,dürezoge
5344,gut
5345,ungloublech
5346,amacht
5347,leitig
5348,fragt
5349,überfordert
5350,göng
5351,versteits
5352,HECTOR
5353,sibteler
5354,plöi
5355,derlet
5356,miesi
5357,zmittag
5358,ap
5359,doppulektione
5360,stadt
5361,doppulektion
5362,ornig
5363,wahnsinnigs
5364,erläbnis
5365,lektion
5366,gang
5367,housch
5368,interview
5369,widerhout
5370,gflüchtet
5371,mitleid
5372,zmingst
5373,einzuperson
5374,wäuelängi
5375,stärbens
5376,zuesätzlech
5377,aschluss
5378,bestehende
5379,schwirgig
5380,KARL
5381,neja
5382,stressts
5383,wäri
5384,regle
5385,maturreise
5386,aukohouverbot
5387,hange
5388,studänteläbe
5389,füere
5390,studäntepartys
5391,NINO
5392,ru
5393,luft
5394,ruhmfahrts
5395,aerohydro
5396,aerohydrodynamik
5397,maschinebou
5398,NINA
5399,witzlos
5400,bewärbige
5401,bruefserfahrig
5402,schuleiter
5403,musigschu
5404,oberämmitau
5405,prozänt
5406,pänsum
5407,ämmitau
5408,erreichbar
5409,ostschwiz
5410,usbiudet
5411,pädagogischi
5412,mam
5413,uftritte
5414,ires
5415,verdient
5416,länder
5417,europa
5418,brilliant
5419,talänt
5420,arbeitskonditione
5421,beschwäre
5422,dankbar
5423,wetsch
5424,gschleglet
5425,arbeitisch
5426,setzte
5427,seschs
5428,läbensinhaut
5429,grossartige
5430,formatione
5431,niveau
5432,warsch
5433,TILL
5434,MAX
5435,gschwunge
5436,angererersits
5437,bequem
5438,chlin
5439,grösseri
5440,stedt
5441,chaotisch
5442,lausanne
5443,stage
5444,agnähmer
5445,gäbi
5446,dütschschwiz
5447,wäusche
5448,sudium
5449,amigs
5450,münche
5451,wohnsch
5452,abgnablet
5453,befristet
5454,diräkt
5455,militärspiu
5456,schöntsch
5457,unnötige
5458,probe
5459,musikalischer
5460,äbeni
5461,mäche
5462,profimusiker
5463,diräktionsusbiudig
5464,militärusbiudig
5465,höch
5466,agse
5467,konkuränzkampf
5468,gäbige
5469,bechum
5470,gschänkt
5471,bruefsperspektive
5472,erzoge
5473,realiste
5474,technischi
5475,digitali
5476,entwicklig
5477,dri
5478,idruck
5479,grossartigi
5480,wärfe
5481,irgendwelchne
5482,fakte
5483,schinfakte
5484,letztens
5485,LYDIA
5486,due
5487,checke
5488,bezwäcke
5489,hufe
5490,sobaud
5491,usse
5492,brass
5493,band
5494,rächti
5495,füfzäh
5496,uninteressiert
5497,extremismus
5498,tendiere
5499,schrecklechs
5500,usschritige
5501,rithaue
5502,bechume
5503,interessierter
5504,politischi
5505,viuem
5506,wahrschihnlech
5507,politisierig
5508,betribt
5509,wähle
5510,usnahm
5511,fürauem
5512,emantizipation
5513,kapitalismus
5514,sysr
5515,nang
5516,wöis
5517,ihrere
5518,blase
5519,kei
5520,politik
5521,verzichte
5522,verständnis
5523,gemein
5524,duet
5525,subvent
5526,heissts
5527,abgabe
5528,zeozwöi
5529,stüre
5530,erhöche
5531,schadet
5532,outofahre
5533,nähme
5534,spezieui
5535,itritt
5536,triffsch
5537,club
5538,zau
5539,chönntisch
5540,obd
5541,gratis
5542,METZGER
5543,mail
5544,grossvatter
5545,casino
5546,profiorchester
5547,bechumi
5548,ilad
5549,wäbeaktione
5550,wärbigung
5551,blächmusig
5552,nachricht
5553,wöui
5554,suech
5555,teilnämer
5556,lucky
5557,chobs
5558,chlinere
5559,chops
5560,usverchouft
5561,chlinneri
5562,internationali
5563,pop
5564,abelangt
5565,bärndütschs
5566,winis
5567,mitüberchumme
5568,tourbo
5569,wenigi
5570,pinterest
5571,tätigkeit
5572,entzug
5573,umeschicke
5574,lise
5575,augemeins
5576,zitig
5577,lisi
5578,tagesschou
5579,push
5580,nachrichte
5581,düreläse
5582,bechummi
5583,foug
5584,schutkanäu
5585,usgfaue
5586,sekunda
5587,schwöster
5588,verseiti
5589,bro
5590,geburtsort
5591,heimatort
5592,negativity
5593,bsuechter
5594,rebelliere
5595,ostschwizer
5596,erschreckt
5597,welet
5598,fahni
5599,ufgwachse
5600,langnou
5601,trueb
5602,chonufinge
5603,bäckerei
5604,männerdomäne
5605,detailhandu
5606,lehrsteue
5607,witerbiudig
5608,glichi
5609,ufd
5610,begleitet
5611,integriert
5612,göh
5613,höcher
5614,aja
5615,vorurteil
5616,lastwagefahrerin
5617,ehner
5618,gägeteu
5619,ähnlechs
5620,ungerschidlechs
5621,LACHT
5622,buret
5623,übernäh
5624,siter
5625,chärtli
5626,auerweuts
5627,fuu
5628,wäret
5629,chö
5630,FC
5631,(DISFLUENCY)
5632,gunste
5633,rückmäudig
5634,dementsprechend
5635,absichtlech
5636,ge
5637,ziut
5638,lustigst
5639,ärnstist
5640,yvonnand
5641,VD
5642,8
5643,glohnt
5644,sandstrand
5645,coop
5646,vorem
5647,bahngleis
5648,abbiege
5649,gan-
5650,schueufach
5651,nachhinein
5652,verchouf
5653,marge
5654,rächne
5655,eigets
5656,gschäft
5657,würsch
5658,ufschlah
5659,lastwage
5660,erinneret
5661,positiv
5662,negativ
5663,oustralie
5664,erinnerisch
5665,dahei
5666,mitbringsch
5667,fahrte
5668,kanada
5669,vancouver
5670,wha
5671,brüchet
5672,telefoniere
5673,skype
5674,face
5675,apple
5676,facetime
5677,videotele
5678,foniere
5679,gue
5680,kreativsti
5681,entschuudigung
5682,vergässe
5683,usred
5684,öppedie
5685,igschliche
5686,termine
5687,dän
5688,dänket
5689,pin
5690,pinlech
5691,unagnähm
5692,zrüggdänket
5693,ade
5694,düet
5695,lösle
5696,abwächsle
5697,uslüfte
5698,merkes
5699,nimerem
5700,füuhsch
5701,zwüschdüre
5702,trinki
5703,aspä
5704,zitgfüeu
5705,pünktlechkeit
5706,geduud
5707,spiuts
5708,müesstet
5709,isteue
5710,mersch
5711,merksch
5712,autersungerschid
5713,regulär
5714,benäh
5715,schs
5716,arbeitsweut
5717,klimajugend
5718,närne
5719,phänomen
5720,dasss
5721,ischränke
5722,konsum
5723,lösche
5724,gäbt
5725,schwierigkeite
5726,brueflech
5727,vorussetzig
5728,usgläse
5729,jobsicherheit
5730,spruch
5731,ufgsteut
5732,wurmt
5733,lohndifferänze
5734,massiv
5735,arbeitserfahrig
5736,istigslohn
5737,lohn
5738,abgschlossne
5739,stu
5740,studänte
5741,gi
5742,bäckereie
5743,relative
5744,lehrlingslohn
5745,bsetze
5746,choste
5747,zähte
5748,bruefschueu
5749,bruefsjahr
5750,detailhandusfachfrou
5751,lehrsteu
5752,iigetlich
5753,schnuppere
5754,fahsch
5755,iigentlich
5756,sibete
5757,füfti
5758,sächsti
5759,hii
5760,usegä
5761,iigentlech
5762,.)
5763,gsiit
5764,füfzähni
5765,wiisi
5766,skills
5767,darum
5768,schwizermeisterschafte
5769,ahänksch
5770,betrib
5771,bärnlastig
5772,düechts
5773,glichligs
5774,chiubi
5775,giisch
5776,ländler
5777,abgschribe
5778,veiechli
5779,verhautisch
5780,wied
5781,siisch
5782,chömsch
5783,fründschaftskreise
5784,giit
5785,nidmau
5786,oberlangenegg
5787,wiiss
5788,mid
5789,f
5790,mids
5791,härezcho
5792,bou
5793,schaffisch
5794,hiissts
5795,räf
5796,rüedu
5797,gluub
5798,hätts
5799,wine
5800,abschätzig
5801,erstunt
5802,passe
5803,zwillingsschwost
5804,KV
5805,gmeind
5806,BM
5807,langethau
5808,nar
5809,applikationsentwicklere
5810,vierjährigi
5811,zwöne
5812,gärtner
5813,landschaftsgärtner
5814,miechi
5815,hiisst
5816,gläge
5817,überustalent
5818,juniorezite
5819,förderkader
5820,früsch
5821,gsundheitlech
5822,iiglech
5823,direkt
5824,briiche
5825,zwüschiche
5826,ärnsti
5827,gstürm
5828,krach
5829,iigetlech
5830,zäutli
5831,ghiise
5832,abschlussprüefig
5833,hurti
5834,wösche
5835,schueuordner
5836,giits
5837,(LACHT )
5838,familieferie
5839,näbedrann
5840,dahiim
5841,bewege
5842,wid
5843,franz
5844,algebra
5845,settige
5846,detailhanduskenntnis
5847,prozänträchne
5848,settigs
5849,usb
5850,bruefsprüefig
5851,wirtschaft
5852,septämber
5853,usgwanderet
5854,bougschäft
5855,rästlechi
5856,umegreist
5857,nechi
5858,toronto
5859,meisch
5860,empfang
5861,übers
5862,dämlech
5863,ä'ä
5864,iifech
5865,chat
5866,mäng
5867,sowiso
5868,nüechtern
5869,doofi
5870,sächeli
5871,u:h
5872,wüud
5873,unüberliits
5874,fahrit
5875,chüü
5876,chömi
5877,iige
5878,abzlah
5879,luufi
5880,irgendöp
5881,hoger
5882,heisteut
5883,miine
5884,ligt
5885,heirite
5886,fahrsch
5887,cher
5888,maschsch
5889,dernah
5890,nächsts
5891,derzuechunnt
5892,iinglech
5893,alliini
5894,vorcho
5895,dassd
5896,gnosse
5897,locker
5898,wichtigste
5899,usegspüre
5900,lidescha
5901,lideschaft
5902,usegspürsch
5903,spätestens
5904,lehrabschlussprüefig
5905,weut
5906,azfah
5907,derewä
5908,siner
5909,ufcho
5910,gägenang
5911,läbensstiu
5912,hype
5913,ufgiit
5914,wandu
5915,nöiste
5916,afahsch
5917,iifach
5918,chindheit
5919,vergammlet
5920,useluuft
5921,erziehig
5922,löh
5923,lehris
5924,handwärklech
5925,irgendiinisch
5926,überliit
5927,überliisch
5928,ghiisse
5929,vermehrt
5930,ansta
5931,gstudiert
5932,witersch
5933,derwider
5934,höcklet
5935,versch
5936,bürozite
5937,drüfach
5938,körperlech
5939,abrackt
5940,schaffet
5941,überchömi
5942,nachteile
5943,lastwagechauffeuse
5944,spezieu
5945,letst
5946,lernende
5947,iich
5948,zwöits
5949,landi
5950,nächhere
5951,fachfrou
5952,betröig
5953,eigentle
5954,zweni
5955,rum
5956,manneproblem
5957,prüefigsstress
5958,bruchi
5959,gstosse
5960,tiiu
5961,schnupperwuchine
5962,schnuppertäg
5963,lehrbetrib
5964,produktion
5965,logistik
5966,kommissonierig
5967,verlad
5968,wärchstatt
5969,disposition
5970,mitga
5971,bruefsusbiudner
5972,theorie
5973,ersts
5974,fäu
5975,barstreet
5976,wichtrach
5977,klub
5978,mässig
5979,höchers
5980,settig
5981,iinisch
5982,chiem
5983,moonliner
5984,thun
5985,chere
5986,shuttle
5987,bus
5988,kaff
5989,getroue
5990,stuune
5991,negativs
5992,uuge
5993,erstuunt
5994,zuetrout
5995,tierpflegerin
5996,äutist
5997,sanitärmonteur
5998,muure
5999,räst
6000,burehof
6001,ischi
6002,nanny
6003,usega
6004,sunntig
6005,ifaut
6006,bebes
6007,beruhige
6008,zuenihm
6009,beruhigt
6010,schutte
6011,truebschache
6012,mannschaft
6013,gründet
6014,manne
6015,sumi
6016,beachparty
6017,volleybauspiu
6018,iine
6019,vorherig
6020,näbe
6021,ladig
6022,berächne
6023,ÜK
6024,bege
6025,spannset
6026,zurrgürt
6027,sichere
6028,wirdi
6029,tasmanie
6030,istig
6031,gastfamilie
6032,breicht
6033,vorsch
6034,vorgsteut
6035,beschrib
6036,organisation
6037,wouh
6038,gmuche
6039,stunge
6040,mäuche
6041,jöbli
6042,pair
6043,useputze
6044,völligst
6045,düecht
6046,gärtnere
6047,pflanze
6048,usschrisse
6049,quad
6050,chüe
6051,weid
6052,zuhne
6053,säubständig
6054,öh
6055,überetue
6056,zuetue
6057,verzögeret
6058,aruef
6059,button
6060,lutsprächer
6061,katastrophe
6062,stou
6063,handlet
6064,schribsch
6065,iinte
6066,momänte
6067,hiis
6068,chöö
6069,hiirite
6070,luufe
6071,zügig
6072,obeache
6073,danz
6074,sälü
6075,umbedingt
6076,wichtigi
6077,bruefswau
6078,antwort
6079,grössere
6080,abmachsch
6081,ufgfaue
6082,umgangswis
6083,wortwau
6084,merki
6085,fürenäme
6086,zueverlässlechkeit
6087,merkis
6088,mitstifti
6089,dritti
6090,rege
6091,wärche
6092,füdle
6093,siit
6094,firabe
6095,ändlech
6096,sportungerricht
6097,hoffes
6098,spätistens
6099,müehi
6100,chaste
6101,natel
6102,PC
6103,fremdne
6104,afig
6105,sos
6106,budget
6107,iphone
6108,wärch
6109,desumehocke
6110,abwächslig
6111,gsch
6112,afo
6113,bow
6114,arrow
6115,mu
6116,schnell
6117,abeässe
6118,sympathisch
6119,fändis
6120,kolleginne
6121,minre
6122,konf
6123,champagner
6124,agstosse
6125,denk
6126,paari
6127,drang
6128,säg
6129,trinksch
6130,kind
6131,lauft
6132,sechste
6133,händli
6134,ghebt
6135,n'n
6136,lippe
6137,ober
6138,la:ng
6139,oberhaub
6140,ungerhaub
6141,öpfu
6142,zunge
6143,chotzisch
6144,aschribt
6145,(KLATSCHT)
6146,stopp
6147,gangi
6148,dur
6149,phase
6150,cybermobbing
6151,cyber
6152,gmobbt
6153,verzelle
6154,dünn
6155,curvy
6156,wemmer
6157,noni
6158,arsch
6159,fitness
6160,studio
6161,trainiersch
6162,zfriede
6163,alueget
6164,denksch
6165,hässlich
6166,mager
6167,magersüchtig
6168,dick
6169,ballett
6170,rosarote
6171,strümpf
6172,body
6173,verglicht
6174,kylie
6175,jenner
6176,bearbeite
6177,söttigi
6178,echt
6179,realität
6180,verstellt
6181,ins
6182,training
6183,süessigkeite
6184,mitgno
6185,söues
6186,igsammlet
6187,hunger
6188,gfährlich
6189,base
6190,auge
6191,isse
6192,stahni
6193,yeah
6194,nächene
6195,ohnmächtig
6196,erwartet
6197,azeiche
6198,schlank
6199,gfüut
6200,klimaschützer
6201,sterbe
6202,drogesüchtig
6203,nimme
6204,stirbi
6205,machsches
6206,vegetarisch
6207,tshirt
6208,stofftäsche
6209,dreckig
6210,umefahrt
6211,ernährig
6212,simmer
6213,furtschiesse
6214,nimmes
6215,jungs
6216,cheerleading
6217,wärsch
6218,ballet
6219,schwul
6220,obwohls
6221,zwischen
6222,jugendlichen
6223,frech
6224,grundlos
6225,döte
6226,döt
6227,ufwache
6228,zmorge
6229,decke
6230,steui
6231,gschirr
6232,abwäschmaschine
6233,tues
6234,irume
6235,gschirrli
6236,tasse
6237,pubertät
6238,usnütze
6239,rebellisch
6240,glob
6241,useschliche
6242,bestimme
6243,dihei
6244,bsuech
6245,gönd
6246,diheime
6247,ungnüegend
6248,siebe
6249,PPP
6250,verzeui
6251,giorgia
6252,mögliche
6253,old
6254,school
6255,nöier
6256,zwöitusiguvierzäh
6257,schwizerdütsch
6258,musigstil
6259,frog
6260,banane
6261,panna
6262,cotta
6263,tagesschueu
6264,raclette
6265,kotzet
6266,hassi
6267,lakritz
6268,freiwillig
6269,wür
6270,teller
6271,fenchel
6272,fenchu
6273,schmöcksch
6274,grosmuetter
6275,klitoris
6276,walk
6277,gotti
6278,schueuball
6279,asi
6280,stil
6281,lege
6282,soft
6283,girl
6284,härzigs
6285,leggi
6286,seriöser
6287,autmodisch
6288,style
6289,inspiriere
6290,bsteue
6291,brandy
6292,melville
6293,manor
6294,meist
6295,chouf
6296,bsteui
6297,schlegle
6298,akzeptiere
6299,sozsäge
6300,true
6301,bedütets
6302,einsam
6303,people
6304,can
6305,annoying
6306,nerve
6307,nervt
6308,würklich
6309,checkt
6310,groupstunt
6311,hemmer
6312,plötzlich
6313,crush
6314,tüemer
6315,nimms
6316,abg
6317,basaltest
6318,bestange
6319,grundet
6320,news
6321,lieblingsapp
6322,aktualisiere
6323,wocherück
6324,musically
6325,musicallys
6326,witzig
6327,tänz
6328,vines
6329,vine
6330,you
6331,handysüchtig
6332,jedere
6333,freie
6334,diheim
6335,erinnerungen
6336,chingheit
6337,chilles
6338,mallorca
6339,karibik
6340,flugzüg
6341,camarque
6342,südfrankrich
6343,ross
6344,sechsi
6345,fe
6346,witi
6347,aquafit
6348,bemerkt
6349,hassisch
6350,gredet
6351,power
6352,energy
6353,faut
6354,two
6355,normaue
6356,letsch
6357,ufschiesse
6358,mär
6359,nice
6360,freud
6361,beweglich
6362,stretch
6363,wennde
6364,pfil
6365,boge
6366,cheerschueh
6367,zueluege
6368,pirou
6369,dehne
6370,spagat
6371,dehnt
6372,unagnehm
6373,front
6374,schwizere
6375,ufgang
6376,lip
6377,pech
6378,flyer
6379,vieresechzg
6380,durchschnitt
6381,stunte
6382,einehalb
6383,chöpf
6384,drüesibezg
6385,mehrere
6386,senior
6387,elite
6388,allgirl
6389,c
6390,four
6391,gmischt
6392,routine
6393,pyramide
6394,dreihig
6395,wiviu
6396,znacht
6397,normauerwis
6398,witermache
6399,wahrschindlech
6400,keis
6401,spotter
6402,saision
6403,wän
6404,double
6405,härzigi
6406,figur
6407,schwer
6408,captain
6409,halloween
6410,about
6411,have
6412,spiegu
6413,titte
6414,aglängt
6415,bugs
6416,coache
6417,snap
6418,gadded
6419,cringe
6420,levels
6421,arrogant
6422,usgsehsch
6423,jury
6424,saison
6425,cap
6426,lästeret
6427,nett
6428,regts
6429,mitrede
6430,fühl
6431,cheer
6432,mitbringt
6433,egge
6434,plötz
6435,heimers
6436,warum
6437,güetzele
6438,bilder
6439,schönried
6440,random
6441,vid
6442,lese
6443,kapitu
6444,glese
6445,awende
6446,konjugiere
6447,lieblingsfach
6448,PP
6449,BG
6450,zeichne
6451,bewertet
6452,abzeichnigsüebige
6453,usechunnt
6454,expressionistisch
6455,selbstportrait
6456,drüegg
6457,oval
6458,gsplittet
6459,oug
6460,chinderzeichnig
6461,dicke
6462,pinsle
6463,fausch
6464,intervaue
6465,checkes
6466,hiufsch
6467,errate
6468,farb
6469,M&M
6470,gäub
6471,werdes
6472,gin
6473,lets
6474,drunk
6475,stundeplan
6476,study
6477,plan
6478,problemorientierte
6479,pos
6480,geräteturnen
6481,tumbling
6482,oha
6483,iglade
6484,hornets
6485,nonig
6486,grow
6487,würs
6488,muskulös
6489,grüeft
6490,wärdis
6491,behinderet
6492,wemme
6493,ufecho
6494,sym
6495,tumble
6496,starte
6497,coach
6498,gägebase
6499,kommentieren
6500,oberkörperfrei
6501,röckli
6502,candy
6503,froge
6504,heb
6505,fresse
6506,uniform
6507,gahts
6508,stalki
6509,schnäpsli
6510,ka
6511,ahning
6512,stockbsoffe
6513,langwilig
6514,hemmers
6515,kuss
6516,tutorials
6517,neigst
6518,deinen
6519,kopf
6520,weil
6521,nasen
6522,zusammendrücken
6523,muu
6524,checki
6525,mobbing
6526,schönheitsideale
6527,brüst
6528,post
6529,schuud
6530,schönheitsideau
6531,models
6532,spot
6533,vorstelle
6534,klimawandel
6535,setzi
6536,beschäftigts
6537,betrifft
6538,vegetarierin
6539,chocht
6540,spaghetti
6541,vegi
6542,flexitarier
6543,wärme
6544,glas
6545,läär
6546,leb
6547,männlich
6548,beha
6549,behandle
6550,unfair
6551,verteidige
6552,wehre
6553,abemache
6554,schlimms
6555,heg
6556,agloge
6557,häufig
6558,genutzte
6559,schwör
6560,süs
6561,eme
6562,gahn
6563,lieblingsmusik
6564,R'n'B
6565,losi
6566,native
6567,stile
6568,alle
6569,lieben
6570,erlebnis
6571,hotdog
6572,erbreche
6573,thon
6574,rosechou
6575,liebes
6576,überbache
6577,frauenstreik
6578,kleidungsstile
6579,phasen
6580,vestah
6581,legge
6582,lasch
6583,aleisch
6584,choufsch
6585,zalando
6586,rechnig
6587,einschreiten
6588,schlägerei
6589,frömde
6590,nerven
6591,grüesse
6592,chömer
6593,überschlag
6594,schule
6595,schliessfach
6596,schwierigste
6597,dassis
6598,drüezwänzg
6599,achtevierzg
6600,fettig
6601,grössti
6602,alehne
6603,ägypte
6604,nigeria
6605,österich
6606,holland
6607,jamaica
6608,ibiza
6609,überfloge
6610,gramme
6611,agschisse
6612,ghofft
6613,überrascht
6614,klappt
6615,nervts
6616,seven
6617,ufepusht
6618,hes
6619,überascht
6620,toss
6621,höchst
6622,five
6623,six
6624,eight
6625,nimm
6626,schlittschueh
6627,sechsesibezg
6628,mäntig
6629,donnsti
6630,zitteret
6631,positions
6632,abghobe
6633,sponsorealass
6634,debi
6635,geiler
6636,heschs
6637,gfühlt
6638,erne
6639,fie::s
6640,ihr
6641,tattoist
6642,lisisch
6643,weisse
6644,kunstfach
6645,strichmä
6646,strichmännli
6647,kanusport
6648,geile
6649,igschribe
6650,älter
6651,gym
6652,folgsch
6653,hü
6654,beast
6655,drüezwänzgi
6656,meints
6657,vorzugt
6658,snatch
6659,eu
6660,brucheter
6661,liecht
6662,spast
6663,säged
6664,motherfucker
6665,lass
6666,digga
6667,gönne
6668,yb
6669,unterhose
6670,ehremaa
6671,viumau
6672,ziehni
6673,schau
6674,zahli
6675,nämlich
6676,wöimer
6677,barca
6678,mätche
6679,rundi
6680,spiufeud
6681,schäu
6682,schiesst
6683,gfange
6684,irgendsone
6685,schiiss
6686,stoffschau
6687,nehmemer
6688,liverpool
6689,teams
6690,fifa
6691,sechzeh
6692,rest
6693,world
6694,ui:
6695,geiter
6696,begrabsche
6697,gegra
6698,ziehmer
6699,mol
6700,ba:::m
6701,nehme
6702,ue::
6703,waudstadion
6704,geils
6705,stadion
6706,wembley
6707,ziehnemer
6708,riissemer
6709,nagu
6710,rasiere
6711,muur
6712,haha
6713,tuetme
6714,lobbe
6715,gönn
6716,gönnjamin
6717,tuusiger
6718,geu
6719,latsch
6720,wennschon
6721,treffe
6722,ahspiu
6723,vinicius
6724,latsche
6725,entgäge
6726,boah
6727,marcello
6728,hehey
6729,spiune
6730,benzema
6731,broche
6732,wiisse
6733,renne
6734,saga
6735,gou
6736,BVB
6737,kommentator
6738,chönntne
6739,beleidige
6740,frank
6741,buschmann
6742,breuckmann
6743,nintendo
6744,PS
6745,mitgnoh
6746,penne
6747,ranzig
6748,düregsuchtet
6749,zack
6750,pass
6751,wuoh
6752,mann
6753,god
6754,segleter
6755,renni
6756,hingenache
6757,hou
6758,schnorre
6759,ba::m
6760,keine
6761,seglet
6762,nebedüre
6763,liggt
6764,spieler
6765,navas
6766,hör
6767,isco
6768,bechunsch
6769,stiife
6770,uswechsle
6771,gsehmer
6772,comeback
6773,usetue
6774,meitschi
6775,schnitte
6776,pisle
6777,ungedüre
6778,tanzt
6779,frosch
6780,fair
6781,legendär
6782,wiemer
6783,pirouette
6784,flügemer
6785,nigger
6786,ineloufe
6787,birefick
6788,courtois
6789,vorname
6790,rambo
6791,ramos
6792,hout
6793,doping
6794,taking
6795,gnoh
6796,glatte
6797,tubu
6798,hetme
6799,witsel
6800,leert
6801,kontostand
6802,find
6803,lumpe
6804,kroos
6805,drinne
6806,schüssel
6807,dafür
6808,lahsch
6809,gwinne
6810,schiessisch
6811,machters
6812,ronaldo
6813,unihockeyturnier
6814,grätscht
6815,penauty
6816,arschloch
6817,fettsack
6818,breiter
6819,pfoste
6820,check
6821,netz
6822,schiess
6823,ball
6824,schwinge
6825,stock
6826,heum
6827,abem
6828,gring
6829,köter
6830,fingene
6831,wiuer
6832,bugatti
6833,dong
6834,turin
6835,kläre
6836,mampfsch
6837,verkacksch
6838,putzig
6839,chasperli
6840,ziit
6841,spiuschne
6842,offside
6843,zuebinde
6844,töteter
6845,phu::
6846,verletzt
6847,watch
6848,out
6849,come
6850,buoh
6851,konzern
6852,sust
6853,bremsi
6854,ufbrucht
6855,hanne
6856,usgnoh
6857,nee
6858,verdienti
6859,füehrig
6860,madrid
6861,grätsche
6862,hetne
6863,faurückzieher
6864,maa
6865,rennsch
6866,flügsch
6867,blackies
6868,neh
6869,feud
6870,linierichter
6871,secklisch
6872,marathon
6873,usduur
6874,filmet
6875,sprintwettkampf
6876,kameramaa
6877,sprinter
6878,herz
6879,semi
6880,profi
6881,euches
6882,bad
6883,rasierklinge
6884,lue
6885,servette
6886,rasiert
6887,daran
6888,afüut
6889,sechzigsti
6890,kassiere
6891,dortmund
6892,brunzer
6893,ko
6894,fätztne
6895,secho
6896,wuamos
6897,fätzisch
6898,brems
6899,abwehr
6900,verkackt
6901,fingne
6902,ehregou
6903,tänzlet
6904,chicken
6905,nuggets
6906,bratpfanne
6907,point
6908,dürüm
6909,herzlich
6910,wiukomme
6911,präsentation
6912,folie
6913,abbiudet
6914,orgasmus
6915,esse
6916,fürne
6917,fondue
6918,chinoise
6919,präsentatione
6920,geilste
6921,klatsche
6922,schwanz
6923,stiif
6924,zrückgwachse
6925,boaho
6926,rennt
6927,chotztubbu
6928,fickt
6929,touchpad
6930,controller
6931,riiche
6932,bohoho
6933,gstöcklet
6934,shee
6935,schäm
6936,ufregt
6937,kameras
6938,hirnzeue
6939,schmerzt
6940,fingernagu
6941,sägis
6942,eigegou
6943,lahni
6944,cheuer
6945,batz
6946,brünzle
6947,ganzes
6948,iisteeglas
6949,schönheitsoperatione
6950,erfunde
6951,schlusspfiff
6952,schiebne
6953,kenned
6954,furze
6955,furz
6956,obenuse
6957,gspürsch
6958,gorps
6959,chunnter
6960,hoschi
6961,toilette
6962,schenk
6963,home
6964,aföh
6965,bayern
6966,rasier
6967,ziehe
6968,verwandt
6969,huutfarb
6970,frisur
6971,weitem
6972,haaland
6973,frankfurt
6974,gladbach
6975,sackstarch
6976,rissi
6977,ungerine
6978,WC
6979,papier
6980,choufet
6981,mbudget
6982,zitrone
6983,ruumspray
6984,pressier
6985,gnabry
6986,ufstellig
6987,hummeli
6988,heim
6989,trikot
6990,NHL
6991,sechzehni
6992,hands
6993,hoch
6994,aschisst
6995,versueche
6996,gounetz
6997,ishockey
6998,imm
6999,puck
7000,inefätzisch
7001,loch
7002,chnöpf
7003,ligsch
7004,hunnegeil
7005,rules
7006,goalie
7007,goalieschlägerei
7008,blaui
7009,wotter
7010,fighte
7011,masseschlägerei
7012,zahn
7013,usgschlage
7014,verruckt
7015,noob
7016,coutinho
7017,verliebt
7018,sturm
7019,chöniz
7020,coman
7021,mussi
7022,machtwort
7023,drufah
7024,wenner
7025,dasser
7026,wiiblich
7027,piepmatz
7028,bimne
7029,volley
7030,lobber
7031,iischaut
7032,zagga
7033,latte
7034,some
7035,sechzehner
7036,EM
7037,frankriich
7038,quali
7039,witerchömed
7040,träume
7041,league
7042,feststeusch
7043,riisse
7044,leistig
7045,schuss
7046,goali
7047,abgschosse
7048,xavi
7049,martinez
7050,kenneder
7051,journey
7052,nünzäh
7053,ham
7054,nam
7055,drischiisse
7056,a'a
7057,kilian
7058,mbappe
7059,PSG
7060,YB
7061,wassi
7062,match
7063,papa
7064,organisiere
7065,schreii
7066,jürgen
7067,klopp
7068,platz
7069,kloppi
7070,schick
7071,bisseli
7072,rüber
7073,mitere
7074,stange
7075,häregah
7076,manchester
7077,etihad
7078,alcohol
7079,tribüns
7080,miteme
7081,weue
7082,inegah
7083,its
7084,possible
7085,london
7086,agreist
7087,zrügggreist
7088,flüg
7089,vierzäh
7090,schüss
7091,piinlich
7092,umarmt
7093,nebedran
7094,grinst
7095,pädophilisch
7096,grinsi
7097,gay
7098,wegem
7099,ribery
7100,robben
7101,rücktritt
7102,engländer
7103,trainer
7104,premier
7105,nachemacht
7106,arsenal
7107,emery
7108,endlich
7109,spiuresultat
7110,schlussendlich
7111,gwinnt
7112,neuer
7113,gschlage
7114,häbe
7115,drück
7116,rundumeli
7117,zwöikampf
7118,gseglet
7119,ste
7120,bayernspieler
7121,driisgtuusig
7122,damn
7123,foul
7124,gumpsch
7125,clowns
7126,suchte
7127,üsers
7128,gedächtnis
7129,chunntmer
7130,roti
7131,brätschischne
7132,nichts
7133,stabliste
7134,defensive
7135,schwitze
7136,X
7137,usenander
7138,nacke
7139,hingedran
7140,m'm
7141,machs
7142,nähmemer
7143,kassieremer
7144,ghoue
7145,vergesse
7146,haubziit
7147,chlepft
7148,dürezieh
7149,gell
7150,rote
7151,junior
7152,aua
7153,ander
7154,voll
7155,verband
7156,checksch
7157,nope
7158,grammt
7159,nebedra
7160,pfiffe
7161,machemer
7162,igga
7163,zwänzigste
7164,nimmne
7165,heine
7166,tack
7167,saftig
7168,freistoss
7169,ramme
7170,fick
7171,mittufäudspieler
7172,müemer
7173,öfter
7174,bring
7175,schläg
7176,flanket
7177,lob
7178,bra
7179,umeflexe
7180,hänsel
7181,gretel
7182,dude
7183,gfiirt
7184,mueschne
7185,bescheid
7186,offiside
7187,gib
7188,ramm
7189,götze
7190,gfoult
7191,streber
7192,pajass
7193,jöi
7194,varane
7195,spiel
7196,dure
7197,nacho
7198,geub
7199,ziehters
7200,brust
7201,ziehter
7202,pädo
7203,faxe
7204,rosskuss
7205,boho
7206,holi
7207,wechsle
7208,villicht
7209,grätschisch
7210,lieblingsmannschaft
7211,kick
7212,ci
7213,welli
7214,schaffes
7215,füfhundert
7216,gheieter
7217,F
7218,schlechtisti
7219,joi
7220,chöiter
7221,hine
7222,bitteschön
7223,mittufeud
7224,mitarbe
7225,mitarbeiter
7226,gro
7227,glaub
7228,pousene
7229,fucked
7230,müller
7231,süle
7232,gäbed
7233,hinne
7234,hummel
7235,dieses
7236,naja
7237,fätze
7238,lewandowski
7239,wölle
7240,hallowe
7241,pädos
7242,alta
7243,noah
7244,thiago
7245,thiagos
7246,koman
7247,loslege
7248,mittuf
7249,rodriguez
7250,witergafft
7251,fuckt
7252,endli
7253,alaba
7254,dörf
7255,tuaschs
7256,hera
7257,ufneh
7258,nanai
7259,kasch
7260,wartend
7261,dankeschön
7262,mitmachend
7263,muasch
7264,luaga
7265,tuan
7266,guat
7267,kai
7268,sinder
7269,geganand
7270,kömmer
7271,holsch
7272,neua
7273,gohni
7274,überi
7275,grüan
7276,khamer
7277,glaui
7278,gega
7279,datt
7280,dia
7281,schwar
7282,langa
7283,nai
7284,stell
7285,minuta
7286,parat
7287,muaschna
7288,lobba
7289,iar
7290,rota
7291,siach
7292,heschna
7293,igstellt
7294,on
7295,imfall
7296,hol
7297,werdender
7298,übel
7299,rasiart
7300,müamerna
7301,uswechsla
7302,casemiro
7303,modric
7304,spöter
7305,goht
7306,penalty
7307,glaubi
7308,brutals
7309,ticki
7310,tacka
7311,ufzücha
7312,thibaut
7313,eina
7314,tua
7315,lumpa
7316,mitbringa
7317,automatisch
7318,druckt
7319,könnd
7320,nocher
7321,amol
7322,macha
7323,zimli
7324,brutala
7325,ballbsitz
7326,tip
7327,wia
7328,gfallts
7329,viar
7330,ole
7331,wega
7332,schono
7333,sega
7334,rasiar
7335,hinadra
7336,usa
7337,rechts
7338,stoht
7339,saisch
7340,verzell
7341,gwählt
7342,gsait
7343,söll
7344,goal
7345,schüssa
7346,loh
7347,hender
7348,finds
7349,viel
7350,ölf
7351,kho
7352,auno
7353,(UNVERSTÄNDLICH
7354,bald
7355,links
7356,aba
7357,tuani
7358,müncha
7359,stark
7360,serge
7361,maschina
7362,kennender
7363,salzburg
7364,stürmer
7365,sackstark
7366,luag
7367,nomol
7368,wähla
7369,findender
7370,hina
7371,gradus
7372,huara
7373,nia
7374,momol
7375,probiar
7376,hinderi
7377,poster
7378,glicha
7379,ufwärmspiel
7380,holschna
7381,kaschna
7382,hinter
7383,abdränga
7384,probiara
7385,spielsch
7386,gspielt
7387,spielt
7388,gmaint
7389,dussa
7390,mitgspielt
7391,waisch
7392,stross
7393,machender
7394,ina
7395,troffa
7396,spielend
7397,ganza
7398,C
7399,spielends
7400,muass
7401,pola
7402,sinds
7403,qualifiziart
7404,johr
7405,kli
7406,mehrerna
7407,meinender
7408,WM
7409,katar
7410,müands
7411,irgendwia
7412,küahla
7413,klimaalag
7414,kreis
7415,zruggghebt
7416,eden
7417,hazard
7418,findsch
7419,seb
7420,gohter
7421,langwiilig
7422,spiela
7423,gwünsch
7424,kloppou
7425,eltara
7426,hend
7427,öppa
7428,suuber
7429,froga
7430,gstellt
7431,fuassball
7432,gfreezed
7433,dörfi
7434,rafinha
7435,immerno
7436,gohts
7437,drnäbet
7438,telefon
7439,baslere
7440,industriedesign
7441,industrial
7442,ZHdK
7443,studiegang
7444,rollenäme
7445,english
7446,kom
7447,visual
7448,communi
7449,communication
7450,lustigste
7451,huusdienst
7452,facility
7453,management
7454,ühü
7455,erkennsch
7456,thuner
7457,bäup
7458,zrüggcho
7459,rüm
7460,gag
7461,verbreitet
7462,übernohni
7463,düresetze
7464,gugus
7465,bärndütsch
7466,dialekt
7467,ladet
7468,izboue
7469,würke
7470,laid
7471,völlig
7472,kanton
7473,steff
7474,spezielle
7475,status
7476,BÄRner
7477,flughafe
7478,flach
7479,privatflüger
7480,begriff
7481,möchte
7482,identifiziere
7483,hee
7484,bildete
7485,künst
7486,näbebi
7487,spassig
7488,kunstgschichtvorläsig
7489,vorläsige
7490,vorkurs
7491,tolls
7492,kunst
7493,ahschisst
7494,d'
7495,riichi
7496,inehänke
7497,afat
7498,ineschwappt
7499,produziere
7500,verchouft
7501,politikerinne
7502,ähnlechi
7503,damit
7504,kult
7505,verständis
7506,kultiviert
7507,rügge
7508,unspannendi
7509,radikali
7510,r
7511,reizlosi
7512,[wo]
7513,ABsolut
7514,wehrt
7515,boykottiert
7516,ärscher
7517,gmaut
7518,ja]
7519,hangt
7520,wohnzimmer
7521,knackig
7522,schwabblig
7523,versproche
7524,[dem]
7525,letzts
7526,arschbiuder
7527,gründ
7528,triffe
7529,agsproche
7530,verchoufsch
7531,male
7532,realisiert
7533,°das
7534,°stimmt
7535,°ja
7536,story
7537,highlights
7538,ahgsproche
7539,absurd
7540,zudem
7541,DIE
7542,agschribe
7543,wonig
7544,wonis
7545,inegschafft
7546,schockiert
7547,überzügig
7548,beschlosse
7549,igs
7550,gstaute
7551,fani
7552,vernetzt
7553,hemmschweue
7554,konfrontation
7555,mösche
7556,möglechst
7557,überwinde
7558,ghuufe
7559,insofern
7560,abgsegnet
7561,nächsti
7562,loswärde
7563,gnützt
7564,hh
7565,irg
7566,fauts
7567,lohnt
7568,wärbe
7569,MIR
7570,fouge
7571,doof
7572,archiv
7573,mappene
7574,fertige
7575,ahgfangige
7576,selfpromotion
7577,wärbig
7578,nasty
7579,verchehrt
7580,usga
7581,natürlechs
7582,ufmerksam
7583,unah
7584,unahgnähmste
7585,herumchunnt
7586,°merci
7587,einig
7588,ghemmt
7589,persönliche
7590,füehli
7591,trenne
7592,angersiits
7593,persönleche
7594,nötig
7595,malmal
7596,gsehni
7597,hölle
7598,gspautener
7599,bastle
7600,verwürkleche
7601,mappe
7602,steuewert
7603,gfüuter
7604,erinnerige
7605,prozess
7606,liegt
7607,düregmacht
7608,umga
7609,gspaute
7610,konstruktiv
7611,wägdänke
7612,ahgwise
7613,autag
7614,drucke
7615,künstlerin
7616,kunststudium
7617,faue
7618,reagiere
7619,eifachs
7620,korrigiere
7621,mali
7622,vertribe
7623,verschenke
7624,gäute
7625,promote
7626,mehrwert
7627,irgendöppisem
7628,bitrage
7629,stuff
7630,gibis
7631,interaktiveri
7632,vermittlig
7633,vöuig
7634,[würd]
7635,versuechsch
7636,gniesse
7637,schiine
7638,situatione
7639,entstah
7640,respektiv
7641,witergä
7642,bestumme
7643,umdreie
7644,unabhängig
7645,fäut
7646,intuitive
7647,grecht
7648,linoldrucke
7649,ss
7650,sibzähte
7651,oktober
7652,driissigst
7653,november
7654,zitspanni
7655,uszhaute
7656,verirrt
7657,verirre
7658,farbigs
7659,schätzi
7660,prozesse
7661,derzuegä
7662,zensiere
7663,oders
7664,uftrage
7665,überlagerige
7666,tempera
7667,farbe
7668,hergsteut
7669,[geil]
7670,verfüehrigskünstlerin
7671,säubstbewusst
7672,pushed
7673,tagesformabhängig
7674,katsching
7675,open
7676,doors
7677,legs
7678,wink
7679,kam
7680,kackbegriff
7681,appetit
7682,grö
7683,starre
7684,technik
7685,ahstarre
7686,gschickti
7687,wächsuspiu
7688,naheliegendste
7689,mensch
7690,(ÄCHZT)
7691,bäng
7692,sali
7693,kennenlernen
7694,WO
7695,antworte
7696,laszivs
7697,ougezwinkere
7698,reizvou
7699,gopf
7700,quiz
7701,bullshit
7702,heteronormative
7703,kack
7704,verfüehrigskünstler
7705,gendered
7706,zwöitletschte
7707,wirdis
7708,verfüehre
7709,trape
7710,amache
7711,walz
7712,(SINGT WALZERTAKT)
7713,fäusch
7714,tanzer
7715,wauzer
7716,achrüzle
7717,disco
7718,bö
7719,°bitte
7720,vorläse
7721,übersetzig
7722,gmischtwarelade
7723,funktionierts
7724,bestens
7725,vieles
7726,tagesform
7727,abhängig
7728,luune
7729,gägenüber
7730,tü
7731,teufel
7732,komm
7733,passts
7734,basta
7735,erfougsquote
7736,circa
7737,nünevierzg
7738,testteilnähmer
7739,müessti
7740,gendere
7741,ergebnis
7742,quote
7743,(7.44)
7744,mich
7745,kompatibu
7746,beziehungstyp
7747,bist
7748,beruf
7749,besten
7750,schwieriger
7751,zentrali
7752,A
7753,schlafzimmer
7754,B
7755,D
7756,bühni
7757,E
7758,fancy
7759,hochhuus
7760,pseudo
7761,japanisch
7762,humor
7763,lieblingswitz
7764,watson
7765,putzt
7766,müehsame
7767,unglaublich
7768,überflüssig
7769,dann
7770,asiaten
7771,asis
7772,arzt
7773,müssen
7774,aufhören
7775,onanieren
7776,patient
7777,kann
7778,untersuchen
7779,gschroue
7780,scheiden
7781,kindisch
7782,hast
7783,gesagt
7784,gestern
7785,soll
7786,zeitung
7787,gefälligst
7788,zuhause
7789,lesen
7790,flachwitze
7791,drittens
7792,auch
7793,teamplayer
7794,welches
7795,dein
7796,liebling
7797,liebstes
7798,gesellschaftsspiel
7799,liebligs
7800,gseuschaftsspiu
7801,monopoly
7802,looping
7803,louie
7804,trinkspiu
7805,viertens
7806,scrabble
7807,füftens
7808,mind
7809,sechstens
7810,bang
7811,revolver
7812,chugle
7813,chartespiu
7814,abschiesse
7815,aktionscharte
7816,mies
7817,laht
7818,familiene
7819,verbräche
7820,krisle
7821,andi
7822,vorstelligsgspräch
7823,stärchine
7824,schwächine
7825,antwortisch
7826,rümlech
7827,regionale
7828,U
7829,tetris
7830,introvertiert
7831,frömdem
7832,stärchi
7833,durch
7834,hindernisse
7835,erkannt
7836,smarty
7837,pants
7838,schwächi
7839,zuegständnis
7840,furcht
7841,°ah
7842,°ds
7843,°gits
7844,kompletti
7845,inkompetenze
7846,seubstvertroue
7847,stuurheit
7848,überspile
7849,pi
7850,pa
7851,po
7852,(3.66)
7853,ufgliistet
7854,insbesondere
7855,nummer
7856,überzüge
7857,schwäche
7858,denki
7859,neige
7860,manchmal
7861,wortspiu
7862,überzügends
7863,uftrete
7864,starchi
7865,persönlechkeit
7866,arg
7867,argumentativs
7868,perpetuum
7869,mobile
7870,woa
7871,spreche
7872,gerne
7873,schwächen
7874,verbesserungspotentialen
7875,chancen
7876,suggestiv
7877,hartnäckig
7878,MASLOW
7879,behaviorist
7880,dummheit
7881,ANDRÉ
7882,GLUCKSMANN
7883,[meister
7884,sucht]
7885,trinkspiele
7886,lieblingssport
7887,ahsträngend
7888,yoga
7889,counter
7890,strike
7891,pong
7892,schach
7893,beer
7894,nämlech
7895,fuessbau
7896,lieblings
7897,fuessbauresultat
7898,USA
7899,bowl
7900,nüün
7901,dasjenige
7902,höchste
7903,wettgwinn
7904,ibringt
7905,usg
7906,usgeit
7907,resultat
7908,vermittle
7909,nuu
7910,wooh
7911,uu
7912,monatslohn
7913,narr
7914,kennst
7915,treffen
7916,jäger
7917,habe
7918,ganzen
7919,fragen
7920,katalog
7921,supi
7922,heigsch
7923,fragekatalog
7924,stroh
7925,begeisteret
7926,vertrag
7927,gala
7928,outfit
7929,nerd
7930,kostüm
7931,bikini
7932,seherin
7933,billige
7934,jogging
7935,azug
7936,fee
7937,fasnacht
7938,plastikmaske
7939,besuufsch
7940,verpennsch
7941,lügne
7942,connected
7943,lügnisch
7944,verschlafe
7945,smart
7946,achtung
7947,arbeitsmorau
7948,optione
7949,beamtin
7950,unordentlech
7951,fiirisch
7952,übrig
7953,haglöfs
7954,friday
7955,chleidermarke
7956,website
7957,gsperrt
7958,ooh
7959,crazy
7960,abschlöh
7961,toaster
7962,verrückt
7963,mentalität
7964,leck
7965,massehysterie
7966,usbricht
7967,völligi
7968,choufmanie
7969,manie
7970,bsitzahüfig
7971,plakativste
7972,grossfamilie
7973,vorgrechnet
7974,füfezwänzg
7975,üsne
7976,grossunggle
7977,tante
7978,oberdiessbach
7979,grosstante
7980,fürnes
7981,event
7982,unggle
7983,pikett
7984,kaputte
7985,bandschiibevorfau
7986,heavy
7987,bungee
7988,vorfau
7989,i::
7990,nachvouziehbar
7991,wiehnachtlech
7992,vertrout
7993,(MACHT EKELGERÄUSCH)
7994,fröii
7995,ufgwacht
7996,clinch
7997,kapazität
7998,kompromiss
7999,usezfinge
8000,defür
8001,besch
8002,schmöckere
8003,erwachsnige
8004,°geil
8005,wiehnachtsässe
8006,prop
8007,verbigfahre
8008,vermissi
8009,güügele
8010,greta
8011,thunberg
8012,beiidruckend
8013,ussage
8014,hater
8015,ahzgriiffe
8016,((SINGT ich hab keine ho:bbys)
8017,ASVZ
8018,uni
8019,iglu
8020,gluste
8021,iplane
8022,[o
8023,nid]
8024,same
8025,strecke
8026,ustuuschjahr
8027,thanksgiving
8028,weekend
8029,mietet
8030,westküste
8031,ostküste
8032,entlang
8033,finnin
8034,zwüschesemester
8035,finnland
8036,winterferie
8037,modulwochene
8038,awäsend
8039,semesterferie
8040,ilasch
8041,nervösität
8042,ungwüsses
8043,schriftleche
8044,beirut
8045,emotionali
8046,gleistet
8047,modul
8048,neutrau
8049,inega
8050,reserve
8051,emotional
8052,viertustung
8053,zwüschemönschlech
8054,dürewürge
8055,gschnuret
8056,pieseln
8057,gfünde
8058,güet
8059,abzsteue
8060,well
8061,güggslen
8062,vr
8063,getrout
8064,azlänge
8065,dialekte
8066,basudütsch
8067,basu
8068,frömdsprache
8069,verständige
8070,teilts
8071,teilt
8072,HKB
8073,bachelor
8074,education
8075,teilwiis
8076,[ja]
8077,baslerinne
8078,verzwickt
8079,mänglsch
8080,ahspriche
8081,wäutschi
8082,studiengang
8083,MISCHig
8084,outomatisch
8085,sprachlechi
8086,ungerschiede
8087,uffaut
8088,artikle
8089,[i
8090,säge]
8091,thu
8092,unterschiedlech
8093,kollegeskreis
8094,urchigi
8095,emmitau
8096,ifliesse
8097,hüuse
8098,klepfen
8099,sachen
8100,erfindisch
8101,kontext
8102,etabliert
8103,trap
8104,inestyle
8105,BÄRNdütsch
8106,inezieht
8107,verbärndütschet
8108,ibout
8109,gewollt
8110,bündnerdütsch
8111,ifaue
8112,stuefe
8113,mittl
8114,beschränke
8115,steffisburg
8116,dörfli
8117,ess
8118,erklärsch
8119,militärstadt
8120,ruag
8121,vorläsig
8122,churzem
8123,usegange
8124,stimm
8125,schlechtes
8126,GANZ
8127,bundesrät
8128,irne
8129,büros
8130,parteie
8131,überistimmt
8132,blocher
8133,ehemaligi
8134,krasses
8135,sense
8136,ufehebt
8137,muurer
8138,gloggene
8139,parteifarbe
8140,widerspiegle
8141,witzige
8142,dozent
8143,witzli
8144,gsesse
8145,SVP
8146,[mhm
8147,mhm]
8148,WÜRKlech
8149,wäng
8150,büecherregau
8151,vermittlet
8152,gschiids
8153,setigi
8154,gmau
8155,hingerteili
8156,gformti
8157,schribtisch
8158,chuchi
8159,ghange
8160,verträtte
8161,inecho
8162,söilipink
8163,gstrichnigi
8164,wand
8165,PORtraits
8166,präsentiert
8167,usteuig
8168,page
8169,bimer
8170,wiue
8171,chuum
8172,MI
8173,form
8174,schockierter
8175,krasser
8176,huet
8177,hemmig
8178,ufzeigsch
8179,DI
8180,sammlige
8181,zämebhaute
8182,fotomediathek
8183,lueget
8184,(SCHENKT WASSER EIN)
8185,hinweg
8186,erlehre
8187,stromer
8188,firma
8189,ihschlah
8190,schlussändlech
8191,usstellige
8192,bewerbig
8193,usegno
8194,output
8195,wäggeit
8196,nische
8197,materialie
8198,instapage
8199,nachelösche
8200,wonIG
8201,irgendere
8202,anhang
8203,steusch
8204,funktionals
8205,ibringe
8206,bringis
8207,nächer
8208,zeigis
8209,präsentieri
8210,usseit
8211,ussteuig
8212,kunstmuseum
8213,SOPHIE
8214,CALLE
8215,teiligi
8216,usstellig
8217,themene
8218,vermittligs
8219,verfahre
8220,usprobiere
8221,sehe
8222,performance
8223,interaktiv
8224,ufzeige
8225,mögleche
8226,spielerische
8227,aspekt
8228,ufzeigt
8229,blindi
8230,gfötelet
8231,beuftreisch
8232,sofort
8233,detailliert
8234,spannends
8235,wert
8236,rea
8237,realitäts
8238,fern
8239,zw
8240,zwiifle
8241,mägisch
8242,wirkig
8243,nachezdänke
8244,entsteit
8245,irgendweuchne
8246,loub
8247,zämegwüscht
8248,umverfrachtet
8249,mausch
8250,pfad
8251,versteckt
8252,linol
8253,schwierigs
8254,notwendigs
8255,technike
8256,öu
8257,acryl
8258,gouache
8259,grundierig
8260,professor
8261,mineralie
8262,pigment
8263,aquarell
8264,binde
8265,härteri
8266,aquarelltön
8267,ze
8268,steine
8269,zerschla
8270,kristauzügs
8271,hh.
8272,verführungskünstlerin
8273,wou
8274,füusch
8275,problemzone
8276,schlechts
8277,tagesformabhä
8278,(3.25)
8279,abgneigt
8280,op
8281,fragezeiche
8282,[dir]
8283,definiere
8284,gehst
8285,dich
8286,unappetitlechs
8287,gnussvou
8288,blickkontakt
8289,hautend
8290,löffu
8291,ablecke
8292,ässverhaute
8293,zumne
8294,dönerlade
8295,verlouft
8296,niederschla
8297,wägluege
8298,einmal
8299,häreluege
8300,zappeln
8301,lassen
8302,inte
8303,dominant
8304,zrügghautend
8305,gekonnt
8306,vornehm
8307,wächse
8308,sinere
8309,ougehöchi
8310,(RÄUSPERT SICH)
8311,wiit
8312,date
8313,laszives
8314,augenzwinken
8315,stehen
8316,sale
8317,reins
8318,kennelehre
8319,äu
8320,usgleit
8321,mäudet
8322,verfüehrend
8323,usgleid
8324,hänge
8325,eg
8326,welche
8327,tanzen
8328,findest
8329,verführung
8330,geeigetsten
8331,atanze
8332,tanzbar
8333,lasziv
8334,[hüehner
8335,mach]
8336,tango
8337,flamenco
8338,°oh
8339,°mein
8340,°gott
8341,aziehend
8342,[ohne
8343,hands]
8344,höf
8345,öftiste
8346,benutze
8347,hiehäre
8348,fuss
8349,lippen
8350,berechnet
8351,quizzle
8352,[ah
8353,de]
8354,zueschouer
8355,strikt
8356,japanische
8357,bündnerfleisch
8358,merz
8359,abgang
8360,pu
8361,läse
8362,MERZ
8363,lieblingsw
8364,aha:
8365,jaha
8366,[isch
8367,okay]
8368,ordnig
8369,nervi
8370,wotts
8371,sauer
8372,städt
8373,nou
8374,mueschs
8375,witerläse
8376,geduudig
8377,erfoug
8378,kündige
8379,ufzeut
8380,vorgläse
8381,°wie
8382,°lang
8383,°geits
8384,°no
8385,aah
8386,°isch
8387,°huere
8388,flack
8389,umegloffe
8390,[cos]
8391,fla
8392,bla
8393,blblbl
8394,sooo
8395,ahsturm
8396,HEFtig
8397,ehs
8398,toti
8399,SO
8400,schLACHTfäud
8401,hauls
8402,erbüttet
8403,jage
8404,jagdtrophäe
8405,wiehnachtsfest
8406,traditione
8407,flavigny
8408,hüsli
8409,burgund
8410,vierezwänzigste
8411,füfezwänzigste
8412,fiiri
8413,sechsezwänzigste
8414,vorwiehnachtszit
8415,liebhaber
8416,choufhüser
8417,ahgumpet
8418,azfa
8419,gschänkli
8420,zune
8421,wichtele
8422,schänksch
8423,laser
8424,inelasere
8425,wiehnachtscharte
8426,plexiglas
8427,gumpet
8428,offenen
8429,bügle
8430,blibi
8431,hahne
8432,welere
8433,beiidruckt
8434,volleybau
8435,niete
8436,IO
8437,le
8438,wochenend
8439,jäner
8440,zwüschewoche
8441,monat
8442,burgund(.)
8443,service
8444,seminararbeit
8445,inwiefern
8446,übung
8447,dozentin
8448,[es
8449,guet]
8450,verstande
8451,exkursione
8452,IKG
8453,IK
8454,subventioniert
8455,architektur
8456,dänkmaupfleg
8457,jordanie
8458,bewerb
8459,heschne
8460,njä:
8461,°industriedesign
8462,(MACHT NOTIZEN)
8463,((UNVERSTÄNDLICH)
8464,[scho]
8465,basler
8466,dirs
8467,bruchet
8468,zetteli
8469,bespreche
8470,kafi
8471,gfunden
8472,verchlüpfe
8473,wi::::sss
8474,nöiseeland
8475,-tzzzzz
8476,vo:::
8477,amsterdam
8478,Amsterdam
8479,putz
8480,aktion
8481,chash
8482,beziehigswis
8483,:ja
8484,tusig
8485,drühundert
8486,putze
8487,glä
8488,hinech
8489,düemer
8490,dritüe
8491,sekreteri
8492,hallabad
8493,nenn
8494,:nei
8495,häppi
8496,happy
8497,marmelade
8498,[im
8499,schuh]
8500,aprikose
8501,börsdei
8502,:du
8503,chüssi
8504,häbi
8505,:scheisse
8506,birthday
8507,:zwöi
8508,usruefezeiche
8509,kopiere
8510,weiterleiten
8511,:guet
8512,nächhär
8513,:happy
8514,:nume
8515,dueni
8516,schrib
8517,too
8518,:füf
8519,duesch
8520,-
8521,hüetli
8522,nims
8523,bäm
8524,ye
8525,[muesch]
8526,gif
8527,lässig
8528,heutigen
8529,knackigen
8530,knackt
8531,deinem
8532,worte
8533,weisheit
8534,solange
8535,zähne
8536,nonid
8537,:vorauem
8538,chile
8539,nachrichtli
8540,überchunnt
8541,chileglogge
8542,wines
8543,normaus
8544,mäppli
8545,gföttelet
8546,:so
8547,jöö
8548,fötteli
8549,profiubiud
8550,vordergrund
8551,löu
8552,:dini
8553,näbestiftin
8554,sötter
8555,üüh
8556,dörfä
8557,bäidi
8558,antwortä
8559,dicken
8560,scheine
8561,hustle
8562,heters
8563,vergisse
8564,bing
8565,chöp
8566,sufe
8567,bar
8568,studibar
8569,afe
8570,:göt
8571,DIVINO
8572,aarewasser
8573,-was
8574,shot
8575,shaker
8576,:wine
8577,:wenn
8578,zwöufte
8579,weisches
8580,jajay
8581,spinnsch
8582,abechonige
8583,tequila
8584,gold
8585,bedienig
8586,:mhm
8587,chätzli
8588,cherzli
8589,gniesset
8590,:swinker
8591,swinker
8592,chiste
8593,ungerlage
8594,vorhang
8595,:chasch
8596,usgmischtet
8597,:weisch
8598,[unverständlich]
8599,schämpis
8600,:nenei
8601,seu
8602,:hani
8603,klauet
8604,:wanderweg
8605,wanderweg
8606,baustelle
8607,strasse
8608,:es
8609,wohnigstür
8610,hustür
8611,töte
8612,-XXX
8613,zierchürbis
8614,cherry
8615,tomate
8616,ame-
8617,tomätli
8618,gführi
8619,gartefrüsch
8620,suppe
8621,orange
8622,rife
8623,flöige
8624,issts
8625,düregschnitte
8626,[sie
8627,hei]
8628,rohr
8629,inepflanzt
8630,lalalalala
8631,wc
8632,bäbi
8633,:wod
8634,brunzets
8635,brunzchutte
8636,usdruck
8637,ho
8638,hopp
8639,sa
8640,böbö
8641,wottsch
8642,dechi
8643,tolli
8644,härzige
8645,deu
8646,:aber
8647,gratuliert
8648,call
8649,center
8650,agent
8651,linked
8652,chabis
8653,glösche
8654,tortelloni
8655,nüssli
8656,:gäu
8657,ööh
8658,menü
8659,fleischlasagne
8660,platte
8661,hampfele
8662,surchrut
8663,härdöpfu
8664,-i
8665,:äbe
8666,:zum
8667,liebt
8668,restaurant
8669,bohne
8670,[au]
8671,tröimt
8672,füfevierzgi
8673,schetzigswis
8674,schwigerpère
8675,sugar
8676,daddy
8677,fürzle
8678,umi
8679,led
8680,:büro
8681,:dès
8682,uffüehre
8683,guess
8684,it
8685,angewandte
8686,lärmet
8687,goppeletti
8688,rumt
8689,leggo
8690,mio
8691,:stimmt
8692,igang
8693,ghanget
8694,securitas
8695,kontroue
8696,plakat
8697,vordra
8698,chlaue
8699,kchch
8700,hihihi
8701,zämegrügelet
8702,jagge
8703,gfägt
8704,REGIME
8705,big
8706,afrika
8707,gèd
8708,tonic
8709,:faus
8710,schnarchle
8711,stoubsugeret
8712,viellech
8713,bispu
8714,stoub
8715,pult
8716,sässu
8717,höcklisch
8718,:ohni
8719,fix
8720,:zäh
8721,no-
8722,tschuschu
8723,möbu
8724,bsteut
8725,choufis
8726,fride
8727,matratze
8728,chleiderschaft
8729,schint
8730,summerchleider
8731,sore
8732,mode
8733,heyou
8734,eismau
8735,anne
8736,jeans
8737,wisses
8738,graus
8739,t-shi
8740,ksd
8741,beigi
8742,bruni
8743,dunkugraus
8744,shirt
8745,ann
8746,üh
8747,fläck
8748,tee
8749,düengsch
8750,uselah
8751,schliesslech
8752,kaffikasse
8753,finanziert
8754,[er]
8755,dürdacht
8756,sitzige
8757,wang
8758,bohle
8759,waggelet
8760,beamer
8761,wöuer
8762,:sch
8763,bewegigsdrang
8764,bull
8765,wissensbegierig
8766,[när
8767,hets]
8768,facts
8769,à
8770,task
8771,manager
8772,:ds
8773,:das
8774,ruak
8775,zimmerli
8776,putzruak
8777,schäft
8778,:u
8779,schaft
8780,spaut
8781,gestikuliere
8782,euböge
8783,bückt
8784,cheffe
8785,ayayay
8786,:hallo
8787,[würk]
8788,ischt
8789,gewesen
8790,nün
8791,nidemau
8792,exzell
8793,hundertdrüedachtzg
8794,hundertzwöiesächzg
8795,juni
8796,lirisch
8797,:aha
8798,water
8799,chüeu
8800,närvsch
8801,spinnts
8802,ciao
8803,sougoofe
8804,:ir
8805,regionali
8806,matte
8807,ingwerer
8808,gotthäufstrass
8809,schmöcke
8810,:dä
8811,pur
8812,heissem
8813,öpfumoscht
8814,fings
8815,ingwer
8816,[de
8817,süsch]
8818,glesli
8819,öpfusaft
8820,gewürze
8821,gingwerer
8822,more
8823,hot
8824,gschüttlet
8825,ingwertee
8826,fürabe
8827,asian
8828,zeigts
8829,zwöievierzg
8830,[tube]
8831,roucher
8832,zoge
8833,:und
8834,lungevolume
8835,seid
8836,gesegnet
8837,:jaja
8838,ring
8839,chrone
8840,bewärtigspapier
8841,mitnäh
8842,grächtfertigte
8843,abgäh
8844,say
8845,:i
8846,mom
8847,oberes
8848,:när
8849,-ja
8850,protokoll
8851,protokou
8852,schwige
8853,unds
8854,nachtschicht
8855,füfezächzgi
8856,todes
8857,:isch
8858,:m
8859,:jajajaja
8860,halla
8861,pet
8862,container
8863,künstleche
8864,natürleche
8865,innere
8866,heheheh
8867,geissli
8868,:be
8869,te
8870,verkehrter
8871,geehrter
8872,chini
8873,hutzfätze
8874,sib
8875,sibezg
8876,lotti
8877,virginia
8878,jungfrau
8879,:was
8880,höu
8881,:mami
8882,chulo
8883,chula
8884,[labralella]
8885,[lost]
8886,:wie
8887,:fetisch
8888,schreits
8889,klum
8890,COSMOPOLITAN
8891,[glace]
8892,söttsch
8893,[jedesmau
8894,[macht]
8895,issi
8896,greyerzerstrass
8897,wäutberüehmt
8898,dank
8899,granate
8900,tröchne
8901,äxtra
8902,dssi
8903,handgranate
8904,vögle
8905,vis
8906,fänster
8907,päärli
8908,vöglet
8909,dunku
8910,ufgsprunge
8911,[tier]
8912,[gjagge]
8913,pchiu:
8914,zäck
8915,feuläde
8916,stägehus
8917,none
8918,sprachmemo
8919,romantic
8920,light
8921,licht
8922,höckle
8923,hets-
8924,stinksch
8925,lüchtet
8926,ordner
8927,gsöilet
8928,hure
8929,:papi
8930,etz
8931,uhr
8932,she
8933,broke
8934,druff
8935,hudere
8936,füdlespaut
8937,uiuiui
8938,museum
8939,fetli
8940,luga]
8941,fredy
8942,skelett
8943,ufbou
8944,et
8945,cetera
8946,ghäbt
8947,agmacht
8948,klopfet
8949,klassezimmer
8950,ufmache
8951,obercool
8952,uääähh
8953,yis
8954,postcardcreator
8955,mittleri
8956,reihe
8957,lansam
8958,mitbewohner
8959,[früechrig]
8960,gschide
8961,maschineingenieur
8962,umwäutingenieur
8963,elektroingenieur
8964,diese
8965,ing
8966,ingenieure
8967,:chum
8968,:mäppli
8969,koordinierter
8970,saufdienst
8971,papipapipapi
8972,horribu
8973,[verchert]
8974,flute
8975,neeeei
8976,luschtigs
8977,mja
8978,chrieger
8979,dynastie
8980,herrscher
8981,china
8982,terra
8983,q
8984,neeei
8985,:mit
8986,:dummheit
8987,chly
8988,:simer
8989,Weisch
8990,iiiiii
8991,shi:::t
8992,[ida]
8993,ne:::i
8994,spa:::ss
8995,mi-
8996,[wöude]
8997,richer
8998,cho:che
8999,gruppechat
9000,[bru
9001,ou]
9002,[se
9003,pre
9004,rie]
9005,zug-
9006,takt
9007,kre
9008,riat
9009,dinn
9010,afah
9011,:to
9012,mischt
9013,:thday
9014,:hesch
9015,:oder
9016,vierne
9017,[nei]
9018,-es
9019,duenis
9020,[unverständlich
9021,[birsch]
9022,:[unverständlich]
9023,thday
9024,:wette
9025,töts
9026,hu::ere
9027,gru:sig
9028,:geit
9029,[gmugst]
9030,:gueti
9031,:[
9032,:dr
9033,starbucks
9034,ignwie
9035,mitbewohnerin
9036,`m
9037,foode
9038,:eifch
9039,berchunnsch
9040,:wi
9041,wü-
9042,sha...`
9043,:zwöufte
9044,[du]
9045,jä
9046,zwinkeret
9047,so-
9048,:di
9049,gäubi
9050,usgloffnigs
9051,gäutig
9052,:XXX
9053,:äuä
9054,ufnäh
9055,stinkt
9056,[tout]
9057,ofefrüsch
9058,:cha
9059,[chunnt
9060,sie]
9061,gfrogt
9062,:ah
9063,[no]
9064,feedback
9065,[hübsch]
9066,e:::h
9067,:zeig
9068,nadle
9069,:oh
9070,wucheänd
9071,:[sie
9072,di]
9073,ufgschmisse
9074,:vegi
9075,vegan
9076,pla-
9077,äh]
9078,[putzt
9079,[hani
9080,[no
9081,ohne]
9082,:ha
9083,wüük
9084,:huere
9085,iwie
9086,ff
9087,pft
9088,gönnt
9089,:[weste]
9090,travaille
9091,avec
9092,:vo
9093,:gester
9094,büglet
9095,[bä::rgle]
9096,staple
9097,rütsche
9098,grütscht
9099,buskers
9100,dieb
9101,`t
9102,:[ja
9103,genau]
9104,:het
9105,gstoubsugeret
9106,hütte
9107,:mjaja
9108,verschiebt
9109,[unverständlich]-
9110,chefsässu
9111,-wi
9112,:de
9113,bechunnsches
9114,[super]
9115,hemmli
9116,:gfaut
9117,[eini]
9118,haf
9119,gummiringli
9120,...
9121,ghas
9122,heud
9123,nervös
9124,kaffi
9125,:im
9126,schnäbi
9127,:mängisch
9128,nimau
9129,:cheffe
9130,berchunnt
9131,güt
9132,gl
9133,versuchte
9134,sekretariat
9135,[nummerieren]-
9136,grossbuechstabe
9137,:wieder
9138,vordermaa
9139,ehsch
9140,gfüeuh
9141,[nid]
9142,aktualisiert
9143,:für
9144,ja-
9145,küehli
9146,:iwie
9147,zeig
9148,:dasch
9149,scharf
9150,ingwie
9151,zimet
9152,[si]
9153,:[isch]
9154,gwürz
9155,gheisst
9156,[more
9157,hot]
9158,[packs]
9159,müesstischs
9160,schetze
9161,[la
9162,si]
9163,[sugt]
9164,zahnform
9165,:nimmt
9166,ärs
9167,[unger]schribt
9168,chröndli
9169,korrigiert
9170,armeeapothek
9171,:heit
9172,abwäsend
9173,typ
9174,dunge
9175,leiders
9176,:ni
9177,drann
9178,[nei
9179,ni]
9180,[är
9181,het]
9182,[dsch
9183,geil]
9184,hässlech
9185,[gsuechet]
9186,[itz]
9187,folge
9188,unter
9189,fucks
9190,bunny
9191,frau
9192,WALDFETISCH
9193,geilschte
9194,:die
9195,rose
9196,brüscht
9197,unschwizerisch
9198,:[glachet]
9199,gstraft
9200,uo
9201,greiz
9202,[schlau]
9203,:ischs
9204,:d
9205,schattespieli
9206,nackt
9207,:wow
9208,ungmüetlech
9209,[doch
9210,flicke
9211,tsch
9212,[so
9213,:mou
9214,frankeburg
9215,:lacht
9216,erchlüpft
9217,:ksd
9218,leises
9219,lachen
9220,s-
9221,:duet
9222,:gönne
9223,statue
9224,:gin
9225,:tip
9226,dopplet
9227,öhm
9228,ferti
9229,bittschön
9230,igwie
9231,decathlon
9232,gäll
9233,figg
9234,din
9235,white
9236,nut
9237,zucchini
9238,lidl
9239,glüehwi
9240,donnstig
9241,fritig
9242,bettmeralp
9243,wehe
9244,fürigi
9245,ohrepänk
9246,döffsch
9247,useneh
9248,wäh
9249,biss
9250,stelle
9251,seriös
9252,samstig
9253,schafft
9254,interlake
9255,streng
9256,dier
9257,déjà
9258,vu
9259,bewerte
9260,zweisimme
9261,spasst
9262,zweismme
9263,göit
9264,treffpunkt
9265,nachher
9266,handyentzug
9267,ginger
9268,zaus
9269,zrugg
9270,welle
9271,forschig
9272,tschüssi
9273,ufnä
9274,täschene
9275,stoffbütu
9276,o::h
9277,schulz
9278,(genau/janu)
9279,(dès ghört/isch)
9280,adelbode
9281,faute
9282,erkenne
9283,gsehnis
9284,zeichnet
9285,herzig
9286,icrème
9287,wä::
9288,(ungeil/huere)
9289,riesigi
9290,arroganti
9291,ligge
9292,gla
9293,waste
9294,enttüscht
9295,sitz
9296,pulli
9297,setz
9298,dahin
9299,sösch
9300,coiffeur
9301,rassistisch
9302,ziegenkäse
9303,(sit)
9304,abstinenz
9305,verzicht
9306,fitter
9307,hübeli
9308,spasstis
9309,samsti
9310,abseits
9311,chessu
9312,mier
9313,affäre
9314,klingt
9315,mehreri
9316,floors
9317,unde
9318,aare
9319,(immer)
9320,LEA
9321,tommy
9322,versacci
9323,freusch
9324,busy
9325,lach
9326,görpsle
9327,nimmts
9328,füfevierzig
9329,zweispurig
9330,sobald
9331,dörfsch
9332,übergang
9333,usprach
9334,wägem
9335,berner
9336,claro
9337,vougas
9338,gstresst
9339,chilliger
9340,chnü
9341,sozialwüsseschafte
9342,agstriche
9343,chotze
9344,judeding
9345,geilers
9346,seeed
9347,S
9348,SEEED
9349,ufchläre
9350,assi
9351,gable
9352,güsche
9353,tüür
9354,zahls
9355,chligeld
9356,zahlis
9357,jahresrückblick
9358,einer
9359,zwöier
9360,brei
9361,öpfumues
9362,bienli
9363,whas
9364,blibts
9365,döffis
9366,geh
9367,fressen
9368,troche
9369,inhalt
9370,mached
9371,bachelorarbeit
9372,zruggfougt
9373,sure
9374,fougt
9375,schäme
9376,abonnente
9377,tusigdrühundert
9378,euchi
9379,boys
9380,hood
9381,göiter
9382,spraye
9383,gusche
9384,wöit
9385,doppel
9386,UT
9387,kiddies
9388,alliteration
9389,lütet
9390,gfaked
9391,UNVERSTÄNDLICH)
9392,UNVERSTÄNDLICH
9393,tönsch
9394,sockestrümpf
9395,H&M
9396,ups
9397,gügsle
9398,lustvou
9399,techno
9400,acts
9401,eyed
9402,peas
9403,glost
9404,taschi
9405,where
9406,love
9407,(SINGT LYRICS MIT)
9408,chegge
9409,münsinger
9410,fam
9411,sieche
9412,kifft
9413,kiff
9414,hüfigkeit
9415,donut
9416,cheggs
9417,picku
9418,pickel
9419,sag
9420,nich
9421,genetisch
9422,bedingt
9423,klettverschluss
9424,härehänge
9425,zahlt
9426,cruised
9427,göi
9428,maturarbeit
9429,scheissig
9430,lecka
9431,warm
9432,thermoskanne
9433,(well/huere)
9434,lad
9435,wiehnachtsmusig
9436,presents
9437,underneath
9438,tree
9439,gwünst
9440,glitzerhose
9441,gstreifti
9442,fizzen
9443,brune
9444,stei
9445,veganer
9446,dritue
9447,wullepulli
9448,vegetarier
9449,tierischs
9450,tierische
9451,gastbrüetsch
9452,leit
9453,ledertäsche
9454,wollepulli
9455,wolle
9456,findt
9457,spässli
9458,schaffed
9459,miss
9460,finau
9461,gömmer
9462,zuenem
9463,verantwortlech
9464,wacht
9465,falsches
9466,medi
9467,bi'
9468,poulet
9469,redemer
9470,resul
9471,zweisimmer
9472,lernziel
9473,bechusch
9474,täsche
9475,ufnahme
9476,bruder
9477,steues
9478,prioritäte
9479,blätter
9480,gfautet
9481,totechopf
9482,bambi
9483,gracias
9484,schöner
9485,jack
9486,wolfskin
9487,cheggt
9488,ufgnoh
9489,brie
9490,chappe
9491,(i säge ni dès)
9492,nazis
9493,dunkufarbige
9494,colas
9495,chillt
9496,(samsti/aso)
9497,pfüsele
9498,erhout
9499,vercetti
9500,darfschs
9501,vortrinke
9502,abflug
9503,berlin
9504,heiwäg
9505,CHESSU
9506,zentral
9507,schissts
9508,bravohits
9509,schäbig
9510,wocheend
9511,iladig
9512,gstande
9513,mitnä
9514,tramdepot
9515,atelier
9516,lorraine
9517,abfüe
9518,move
9519,ohje
9520,säubstgwählt
9521,ufpasse
9522,blonde
9523,gurte
9524,hochzite
9525,(aute)
9526,schlawiner
9527,stärnemärit
9528,opferisch
9529,yey
9530,schnitz
9531,drittwäutlade
9532,chärne
9533,now
9534,entspannt
9535,soneme
9536,fiumli
9537,grüsu
9538,bö::
9539,studiums
9540,brämse
9541,meitschis
9542,patent
9543,ochsner
9544,input
9545,dolce
9546,skepta
9547,freue
9548,shutdown
9549,zidd
9550,Z
9551,kännsch
9552,samen
9553,hättis
9554,oustralier
9555,verzeus
9556,hübsches
9557,chömed
9558,cheggis
9559,amene
9560,wettkampf
9561,apfelmus
9562,durchfau
9563,häbs
9564,honig
9565,bestäube
9566,planze
9567,schoggistängeli
9568,(LAUTES RÄUSPERN)
9569,SCHOGGIstängeli
9570,chömmer
9571,student
9572,travel
9573,addict
9574,kite
9575,surfing
9576,skate
9577,boarding
9578,freesking
9579,let
9580,fill
9581,details
9582,welles
9583,animmt
9584,föh
9585,hündli
9586,REDE
9587,ao
9588,apache
9589,freui
9590,nummere
9591,segi
9592,sigsch
9593,gra
9594,amelde
9595,möglichst
9596,möchsch
9597,ziviuschutz
9598,riese
9599,sohn
9600,militärdings
9601,brings
9602,durchautevermöge
9603,auer
9604,freu
9605,a::h
9606,giant
9607,rooks
9608,kummer
9609,feits
9610,gn
9611,möglichkeit
9612,nurno
9613,bekifft
9614,hausch
9615,citrus
9616,siebehundert
9617,schleckzügs
9618,pickle
9619,usgheie
9620,gheie
9621,glatze
9622,stoffwächsu
9623,stolz
9624,zämedingsle
9625,zämefaute
9626,bröders
9627,längts
9628,risverschluss
9629,füfevierzg
9630,usglehnt
9631,pfoten
9632,jacken
9633,füfzeh
9634,sam
9635,ghüetet
9636,usegschnitte
9637,vorgester
9638,abstinente
9639,techn
9640,füe
9641,floor
9642,kommunist
9643,schlah
9644,gorpset
9645,pfresse
9646,drauf
9647,mittwoch
9648,sternemärit
9649,füri
9650,ay
9651,pornographie
9652,usgheit
9653,darsteuer
9654,abiete
9655,(würsch/chönntisch)
9656,security
9657,baba
9658,grime
9659,inedrücke
9660,achtezwänzg
9661,inepfiffe
9662,schlahn
9663,nivea
9664,crème
9665,alose
9666,fägt
9667,gfougt
9668,abonniert
9669,freche
9670,stranges
9671,erkennt
9672,ushebig
9673,zivildienst
9674,chinderspiu
9675,zweiundzwanzigster
9676,zweitausend
9677,zweiter
9678,zweitausendundzwei
9679,zauhsch
9680,coci
9681,aspielige
9682,machemers
9683,münsinge
9684,(SPIELT LIED AB)
9685,(WECHSELT LIED)
9686,chlyklass
9687,bispil
9688,nix
9689,sea
9690,dahu
9691,konzert
9692,puffe
9693,tschibi
9694,ipufft
9695,zämelege
9696,portemonnaie
9697,ai
9698,synchronstimme
9699,isetze
9700,zwöijährigi
9701,mensa
9702,naturaplan
9703,nämed
9704,secklä
9705,(ja itz/jedefaus)
9706,(nid/dä)
9707,va
9708,mère
9709,(VERNEINDEND)
9710,zwöiezwänzigste
9711,zwöitusig
9712,google
9713,agrüzlet
9714,militärushebig
9715,(ZUSTIMMEND)
9716,behindert
9717,büechli
9718,militärbüechli
9719,bringes
9720,würdès
9721,denkes
9722,hummus
9723,eigetlech
9724,GA
9725,heimr
9726,gömr
9727,[da]
9728,läim
9729,trottis
9730,elektrisch
9731,sichr
9732,öbe
9733,umegfahre
9734,ba
9735,[igendwie]
9736,[bir]
9737,kaserne
9738,samschti
9739,[wüu
9740,pfadi
9741,jakima
9742,igend
9743,indianärstamm
9744,bedüted
9745,leiterin
9746,höck
9747,womers
9748,spezieue
9749,entdeckä
9750,u[n]d
9751,blabla
9752,1.
9753,[weischs]
9754,immr
9755,zäutlä
9756,igendöbis
9757,sola
9758,eigech
9759,zäutle
9760,corea
9761,spezieuä
9762,korsika
9763,dises
9764,hammr
9765,küste
9766,car
9767,schiff
9768,fröisch
9769,frienis
9770,opela
9771,vrbi
9772,schöschtr
9773,flo
9774,dafi
9775,[dès
9776,isch]
9777,[wer]
9778,ope
9779,pfadilager
9780,chefs
9781,verantwortig
9782,übrnäh
9783,lagr
9784,futu
9785,[blabla]
9786,[sehr
9787,rolle
9788,junger
9789,säubr
9790,klimastreik
9791,aktuells
9792,aum
9793,schwitz
9794,gymere
9795,lerbermat
9796,klimaschtreikgruppe
9797,organisatorin
9798,lerbere
9799,matura
9800,flugverbot
9801,wemä
9802,schwänzt
9803,unentschuldigti
9804,[bi
9805,paarnä
9806,aber]
9807,probie
9808,WWF
9809,bimnä
9810,foodwaste
9811,träffä
9812,vrzeut
9813,Youth
9814,[ver]ei[n]
9815,häufä
9816,gründe
9817,übrcho
9818,eintä
9819,gmües
9820,gurke
9821,gmüesgärtli
9822,breitsch
9823,ufgab
9824,forsche
9825,chönte
9826,kontäkt
9827,chönitz
9828,küchen
9829,wonigä
9830,ungr
9831,küchenchef
9832,[chrumm]
9833,woti
9834,chöimr
9835,ässä
9836,frankä
9837,gmüesbouillon
9838,foodoo
9839,numä
9840,bio
9841,fairtrade
9842,nimmtr
9843,nachefrage
9844,skypesitzig
9845,ortä
9846,biodiversität
9847,schuugärte
9848,take
9849,away
9850,läde
9851,schäli
9852,TIBITS
9853,ibringä
9854,äpp
9855,fung-
9856,viunä
9857,kafis
9858,einglech
9859,uffüue
9860,uffüu
9861,eigench
9862,isi
9863,nimis
9864,arena
9865,forum
9866,iladä
9867,mitcho
9868,hetsch
9869,übr
9870,nähär
9871,ehemalig
9872,angrsch
9873,schockierend
9874,nationaurätin
9875,schläpfer
9876,müettere
9877,ufwachse
9878,männlechi
9879,vorbiudfunktion
9880,bechunnts
9881,ri
9882,[oder]
9883,hunnä
9884,frouä
9885,mannä
9886,chöis
9887,ufzieh
9888,drvo
9889,glabberet
9890,gymehrer
9891,väterlechi
9892,fatr
9893,deheimä
9894,offebar
9895,laber
9896,spinnä
9897,mehrheit
9898,kla
9899,klari
9900,homosexualität
9901,schwiitz
9902,döfe
9903,adoptiere
9904,leihmuetter
9905,männär
9906,gebärmuetterr
9907,objekt
9908,öbis
9909,angerschs
9910,bindig
9911,gischs
9912,schwierigers
9913,erloubt
9914,emotioau
9915,schlimmi
9916,vomnä
9917,drübr
9918,redä
9919,äng
9920,wemr
9921,sem
9922,nachevouzie
9923,verständlech
9924,lustigscht
9925,fröhlechst
9926,schwöschtr
9927,ultraschlächt
9928,chrankheit
9929,hirni
9930,abgstorbe
9931,chlises
9932,weggheit
9933,extremi
9934,demenz
9935,abschied
9936,öbä
9937,emnä
9938,scher
9939,klinik
9940,gscht-
9941,belaschtend
9942,belaschtets
9943,durend
9944,ifinges
9945,luschtigi
9946,iro
9947,hässlechi
9948,fokuhila
9949,strähnli
9950,drinä
9951,hingä
9952,hetr
9953,aberasiert
9954,dinnä
9955,lerbermatt
9956,(UMVERSTÄNDLICH)
9957,antifa
9958,klimastreikgruppe
9959,ei-
9960,chläbärä
9961,schpannend
9962,eutischti
9963,zwöiteutischti
9964,chlinscht
9965,dritzäni
9966,geschter
9967,wordä
9968,geschtr
9969,sibtä
9970,gamegrät
9971,glp
9972,schtadt
9973,un-
9974,schnäppli
9975,wahnsinn
9976,helikopter
9977,gamerin
9978,wükch
9979,pinlächschte
9980,früechr
9981,pervers
9982,alängä
9983,pinläch
9984,bodä
9985,inä
9986,gschämt
9987,heftigs
9988,ufmerksamkeitsproblem
9989,perversi
9990,wöuä
9991,hetsi
9992,nennet
9993,perversä
9994,sängerin
9995,achtä
9996,niderscherli
9997,ghasst
9998,schlächti
9999,gstummä
10000,bischpiu
10001,huswirtschaft
10002,brätscht
10003,dokumentiert
10004,place
10005,schritte
10006,beschtä
10007,hass
10008,derä
10009,SPEZ
10010,SEK
10011,tescht
10012,töischt
10013,we-
10014,schilagr
10015,eschs
10016,annet
10017,schilager
10018,amnä
10019,düregfahre
10020,gfungä
10021,lift
10022,gangä
10023,töifschnee
10024,mittagspouse
10025,gfasst
10026,musigstiu
10027,ANNEMAYKANTEREIT
10028,FABER
10029,ANTIOLOPEN
10030,GANG
10031,chunsch
10032,az
10033,kennä
10034,ihnä
10035,STADT
10036,IMMER
10037,SCHLÄFT
10038,schtimmt
10039,ghö
10040,gstolhe
10041,schoggi
10042,angscht
10043,CARCASONNE
10044,aschlag
10045,PARIS
10046,ma-
10047,vanille
10048,spitzbuebe
10049,troumbuef
10050,hebamme
10051,troumbruef
10052,kenä
10053,machä
10054,hippi
10055,kommune
10056,läbä
10057,usstiger
10058,machemr
10059,zuekunftplän
10060,zuekunfts
10061,plän
10062,schmatze
10063,miuchschümer
10064,perversa
10065,eigentlch
10066,usschtiger
10067,troumzüg
10068,säubstversorger
10069,NEUSEELAND
10070,uoa
10071,söui-
10072,blibä
10073,sttung
10074,seisches
10075,wuchebett
10076,imänä
10077,babys
10078,patiente
10079,chundä
10080,schutz
10081,wedr
10082,FAGE
10083,chranke
10084,ewigkeite
10085,denä
10086,afründe
10087,jedä
10088,unpersönlech
10089,wettä
10090,wärdä
10091,daf
10092,fage
10093,FAGES
10094,chrankeschwöschtere
10095,sörfä
10096,chasches
10097,siedlig
10098,kenntme
10099,mittuhüsere
10100,erinnäre
10101,glert
10102,gfah[re]
10103,[h]uerä
10104,[esch
10105,magena
10106,mondschin
10107,zwüschejahr
10108,teilnähmer
10109,futura
10110,autergruppe
10111,meischtens
10112,[cool]
10113,heisstr
10114,basiskurs
10115,J
10116,solas
10117,[büriwoche]
10118,summrferie
10119,mitwuch
10120,(lachen)
10121,higlight
10122,nächschts
10123,kollegä
10124,frienisbärg
10125,[desch
10126,öbr]
10127,beid
10128,ärbeka
10129,[dä
10130,meint]
10131,ischr
10132,bruchtne
10133,empfälig
10134,kürs
10135,steps
10136,söt
10137,technikkurs
10138,spannende
10139,jungi
10140,klimaschtreiksbewegig
10141,igränzä
10142,sponti
10143,üsnä
10144,gschtriche
10145,fäuschtunde
10146,wotsch
10147,witr
10148,[ga]
10149,forschä
10150,buur
10151,afrage
10152,;
10153,gm
10154,eier...
10155,violette
10156,frozenjogurt
10157,sötegi
10158,bringä
10159,10
10160,obwous
10161,widr
10162,achtze
10163,reisen
10164,übrhoupt
10165,abghä
10166,achtzä
10167,schtuz
10168,ssch
10169,richtigä
10170,schissdräck
10171,hö
10172,gruppene
10173,orthodoxe
10174,don`t
10175,sodomise
10176,jerusalem
10177,homosexuelli
10178,sodomischtä
10179,gschteut
10180,akzeptabu
10181,sodomi
10182,fortpflanzig
10183,dient
10184,auses
10185,itreiti
10186,erscht
10187,partnärschaft
10188,gschockt
10189,söuä
10190,samä
10191,wens
10192,gschlächtsvercher
10193,drfür
10194,usgnützt
10195,usträge
10196,efch
10197,ustrage
10198,öbr
10199,drzwüschä
10200,glichä
10201,dargsteut
10202,unfäu
10203,tragisch
10204,..
10205,emotionau
10206,borde
10207,arm
10208,belastend
10209,igendwelchi
10210,konfliktä
10211,belaschte
10212,voraum
10213,füeut
10214,beachtet
10215,dennä
10216,därum
10217,ussä
10218,fröhlech
10219,hut
10220,euteret
10221,ghirni
10222,lange
10223,sch-
10224,hiuflos
10225,dases
10226,erschtens
10227,lings
10228,igschteut
10229,intressene
10230,brüetschä
10231,eutr
10232,gseni
10233,schuttä
10234,gamer
10235,tschüu
10236,heli
10237,chopf-
10238,scherli
10239,au-
10240,anna
10241,unsympatisch
10242,ale-
10243,ischere
10244,klasselehrerin
10245,ushautbar
10246,eifch
10247,ahni
10248,ungerrichtet
10249,geo
10250,chasi
10251,durchschnittlech
10252,bessr
10253,lerne
10254,lerhperson
10255,lernt
10256,tollschti
10257,beschti
10258,privatläbä
10259,bänd
10260,öbbä
10261,le-
10262,igendwo
10263,efa
10264,gröschti
10265,las
10266,usegmobbt
10267,praktikantin
10268,realschüeler
10269,wüssä
10270,gemälde
10271,salvador
10272,dali
10273,morning
10274,bürgi
10275,praktikant
10276,desch
10277,ganzä
10278,wieviu
10279,unorganisiert
10280,uspackt
10281,letschdi
10282,schuleitr
10283,durhaft
10284,übrforderet
10285,usgse
10286,latzhose
10287,teenager
10288,begä-
10289,wei-
10290,erschtä
10291,iri
10292,klas
10293,praktikums
10294,dss
10295,giutet
10296,ougeblick
10297,chai
10298,oa
10299,klappts
10300,caputschino
10301,schum
10302,abchürzig
10303,bedeppert
10304,ängubärg
10305,lieblingsmusig
10306,schtiu
10307,MOOP
10308,MAMAisch
10309,liedr
10310,KILL
10311,ZEIT
10312,vrmissischs
10313,lXXX
10314,musiggschmack
10315,usdrücke
10316,???
10317,musigstile
10318,benenne
10319,agü
10320,richti
10321,ang-
10322,nachtüebige
10323,hosä
10324,gschi
10325,ssä
10326,schtinkä
10327,notre
10328,dame
10329,NOTRE
10330,DAME
10331,säubergmachte
10332,angstmomänte
10333,traumberuf
10334,troumberuf
10335,heimä
10336,ghöt
10337,organisazion
10338,entwickligs
10339,afrikanisches
10340,hygiene
10341,hebam-
10342,hebammene
10343,usbiude
10344,dinä
10345,afrikanischä
10346,vouk
10347,beschnidig
10348,abschaffä
10349,hatten
10350,erläbnise
10351,geilä
10352,ghörä
10353,hörsau
10354,igrendöpper
10355,abgla
10356,zli
10357,momentä
10358,schnappe
10359,iblick
10360,drs
10361,gründisch
10362,hebammemässig
10363,HF
10364,AUPAIR
10365,wäuschä
10366,grundbiudig
10367,gsundheitleche
10368,grundlag
10369,ufbouä
10370,ufkläre
10371,kenia
10372,wägä
10373,ländr
10374,ät-
10375,iopiä
10376,marokko
10377,französische
10378,[guet
10379,zaut]
10380,gebur-
10381,geburt
10382,rieseteil
10383,geburte
10384,vorversorgi
10385,danach
10386,nachbetreuig
10387,familiemüetter
10388,spitau
10389,stränge
10390,persönlecher
10391,patientinne
10392,ufere
10393,persönlechere
10394,krankehus
10395,ebbe
10396,blablabla
10397,darfme
10398,vrzeue
10399,ufre
10400,station
10401,chräbs
10402,leukämie
10403,chrankehus
10404,stribt
10405,fingä
10406,künschtlechi
10407,XX
10408,zischti
10409,operation
10410,mäntiabe
10411,künschtlech
10412,tuetsmr
10413,gränze
10414,höchi
10415,schnupperli
10416,irgenöppis
10417,güsseret
10418,lernendi
10419,[diples]
10420,une
10421,eue
10422,zeme
10423,irgendöbis
10424,wonech
10425,zwingend
10426,seubr
10427,heitr
10428,usflug
10429,heitrs
10430,oo
10431,lädä
10432,glichlige
10433,heisset
10434,nordamerika
10435,indianärstämm
10436,[haha]
10437,dönt
10438,idyllisch
10439,üebig
10440,basiskürs
10441,mitbewonr
10442,dracheburg
10443,stäffisburg
10444,joel
10445,schaad
10446,söti
10447,chunts
10448,übrlege
10449,[a]br
10450,voilà
10451,summr
10452,entwedr
10453,separat
10454,letschd
10455,natülech
10456,huerä
10457,genäreu
10458,düetr
10459,schtufe
10460,nämet
10461,wiso
10462,rouä
10463,imnä
10464,übrgrifende
10465,chnüpple
10466,schpannende
10467,nüzläch
10468,fr
10469,schpetr
10470,vrzeuet
10471,biträgä
10472,götr
10473,aubä
10474,ungrschiedleche
10475,vrastaute
10476,kuu
10477,weweäff
10478,gärtli
10479,vrchouft
10480,äss
10481,startkapitau
10482,vrchoufe
10483,bujo
10484,internationau
10485,risörkl
10486,löb
10487,eggä
10488,luschdig
10489,umschau
10490,umschteue
10491,pfand
10492,angernä
10493,denkä
10494,leidr
10495,spetr
10496,angrs
10497,töperwer
10498,fuud
10499,weist
10500,hönnä
10501,übrtribe
10502,bindigs
10503,kataschtrofau
10504,vrgliche
10505,vrglich
10506,güte
10507,ängschtirnig
10508,dänkä
10509,bürglerlech
10510,fortschrittlech
10511,zügä
10512,döfme
10513,erzügt
10514,frömdä
10515,zügt
10516,männr
10517,nutzobjekt
10518,vrschtani
10519,vrstani
10520,etisch
10521,debattiere
10522,stimmts
10523,glichzigig
10524,schwangerschaft
10525,bu
10526,burden
10527,beidnä
10528,frächheit
10529,wi-
10530,abnorms
10531,dargschteut
10532,sigs
10533,emotionaus
10534,wind
10535,höheangscht
10536,brutau
10537,quartier
10538,ateilnahm
10539,schutzreaktion
10540,schwerig
10541,ze-
10542,zrbroche
10543,muettr
10544,ellleierziehend
10545,dasr
10546,wenigr
10547,hirn
10548,aschpreche
10549,eifachr
10550,sege
10551,agschproche
10552,sek
10553,stöt
10554,denket
10555,choschtet
10556,cua
10557,fför
10558,igschteuti
10559,schtreik
10560,glichigä
10561,ischtö
10562,zwäck
10563,formierä
10564,jederä
10565,findä
10566,ongaschmo
10567,bereich
10568,gschwüschteti
10569,pfa-
10570,beibi
10571,erinnärig
10572,geburtsag
10573,poli-
10574,vrliebt
10575,chöitr
10576,kule
10577,punkte
10578,fingtr
10579,geimä
10580,mehrernä
10581,hüsr
10582,näbä
10583,fantasie
10584,lehrpersone
10585,outoritätspersone
10586,kompetänz
10587,fats
10588,sängerinnä
10589,häuschte
10590,ufsätz
10591,viere-
10592,kunscht
10593,schtudiere
10594,andu
10595,rend
10596,zäg
10597,nämemr
10598,info
10599,didaktisch
10600,schteui
10601,Griff
10602,müessemr
10603,ärnscht
10604,deuwis
10605,gschids
10606,weitr
10607,tschai
10608,chnöpfli
10609,drücki
10610,miuch
10611,schümr
10612,nespresso
10613,inedue
10614,schümä
10615,hiä
10616,längwilet
10617,fangs
10618,güetzi
10619,hietr
10620,...]
10621,houli
10622,schit
10623,schnäui
10624,uswitä
10625,vuala
10626,schtarch
10627,schtung
10628,schtudentä
10629,losä
10630,schteu
10631,döftisch
10632,rächtlech
10633,troum
10634,liebr
10635,angaschiert
10636,aktivischtin
10637,säubscht
10638,vrsorgendä
10639,säubschd
10640,gläbt
10641,schtuiere
10642,semeschtr
10643,wuufing
10644,platform
10645,wide
10646,workers
10647,organic
10648,farms
10649,dänä
10650,ungfähr
10651,vrsorge
10652,nachm
10653,h-
10654,chöntme
10655,äch-
10656,schpezifischs
10657,ziet
10658,drittwäut
10659,brue-
10660,aschpekt
10661,grössrs
10662,gschichtli
10663,dischtanz
10664,pazientinnä
10665,absoult
10666,bezug
10667,pazientin
10668,intims
10669,chronisch
10670,kontrouä
10671,schwirigschtä
10672,themänä
10673,professionelli
10674,inimsch
10675,chun-
10676,situations
10677,bezoge
10678,pazientä
10679,pazientinne
10680,sueches
10681,seute
10682,schpitau
10683,awesend
10684,diplomierti
10685,ufenthaut
10686,südafrika
10687,((lacht))
10688,läuft
10689,frisst
10690,autofahre
10691,blitzer
10692,nütze
10693,YOUNGSTERS
10694,grinduwaud
10695,schifahre
10696,nöchscht
10697,vilich
10698,emou
10699,moruk
10700,presto
10701,ufechume
10702,taxi
10703,ghirtet
10704,next
10705,zahlsch
10706,brutale
10707,stellewert
10708,pumpe
10709,mitlerwiile
10710,zuesätzlich
10711,gwaut
10712,schippi
10713,aia
10714,mache-
10715,deseskalierend
10716,gägeteil
10717,erwähne
10718,wörtlichi
10719,verhaftet
10720,schublade
10721,kollegiau
10722,stirb
10723,tschou
10724,ussestehende
10725,verstohni
10726,idiote
10727,randaliere
10728,dorf
10729,beiz
10730,hetti
10731,simmer-
10732,närvig
10733,optimau
10734,wa:s
10735,thurgouer
10736,üü
10737,united
10738,hirters
10739,props
10740,bereues
10741,gschichte
10742,zerstört
10743,(ajak)
10744,(nid)
10745,intelligent
10746,schone
10747,bouland
10748,puff
10749,längwiilig
10750,gliich
10751,pisst
10752,Gogorite
10753,rösser
10754,mithaute
10755,gvöglet
10756,verchlage
10757,millioneklage
10758,dürebringe
10759,verlüre
10760,mitme
10761,awaut
10762,schri
10763,niky
10764,vorgschicht
10765,schriebe
10766,dingsle
10767,guetschin
10768,riise
10769,saisonabi
10770,(tutor)
10771,ghütet
10772,bumbst
10773,KITA
10774,LUNA
10775,pfarrerhuus
10776,jetzte
10777,reudig
10778,depressiv
10779,mimöse
10780,(schnägläger)
10781,hanem
10782,nächem
10783,spieu
10784,agfickt
10785,staralüre
10786,iispiue
10787,elei
10788,chorb
10789,pitbull
10790,tuusig
10791,tuscht
10792,wägnäh
10793,cheib
10794,abegjätet
10795,strübschte
10796,broasted
10797,irgendöper
10798,ziehs
10799,schlücke
10800,hingerem
10801,bitch
10802,muetersohn
10803,hässleche
10804,abtriibig
10805,weni(.)
10806,tscheggsch
10807,streiche
10808,schulstreich
10809,dümmste
10810,schuestreich
10811,schärine
10812,ragetli
10813,zündet
10814,ungerri-
10815,liim
10816,gfüllt
10817,(hends so gseit)
10818,düemmers
10819,azünded
10820,zuedo
10821,gschü
10822,zersplitteret
10823,schräg
10824,ghanged
10825,dili
10826,schwarzi
10827,spur
10828,rouch
10829,(unverständlich)-
10830,dümmschti
10831,dozänte
10832,sträbers
10833,hüle
10834,ghület
10835,zrüggbecho
10836,gschriebe
10837,ritter
10838,stier
10839,(weinen)
10840,think
10841,leave
10842,englischlehrer
10843,englischtest
10844,konvergenzmodul
10845,technische
10846,usglached
10847,schlechtischti
10848,schlosshung
10849,skip
10850,töu
10851,übertriibes
10852,bewusster
10853,vegetarik
10854,bluet
10855,läberwurscht
10856,koch
10857,koched
10858,gfrässe
10859,reudigschte
10860,geisse
10861,metzger
10862,säuli
10863,killt
10864,verwärte
10865,verwärtet
10866,furtgschosse
10867,sich-
10868,tourischt
10869,zigarette
10870,apropos
10871,bierunterbruch
10872,sound
10873,feldschlössli
10874,fläschli
10875,uft
10876,uet
10877,schmöckts
10878,gras
10879,zigare-
10880,ou-
10881,umgang
10882,pontresina
10883,soirée
10884,düregsoffe
10885,niedrig
10886,vernünftig
10887,beschwert
10888,seitne
10889,alkoholvergiftig
10890,bratwürscht
10891,verbrönnt
10892,negerschwanz
10893,ufnes
10894,suf
10895,sucht
10896,gluscht
10897,donnschti
10898,neinei
10899,schissis
10900,drabloh
10901,little
10902,foht
10903,friiti
10904,insolvenz
10905,amäude
10906,drüehauber
10907,besteisch
10908,nöchschte
10909,usgrechnet
10910,mathe
10911,wiitermache
10912,zouberei
10913,tschegges
10914,wahrschiinlechkeit
10915,statistik
10916,ersatzufgabe
10917,tscheggis
10918,x
10919,quadrat
10920,chlammere
10921,arabisch
10922,verstoh
10923,verstosse
10924,mathematischi
10925,tscheggs
10926,gstriiche
10927,vielleicht
10928,mathtescht
10929,dafsch
10930,zwöisiitigi
10931,zämefassig
10932,kopiert
10933,abgschriebe
10934,tiptop
10935,gleich
10936,gäh
10937,dusch
10938,zahlestrau
10939,ageh
10940,unändlech
10941,agäh
10942,mitneh
10943,pr
10944,abegrütscht
10945,ufgschriebe
10946,safe
10947,higschriebe
10948,element
10949,reelle
10950,vieredrissg
10951,einidrissger
10952,umegränne
10953,sympathisiert
10954,frogt
10955,öuf
10956,seiter
10957,zämegschlage
10958,bescht
10959,periodes
10960,ufgange
10961,flow
10962,üebige
10963,physiklehrer
10964,uft(.)
10965,sch(.)
10966,schlitzohr
10967,häter
10968,auä
10969,pau
10970,nunig
10971,ischetze
10972,normalerwiis
10973,öbers
10974,öber
10975,mas
10976,verliide
10977,(bedingigslos)
10978,zspät
10979,strofding
10980,nüüt
10981,GIN
10982,bie
10983,schiessts
10984,(Biergeräusch)
10985,opfer
10986,genou
10987,hudu
10988,biergschmack
10989,gsoffe
10990,ECTS
10991,degäge
10992,usefordere
10993,lachi
10994,wartno
10995,bürschtli
10996,physikgenie
10997,zeut
10998,abkackt
10999,üsserig
11000,juckt
11001,vorträg
11002,chönnter
11003,chöntem
11004,sii
11005,gfühl
11006,zitiert
11007,mathematiker
11008,mittlerwiile
11009,flair
11010,bsungrige
11011,nuni
11012,einefünfzg
11013,tschau
11014,bruuch
11015,biudschirmzit
11016,arbeitswäg
11017,machis
11018,hirtechat
11019,düreluege
11020,jetztt
11021,verpasse
11022,wemers
11023,düreluegt
11024,präsenzdruck
11025,dütlecher
11026,buesse
11027,solothurn
11028,dämlich
11029,chäschtli
11030,tunnäu
11031,hunderter
11032,zschuld
11033,hänker
11034,schneechöttine
11035,schaffemer
11036,wases
11037,bhoupte
11038,wemmers
11039,wärdemers
11040,tan
11041,t-
11042,fuessstützi
11043,stützi
11044,spasti
11045,gönnemer
11046,dien-
11047,good
11048,struggle
11049,pit
11050,radio
11051,gstrugglet
11052,anezbecho
11053,chöne
11054,ewigkeit
11055,vergange
11056,garageband
11057,stellenwert
11058,konzentation
11059,hingäge
11060,rächnige
11061,rächnisch
11062,gwauttätig
11063,verschute
11064,wemi
11065,afickt
11066,vermöble
11067,beherrsche
11068,abefahre
11069,konsequenze
11070,umständ
11071,drihaue
11072,zwänzigscht
11073,ruhig-
11074,wichtigkeit
11075,chats
11076,gruppechats
11077,polizei
11078,düregläse
11079,denäbe
11080,drnä
11081,inklusive
11082,morddrohige
11083,höfechiubi
11084,föhn
11085,abegschrisse
11086,lüT
11087,sisi
11088,närvt
11089,labor
11090,zämme
11091,thurgauer
11092,stockt
11093,verbindet
11094,gmeinsam
11095,chorbbau
11096,wiider
11097,susch
11098,zämehaut
11099,jo:
11100,afangsussag
11101,oi
11102,zerstörer
11103,aute-
11104,ruume
11105,isch-
11106,jawou
11107,(oder)
11108,anständig
11109,n-
11110,elektrik
11111,chemielaborant
11112,häregange
11113,pc
11114,schieber
11115,roschte
11116,chemisch
11117,ghulfe
11118,stromzykle
11119,fixe
11120,dammi
11121,nächhene
11122,bibringe
11123,vorsteut
11124,hoffnige
11125,rittet
11126,magsch
11127,uszit
11128,empfähle
11129,misstrittsicher
11130,choufse
11131,luegemer
11132,lieferig
11133,el
11134,gliferet
11135,ungerschrift
11136,schickits
11137,päckli
11138,underschriebe
11139,abghout
11140,üsersits
11141,entschuldigung
11142,späti
11143,verzögerig
11144,jedesmou
11145,premium
11146,tschaupet
11147,nomou
11148,physio
11149,währenddäms
11150,heiligsphase
11151,tödlech
11152,lodelig
11153,kompakt
11154,tschaupe
11155,überdehnt
11156,differänzie
11157,differenzien
11158,differenzen
11159,trennt
11160,afick
11161,grichtstermin
11162,gsetz
11163,aschaffige
11164,agschafft
11165,skiferie
11166,(bi)
11167,vermietet
11168,neujohr
11169,achtezwänzigscht
11170,mili-
11171,götti
11172,umes
11173,ged
11174,uftrag
11175,RÖMERSTROSS
11176,renoviere
11177,bouleitig
11178,dö-
11179,lei-
11180,rich
11181,einersiits
11182,gaming
11183,pe
11184,ce
11185,rainbow
11186,shooting
11187,pändle
11188,verstriche
11189,nützisch
11190,sinnvou
11191,aber-
11192,nünezwänzg
11193,stunde
11194,tag-
11195,schloft
11196,ischer
11197,trainiere
11198,fick-
11199,igfüehrt
11200,verletzig
11201,kackt
11202,ungerem
11203,abliefere
11204,letschter
11205,(schnäglä-)
11206,dass-
11207,iwärme
11208,machter
11209,teamzämehaut
11210,spi
11211,haubzit
11212,fäupäss
11213,isatz
11214,zämeschweisst
11215,fightet
11216,motiviert
11217,wonner
11218,gruppedruck
11219,natürli
11220,suufdruck
11221,suufsch
11222,ghatet
11223,usglacht
11224,wa-
11225,fautsches
11226,bemerkig
11227,schriebt
11228,abtriibige
11229,denäbe-
11230,mobbingopfer
11231,useloh
11232,akzeptieres
11233,vergase
11234,bombeaschlag
11235,schissdreck
11236,ungedra
11237,dozente
11238,imir
11239,masterplan
11240,türklinke
11241,idingslet
11242,drgliche
11243,gribe
11244,chriide
11245,ufrege
11246,chläbrigi
11247,chläbi
11248,wasserhahne
11249,glo
11250,nass
11251,düredreiet
11252,nää
11253,vermeitsene
11254,bubelet
11255,piinlech
11256,pussis
11257,regierige
11258,elektrooutos
11259,gschiider
11260,chrieg
11261,umweltschädlich
11262,panzer
11263,alosch
11264,diesu
11265,warmwärde
11266,dimensione
11267,flüger
11268,kampfjet
11269,kerosin
11270,vorstöue
11271,pff
11272,mueschder
11273,tankt
11274,w-
11275,eimau
11276,SALVI
11277,spanferkel
11278,zuegluegt
11279,chines
11280,stümle
11281,zigi
11282,hebe
11283,verbrönnts
11284,vietnamchrieg
11285,napalm
11286,versprützt
11287,zange
11288,höchschtpersönlech
11289,mässer
11290,glücklich
11291,ohre
11292,gschaffed
11293,trout
11294,verzerrt
11295,proscht
11296,richig
11297,übertriebe
11298,trurigs
11299,((schmunzelt))
11300,sufsch
11301,schmerzmittu
11302,dätsch
11303,benimmt
11304,hitler
11305,nazi
11306,"uhr,"
11307,dreizehn
11308,wa::s
11309,mueschen
11310,noche
11311,nocheschriebe
11312,zuestand
11313,noteschnitt
11314,glichige
11315,schissi
11316,nennt
11317,rechne
11318,zündhölzli
11319,schachtli
11320,ypsilon
11321,rechnigsweg
11322,vielleich
11323,giter
11324,sozialpünkt
11325,wegstriche
11326,heschse
11327,au::te
11328,wahrschinlechkeits
11329,tatsach
11330,zrügggholt
11331,bämm
11332,sächser
11333,vierer
11334,zruggbecho
11335,(indischi)
11336,sträber
11337,wahrschiinlech
11338,dehinger
11339,füfehauber
11340,gopferdammi
11341,fä-
11342,verreck
11343,chillige
11344,eifachi
11345,teschts
11346,übertriibe
11347,gläng
11348,vierehaub
11349,füfer
11350,bubieifach
11351,häsch
11352,schnurre
11353,strange
11354,zueglost
11355,(degäge)
11356,zügnis
11357,usgmacht
11358,zämmegfickt
11359,umne
11360,bättle
11361,abfahre
11362,upps
11363,gfickt
11364,drnäbe
11365,MARCO
11366,ehnder
11367,verreis
11368,dümmers
11369,ufsuuge
11370,stinkts
11371,CHAYENNE
11372,ischlofe
11373,provokative
11374,mitprovoziere
11375,spässle
11376,usläse
11377,provokativi
11378,usstrahlig
11379,provokativ
11380,innechunsch
11381,salü
11382,dänkter
11383,füuter
11384,gforderet
11385,chle
11386,usegforderet
11387,fordernde
11388,fühlt
11389,forderet
11390,ignorant
11391,häreghockt
11392,drgliiche
11393,verhältnis
11394,joh
11395,verstriitisch
11396,lamped
11397,verlüüre
11398,normal
11399,falschs
11400,bestrofe
11401,aweseheitspflicht
11402,iidruck
11403,fordere
11404,näche
11405,chach
11406,:
11407,nüch
11408,lönd
11409,üch
11410,ned
11411,gred
11412,met
11413,ben
11414,vöu
11415,send
11416,saftige
11417,buess
11418,sächzäh
11419,groucht
11420,füfezwänz-
11421,fahred
11422,napf
11423,hinde
11424,sibzäh
11425,intressant
11426,würded
11427,verzöu
11428,spezifischi
11429,chönd
11430,usenand
11431,düend
11432,leine
11433,schrecklech
11434,süscht
11435,henders
11436,donkt
11437,ABU
11438,niemmer
11439,hends
11440,kanti
11441,findeds
11442,völlige
11443,allgemein
11444,stürerklärig
11445,usföue
11446,dürenäh
11447,intressierts
11448,achtzähni
11449,gohd
11450,tanksteu
11451,scheissegal
11452,wölli
11453,[voll]
11454,schiif-
11455,[uf
11456,zischtig
11457,wurschte
11458,würscht
11459,möchid
11460,d-
11461,würdsches
11462,roh
11463,gsehne
11464,m-
11465,möched
11466,settis
11467,gosch
11468,pack
11469,ipackt
11470,d'sch
11471,wöud
11472,zwägmache
11473,i-
11474,dassr
11475,usblüete
11476,koscher
11477,bolze
11478,grind
11479,beduselt
11480,gscha-
11481,minderjährig
11482,kante
11483,leischtig
11484,statt
11485,wohned
11486,hügel
11487,gschnogget
11488,abgläge
11489,nögschte
11490,chamer
11491,GUMMIBÄRLI
11492,vodkas
11493,farbige
11494,bäh
11495,SALITOS
11496,gitz
11497,JÄGERMEISTER
11498,dasch-
11499,POLEN
11500,birre
11501,nochenand
11502,möcheder
11503,silvester
11504,malheur
11505,spi-
11506,spitzname
11507,ä-
11508,überbewertet
11509,f-
11510,stosch
11511,ört
11512,zahle:
11513,möchedr
11514,prüefige
11515,bestande
11516,wenn-
11517,nachesekkle
11518,SOLOTHURN
11519,ähnlich
11520,üche
11521,eige
11522,LUZERN
11523,SOLOTHURNER
11524,tönts
11525,dese
11526,kv
11527,chl-
11528,wohr
11529,vom-
11530,ber
11531,müend
11532,si-
11533,spilled
11534,lehrbetrieb
11535,müenders
11536,gewinnt
11537,betrieb
11538,wärded
11539,prüeft
11540,schriftlichi
11541,müender
11542,[sind
11543,aui]
11544,maps
11545,ufdo
11546,ha-
11547,häiäiäi
11548,ws-
11549,wellne
11550,plattforme
11551,ghöred
11552,ZUCKERBERG
11553,njetflix
11554,zwüschetinne
11555,möcheds
11556,schüscht
11557,gäld
11558,müessteds
11559,möche
11560,hinderem
11561,hinder
11562,kulisse
11563,influenced
11564,folgeder
11565,bide
11566,TIK
11567,TOK
11568,ke-
11569,:gheisse
11570,neuers
11571,de-
11572,zo
11573,nokia
11574,smartphone
11575,verbot
11576,stundelang
11577,gamet
11578,mathi
11579,hanech
11580,macbook
11581,od-
11582,sprachbarriere
11583,shooter
11584,kennsches
11585,dunkts
11586,erwähnsch
11587,wüssed
11588,itz-
11589,gewese
11590,stube
11591,gsinnet
11592,mäldet
11593,eigentli
11594,crispy
11595,rolls
11596,e:s
11597,dieser
11598,bstelled
11599,REBER
11600,BIGLER
11601,LÜTHI
11602,PORTMANN
11603,eigetli
11604,METZGERCENTER
11605,carre
11606,reiche
11607,[während
11608,summer]
11609,minu-
11610,bude
11611,charre
11612,e:fach
11613,FRIFRAG
11614,lieferet
11615,öppi
11616,säl-
11617,SEFTIGEN
11618,ha]
11619,roller
11620,gse:t
11621,söscht
11622,somene
11623,überchu-
11624,drüezwänzigste
11625,lengscht
11626,pouletscheiche
11627,[oder
11628,itz]
11629,ne-
11630,büe-
11631,büezer
11632,v-
11633,understift
11634,zwöschetdrii
11635,bierli
11636,auto
11637,nihmi
11638,jungbürgerfiir
11639,ge:sch
11640,gmeindsversammlig
11641,gmüetli
11642,glüehwii
11643,[päch]
11644,düri
11645,albä
11646,ging
11647,vielen
11648,ch-
11649,[die
11650,oktoberfescht
11651,anderthalb
11652,loufisch
11653,oppe
11654,[ja
11655,denn]
11656,moore
11657,[cho
11658,jüngst
11659,früeher
11660,iitrett
11661,parallelklass
11662,zähnernote
11663,itrett
11664,üs]
11665,achtzähner
11666,güllere
11667,RIED
11668,[sei
11669,eus]
11670,[abstörzt]
11671,märit
11672,existiere
11673,füzähni
11674,uswiskontrolle
11675,überchunsch
11676,sub
11677,suber
11678,bändelet
11679,uswis
11680,kontrolle
11681,cheibe
11682,bändelinä
11683,flying
11684,hirsch
11685,tabak
11686,erzügnis
11687,tubaket
11688,schnupf
11689,büchs
11690,vill
11691,weder
11692,:da
11693,meinisch
11694,glichig
11695,ufgleit
11696,win
11697,volk
11698,stop
11699,FRUTIGEN
11700,euser
11701,fährsch
11702,scnäller
11703,viertel
11704,stond
11705,[fahre]
11706,bärg
11707,alp
11708,uchi
11709,uss
11710,AMERIKA
11711,büez
11712,meinti
11713,spillt
11714,töff
11715,laffä
11716,gängigi
11717,zuelose
11718,ibürgerigsfiir
11719,ADELBODENer
11720,wörterbuech
11721,te:l
11722,hesst
11723,GUIDO
11724,burner
11725,lehrriche
11726,PROVIANT
11727,gloubeni
11728,usschlachtigsbestimmige
11729,usschlachtigskontrolle
11730,[alles
11731,allfäll
11732,verbicho
11733,usbolze
11734,vomene
11735,rind
11736,gschlachtet
11737,wasd
11738,abhaue
11739,sägeni
11740,schlachthus
11741,lehrrich
11742,gfühel
11743,[öppe]
11744,bruefs-
11745,bruefschund
11746,füfzäht
11747,mänge
11748,[veredeler]
11749,verarbeiter
11750,donschtig
11751,dunschti
11752,fachlehrer
11753,z-
11754,stützkurs
11755,fachrächne
11756,gseh]
11757,EU
11758,gugget
11759,gottfriedli
11760,agugget
11761,gu-
11762,lehreri
11763,eusi
11764,[ds
11765,es]
11766,hülend
11767,schueuzimmer
11768,ibschlosse
11769,nanere
11770,umecho
11771,gset
11772,[eso]
11773,tüemmer
11774,[natürli]
11775,[eigentli]
11776,wenige
11777,probierenis
11778,areal
11779,schii
11780,[u
11781,downhille
11782,diesä
11783,wirbu
11784,schiinä
11785,setti
11786,mittwich
11787,iise
11788,gspürt
11789,BERN
11790,goperiert
11791,[ume
11792,loofe
11793,scheichä
11794,[wär
11795,mängisch]
11796,rohwürscht
11797,fle:sch
11798,zwägschnide
11799,zuesatzstoffe
11800,viufach
11801,kombi
11802,[meistens]
11803,[blitze]
11804,scheffle
11805,drufab
11806,abfülle
11807,wurst
11808,füller
11809,istelle
11810,füll
11811,abdreihe
11812,cholbefüller
11813,centimeter
11814,kubik
11815,gramm
11816,mängi
11817,cen-
11818,chu-
11819,mestens
11820,schlachtho-
11821,schlachthof
11822,zürich
11823,mengi
11824,dete
11825,tiersch-
11826,tierschutz
11827,wiederhole
11828,metzge
11829,bewusstlos
11830,blüete
11831,gspühre
11832,[d'sch
11833,erwache
11834,gsch-
11835,[überlege]
11836,apisst
11837,hetma
11838,gülleret
11839,tüfel
11840,orts
11841,ko-
11842,gsässe
11843,ipennet
11844,[ehm]
11845,ipennt
11846,stall
11847,näscht
11848,anderhaub
11849,he:m
11850,[e
11851,feng]
11852,halbs
11853,ge:t
11854,gläsli
11855,he:ss
11856,SMIRNOFF
11857,[knall]
11858,glade
11859,SUURI
11860,ZUNGE
11861,wächslisch
11862,fas-
11863,fad
11864,ältischti
11865,ewäg
11866,diesmau
11867,euse
11868,barkeeper
11869,shöt
11870,[sigs
11871,öpfeler
11872,BAILEYS
11873,täti
11874,APPENZELLER
11875,momoL
11876,suure
11877,döffe
11878,stärchers
11879,eusem
11880,getränke[händler]
11881,GREEN
11882,ICE
11883,siwer
11884,vierezwänzger
11885,nachbrand
11886,glorrichi
11887,jänner
11888,diesere
11889,azlüte
11890,uf-
11891,füregäh
11892,ei:s
11893,re:che
11894,ver-
11895,lenk
11896,chönntinech
11897,hirsche
11898,chanem
11899,o-
11900,6
11901,duecht
11902,wiesen
11903,re:s
11904,natürlig
11905,allfäu
11906,hüfeli
11907,abu
11908,we:ss
11909,[da
11910,hätt]
11911,j-
11912,hede
11913,drüne
11914,hörsch
11915,it-
11916,heigi
11917,gugg
11918,sigi
11919,heftigst
11920,abzieh
11921,kalender
11922,computer
11923,zwüschedri
11924,müess
11925,betriebe
11926,e-
11927,nähmi
11928,willi
11929,chönni
11930,oberschtift
11931,abschlussnote
11932,hettisch
11933,[aber
11934,isch]-
11935,schaffen
11936,fohd
11937,[inbetrieblig]
11938,aso-
11939,fange
11940,FACEBOOK
11941,INSTA
11942,:no
11943,agugge
11944,magazine
11945,:zwüschedri
11946,u-
11947,ungerhaltsam
11948,adieu
11949,taste
11950,was-
11951,samsung
11952,siebeti
11953,de:heime
11954,e:fa-
11955,gäldsecku
11956,wills
11957,rächnigs
11958,a-
11959,sölle
11960,me:tschine
11961,gäre
11962,TANKI
11963,ONLINE
11964,enand
11965,[früeher]
11966,[alles]
11967,chrüppel
11968,guggeni
11969,znüni
11970,wenis
11971,fürenihme
11972,dr-
11973,währeder
11974,schomal
11975,tere
11976,tele
11977,geld
11978,vorsteuigsgspräch
11979,MILKY
11980,WAY
11981,ZWEIFEL
11982,MARS
11983,SNICKERS
11984,[mani]
11985,grusige
11986,BIGLER:
11987,usliefere
11988,[göt
11989,usliefere]-
11990,FAVORIS
11991,liefere
11992,ilade
11993,zn-
11994,summer-
11995,findes
11996,ouguscht
11997,[äbe|
11998,drizähni
11999,gschaffet
12000,schmier
12001,bängelisch
12002,stämple
12003,bängeli
12004,[nüt
12005,meh]
12006,[sächzäh]
12007,schmunzelt
12008,ADELBODEN
12009,ufwachsisch
12010,[du
12011,siech]
12012,MOOS
12013,einezwänzg
12014,wie:
12015,bewiise
12016,wohnä
12017,jon-
12018,[joner]
12019,frühecher
12020,zuelost
12021,sichs
12022,JAKOBI
12023,tute
12024,[aber]
12025,di-
12026,no:
12027,dezämber
12028,muetterschaftsurloub
12029,sitter
12030,he-
12031,usfüue
12032,OS
12033,lehrvertrag
12034,buechhautig
12035,fokus
12036,wäutchrieg
12037,würlklech
12038,düregnoh
12039,ADELBODNER
12040,[mir
12041,gmacht]
12042,abstimme
12043,macheni
12044,hiuft
12045,meinige
12046,verschiede
12047,[dumm]
12048,gföhrlech
12049,jodle
12050,boxfit
12051,vereine
12052,mätsch
12053,verarbeitig
12054,ü-
12055,ku-
12056,dassmer
12057,beha-
12058,nid?
12059,unverständlich
12060,[schwach]
12061,trinkeni
12062,SMIRNOFF:
12063,git-
12064,PANACHE
12065,oah
12066,bruse-
12067,wöschmaschine
12068,vodka
12069,länk
12070,säg:
12071,BARSTREET
12072,jodler
12073,:(unverständlich)
12074,intern
12075,binenang
12076,ADUBODNER
12077,schlimmeri
12078,tram
12079,[eh
12080,chli]
12081,[schätzt]
12082,dergliche
12083,serigi
12084,mitschtiefti
12085,l-
12086,wächslet
12087,nid-
12088,heder
12089,früehzitig
12090,haub-
12091,eifach-
12092,äbe]
12093,dürecho
12094,wods
12095,irgendwie-
12096,floristin
12097,imaginärs
12098,verchoufsbuffet
12099,härsteue
12100,ABU]
12101,gsundheit
12102,hockisch
12103,nöchschts
12104,verchlüpft
12105,smartphones
12106,IPHONE
12107,neuschte
12108,siebete
12109,touch
12110,für-
12111,gfraget
12112,idr
12113,[gloube]
12114,caramel
12115,zwönä
12116,lieferwage
12117,[heisst
12118,hört
12119,flirte]
12120,thuner]
12121,göts
12122,rendierts
12123,schänket
12124,(we d abschlussprüefig)
12125,oberstifti
12126,wösse
12127,gä]
12128,[zu
12129,eim]
12130,hamburger
12131,säu-
12132,füraabe
12133,ungerenand
12134,fragemer
12135,ehrli
12136,scho]
12137,panache
12138,voue
12139,chlouse
12140,LANGNAU
12141,MC
12142,unbedeingt
12143,wösch
12144,(.)isch
12145,gägesite
12146,[säge
12147,sali]
12148,uswiis
12149,[zättu]
12150,[stimmt]
12151,schwierig]
12152,mhh
12153,landfescht
12154,heiss]
12155,schweisst
12156,sgit
12157,verle:det
12158,ö-
12159,igendwiä
12160,spöut
12161,[nöimä]
12162,[guet]
12163,anger[sch]
12164,bisd
12165,imene
12166,aständige
12167,se-
12168,bevori
12169,[wenn]
12170,settsch
12171,tür]
12172,schlimmschte
12173,LAP
12174,VA
12175,[sett]
12176,bruefschundlehrer
12177,(unverständlcih)
12178,[ds]
12179,dri-
12180,chönntmes
12181,spe-
12182,nünzg
12183,sp-
12184,tät
12185,(.):
12186,schueutäg
12187,jänu
12188,wäremer
12189,gmach-
12190,dennzumau-
12191,das-
12192,säubverständlech
12193,abeläse
12194,ode-
12195,döre
12196,womr
12197,gschid-
12198,finge-
12199,rä-
12200,stü-
12201,tiefgründig
12202,berate
12203,abgstumme
12204,seits
12205,abstimmig
12206,womi
12207,jedesmau
12208,tschutte
12209,usglich
12210,[passt]
12211,zi-
12212,putzmaschine
12213,schwieri-
12214,trichter
12215,[das
12216,ässes
12217,öffentlechkeit
12218,verberge
12219,steak
12220,gluschtets
12221,chönntme
12222,meinä
12223,schmärze
12224,[irgendwie]
12225,lebändige
12226,chue
12227,gägesatz
12228,operiersch
12229,ischlafsch
12230,erwachisch
12231,schlimmscht
12232,niehm
12233,bisi
12234,suuft
12235,lüpft
12236,whiskey
12237,gäbigi
12238,füui
12239,be(kannt)
12240,heimli
12241,feiss
12242,rätsch
12243,AHOI
12244,BRAUSE
12245,[hönne]
12246,shötli
12247,pulver
12248,söu-
12249,näbedüre
12250,grüsigschte
12251,chrütli
12252,grusigs
12253,we:ssi
12254,chotzer
12255,würi
12256,[d
12257,grippe
12258,gsi]
12259,[usgang]
12260,feschte
12261,wüssmer
12262,im(unverständlich)
12263,gstuunet
12264,gummibärli
12265,stärchste
12266,stärchsti
12267,verdiensch
12268,e:nisch
12269,muschs
12270,eigetscht
12271,[wei
12272,wie]
12273,wächsu
12274,irgendwie]
12275,dasses-
12276,verschwändig
12277,düends
12278,schlachte
12279,[höhö]
12280,sitem
12281,bewä-
12282,hetsech
12283,bewärbe
12284,bi-
12285,agseit
12286,relevant
12287,guet:
12288,reiz
12289,[z
12290,becho]
12291,schuelische
12292,praktische
12293,praktischi
12294,kenn-
12295,kommuniziere
12296,ebanking
12297,serigs
12298,schwierig:
12299,komisch]
12300,abboue
12301,instas-
12302,[gar
12303,nümme]
12304,numeno
12305,[afang]
12306,[zwüscheinne]
12307,bin-
12308,[öppis
12309,woni]-
12310,intressant]
12311,extrem-
12312,WESTSIDE
12313,goofe
12314,WESTSIED
12315,WEST-
12316,fü-
12317,klappet
12318,[mir]
12319,spa-
12320,chömemer
12321,dervore
12322,hosesack
12323,dues
12324,schäftli
12325,nihmis
12326,dürs
12327,Fänster
12328,gschwüschtet
12329,gläschteret
12330,usicho
12331,taf-lüt
12332,taf
12333,blond
12334,alei
12335,umegstange
12336,gfüuh
12337,erloube
12338,(gelächter)
12339,gchläbt
12340,Aabe
12341,uss-
12342,iiga
12343,dmusig
12344,brügg
12345,gländer
12346,(stimmt)
12347,spezies
12348,verfougt
12349,gsecklet
12350,nachegsecklet
12351,(fiut)
12352,gwohnte
12353,habitat
12354,(wäg für mi)
12355,sü-
12356,zittli
12357,ni-
12358,lasteret
12359,dere-
12360,(geräusch mit der zunge)
12361,hinsicht
12362,wieder-
12363,mega-
12364,würd-
12365,schnurri
12366,Frag
12367,antworti
12368,schweift
12369,bg-häsli
12370,heiters
12371,lieblechs
12372,sympathischer
12373,indisch
12374,jösses
12375,es-
12376,betonsch
12377,geboreni
12378,disziplin
12379,nä-ä
12380,(isch itz dès blöd)
12381,Höfu
12382,gliiche
12383,chliche
12384,entscheidige
12385,ououo
12386,schicki
12387,homöopath
12388,chügeli
12389,geschänkli
12390,handarbeitslehrerin
12391,nach-
12392,büle
12393,vor-
12394,eigentelch
12395,aalege
12396,beidès
12397,beriche
12398,füesch
12399,viellich
12400,chrüzli
12401,magazin
12402,ufschiebe
12403,Jaja
12404,mimik
12405,gestik
12406,wükchch
12407,mini-
12408,verwächslet
12409,gliichi
12410,haarfarb
12411,dünkleri
12412,Haar
12413,witem
12414,.
12415,erschienig
12416,Schwoscht
12417,zwöieiigi
12418,sie-
12419,haarstruktur
12420,hutt
12421,grundverschide
12422,wod-
12423,parallele
12424,faszinierend
12425,mir-
12426,wä-
12427,moondogs
12428,totaus
12429,blackout
12430,abdr-
12431,passierts
12432,luun
12433,me-
12434,närvts
12435,abezieht
12436,angeri-
12437,territorium
12438,heimlifeisse
12439,lästerer
12440,würkelch
12441,agsträngt
12442,zsy
12443,chläbt
12444,(lippenflattern)
12445,-oder
12446,abidernds
12447,schlimigs
12448,verträte
12449,vou-
12450,glichzittig
12451,bewundere
12452,sensibu
12453,checkt-
12454,mängisch-
12455,fing-
12456,verbinden
12457,übermotivierts
12458,wirklech
12459,arrogants
12460,boot
12461,ängem
12462,sommaruga
12463,gstusst
12464,aaeigne
12465,lehrpärson
12466,mönschlech
12467,wüsster
12468,che-
12469,verstehe
12470,lächerleche
12471,rächt-
12472,ass
12473,accent
12474,very
12475,impressive
12476,mother-
12477,tongue
12478,mothertongue
12479,speaker
12480,holy
12481,sprache
12482,dèsto
12483,efiacher
12484,hörts
12485,norwege
12486,seriöse
12487,norwegisch
12488,seriöst
12489,betont
12490,sär
12491,bruuchsches
12492,ii-
12493,säriös
12494,nü:mm
12495,verstöht
12496,entschiede
12497,(schule)
12498,entschlosse
12499,gschwüsteti
12500,uszbräche
12501,brooklyn
12502,relativiert
12503,verstahn
12504,stabiust
12505,mö
12506,bärechreft
12507,stürze
12508,aleini
12509,bewusstsi
12510,verändere
12511,freiheit
12512,belastige
12513,schoudisch
12514,zuesatz
12515,zuesatz-läbe
12516,verlüürsch
12517,pointless
12518,Fritiaabe
12519,merk
12520,do-
12521,haubpatzig
12522,grobe
12523,uff
12524,JEGI
12525,weirdi
12526,distanziert
12527,höfu
12528,töif
12529,unfähig
12530,kl-
12531,chönsch
12532,ustuusch-
12533,hundertprozänt
12534,struggles
12535,gasteutere
12536,gastvater
12537,gastmueter
12538,missverständnis
12539,ghä
12540,fründschafte
12541,entschuudigt
12542,übermittlet
12543,kampf
12544,zeusch
12545,zobe
12546,grüüsch
12547,entwirre
12548,jedès
12549,germanischi
12550,påvirket
12551,beiflusst
12552,virket
12553,würkig
12554,på
12555,präposition
12556,bewürkt
12557,bewürke
12558,beiflusse
12559,virker
12560,verb
12561,bruuchts
12562,ghörsches
12563,iibout
12564,umschribe
12565,gluschte
12566,vorteu
12567,sicherer
12568,dublin
12569,interrrailere
12570,aaegge
12571,hasses
12572,nasepög
12573,abgstange
12574,seminar
12575,aaprobiere
12576,ge-
12577,outgens
12578,fokussiert
12579,pilates
12580,gsunger
12581,beeri
12582,sanddorn
12583,linsame
12584,linöu
12585,behäbe
12586,iigsteut
12587,vercheutet
12588,tage
12589,wäge-
12590,resistänt
12591,fiingfüuh
12592,toupatischig
12593,würksch
12594,nachevouzieh
12595,gemeine
12596,jedèsmau
12597,aagleit
12598,(uverständlich)so
12599,klar-
12600,schlicht
12601,schmuckding
12602,erk-
12603,sibetuusig
12604,ü25
12605,liebevous
12606,beläbt
12607,schmuck
12608,chaos
12609,öp-
12610,beläbts
12611,ambivalänter
12612,ir-
12613,leisch
12614,drü-
12615,refektiert
12616,beiiflusse
12617,chleidigsstück
12618,hipster
12619,aaghucht
12620,öies
12621,prägig
12622,schönste
12623,koffein
12624,koffeinfreis
12625,differänziere
12626,eifäutig
12627,aapasst
12628,sportleche
12629,hiufrich
12630,aaleisch
12631,füehsch
12632,vergissisch
12633,umgeisch
12634,füehl
12635,teune
12636,verletzbarer
12637,phasewis
12638,usenangsetze
12639,verchleidet
12640,strausch
12641,söttige
12642,bedrüfnis
12643,füeht
12644,blockiert
12645,blockade
12646,vilelech
12647,schueuzüg
12648,belaste
12649,schlüssu
12650,überdänksch
12651,aafasch
12652,key
12653,begränzt
12654,begränztheit
12655,iigränzig
12656,saft
12657,unisport
12658,vielech
12659,houhs
12660,konservativi
12661,asätz
12662,üebsch
12663,energieschub
12664,klavierüebe
12665,umehämmere
12666,afoh
12667,gränne
12668,phasene
12669,dynamike
12670,ufgisch
12671,versuech
12672,delirium
12673,zrügggworfe
12674,bösartigkeit
12675,absicht
12676,ustuuschsemester
12677,unverurteut
12678,söttig-
12679,situtation
12680,reagieri
12681,verantworte
12682,sitaution
12683,hüüfig
12684,mechanisme
12685,inhaut
12686,reflektiere
12687,da-
12688,gedankeding
12689,gedankegäng
12690,refelktiere
12691,titu
12692,sollst
12693,loben
12694,zittig
12695,verkackes
12696,ufgschobe
12697,nöchem
12698,"gseh,"
12699,merksches
12700,ahänke
12701,gstumme
12702,löckli
12703,die-
12704,wo-
12705,maturarbeitspräsentatione
12706,musigzimmer
12707,Luun
12708,denn-
12709,ter
12710,umejammere
12711,gringweh
12712,witt
12713,guet-
12714,gfiumt
12715,gwöhndleche
12716,glichgsetzt
12717,lide
12718,hingerdüre
12719,"fingi,"
12720,uszschliesse
12721,däm-
12722,irgendöppern
12723,über-
12724,ihm-
12725,luschtigä
12726,intelligänt
12727,überecho
12728,rif
12729,k-
12730,mänglisch
12731,unsympathisch
12732,bärndütsches-
12733,sympathische
12734,sterchine
12735,schnuri
12736,schuret
12737,schnuret
12738,XXX-stimm
12739,nachemache
12740,sicher-
12741,bechämsch
12742,ushaute
12743,XXX-
12744,besserwüsserisch
12745,charmanti
12746,melodik
12747,aagnähm
12748,sidig
12749,fliessend
12750,dès-
12751,akzänt
12752,portugiesisch
12753,italiänisch
12754,ütsch
12755,russisch
12756,koreanisch
12757,hindi
12758,mandarin
12759,vil-
12760,villich
12761,iiboue
12762,erliechteret
12763,beidruckend
12764,begrüesst
12765,indischi
12766,gebor-
12767,geborn-
12768,inderin
12769,grossmueter
12770,spanier
12771,sprachunbegabt
12772,apacke
12773,aacho
12774,idrück
12775,franzufenthaut
12776,hingercho-
12777,nacher
12778,bedürfnis
12779,errinnere
12780,enger
12781,wäute
12782,krise
12783,gschobe
12784,min-
12785,rütschisch
12786,gwürflet
12787,aafang
12788,bsungers
12789,steu-
12790,komischs
12791,ungertitle
12792,wini
12793,afaat
12794,ändet
12795,längs
12796,überstigt
12797,vorsteligschraft
12798,griife
12799,(mueter)
12800,um-
12801,sk-
12802,skandinavische
12803,kuul
12804,puurer
12805,bru-
12806,aawände
12807,ängland
12808,irland
12809,nachedänke
12810,truurig
12811,irritierend
12812,witerrede
12813,irritiere
12814,iichoufe
12815,irgendem
12816,choufi
12817,beröi
12818,uftränge
12819,outogens
12820,meditiere
12821,usdruckt
12822,mitgä
12823,piue
12824,frouen(arzt)
12825,gan
12826,tätscht
12827,spitzig
12828,schwung
12829,stuh
12830,gsprächsthema
12831,bestritti
12832,schichte
12833,aaleit
12834,schwierige
12835,versuecht
12836,ordne
12837,gibe
12838,angerer-
12839,itzt
12840,beliebigs
12841,oberteili
12842,cappucino
12843,cafe
12844,ungerbroche
12845,churzgschichte
12846,kommunikativ
12847,chleiderstiu
12848,elegante
12849,aaha
12850,gsehn
12851,exgüse
12852,unsich-
12853,unsicher
12854,übertreit
12855,mitteile
12856,viele
12857,hinsichte
12858,härehocke
12859,motivationsschüeb
12860,frustriert
12861,aalouf
12862,blockflöte
12863,aafah
12864,entgeistert
12865,aagluegt
12866,ufgibe
12867,g-
12868,fade
12869,motiviationsschüeb
12870,iigschränkt
12871,ent-
12872,wicklig
12873,düremache
12874,objektiver
12875,gs-
12876,strängts
12877,pha-
12878,niemert
12879,gedankelastig
12880,aabe
12881,"zglichä,"
12882,grat
12883,usegfunde
12884,mathematik
12885,neurowüsseschafte
12886,vorlesig
12887,houptfach
12888,mathlehrerin
12889,studiumsverlauf
12890,themegebiet
12891,oU
12892,drmit
12893,süschtegi
12894,ussicht
12895,jab
12896,probieri
12897,überleggig
12898,konkrets
12899,erforsche
12900,zgfüu
12901,studiegäng
12902,psychologi
12903,aa
12904,kombiniere
12905,wirtnäheraft
12906,jura
12907,näbedranne
12908,ghani
12909,serviere
12910,multiple
12911,choice
12912,ruef
12913,chlinch
12914,söttis
12915,schü..
12916,wüsseschaftlichi
12917,fauanalyse
12918,chönna
12919,vorbereitigskurs
12920,bernsütsch
12921,akzent
12922,bärnerin
12923,öperen
12924,lehrsches
12925,intuitiver
12926,umstellig
12927,grammatikalisch
12928,eltere
12929,amerkia
12930,vom:m
12931,köniz
12932,wabere
12933,zuefall
12934,chochet
12935,Lebermatt
12936,im:m
12937,achtzehni
12938,aria
12939,schlaftablette
12940,MINTgha
12941,MINT
12942,fraktau
12943,inenang
12944,inepasse
12945,konstruiere
12946,3D
12947,Modäu
12948,erklärt
12949,monoton
12950,längwillig
12951,dütschlehrerin
12952,pensoniert
12953,drache
12954,vereut
12955,analysiert
12956,texte
12957,inebracht
12958,diskussione
12959,mitbracht
12960,eckene
12961,diskutiere
12962,üsser
12963,schrecklich
12964,drzwüsche
12965,erlebt
12966,asprüch
12967,erfüue
12968,semesterändi
12969,rsa
12970,verschlüsselig
12971,computerruum
12972,rechner
12973,buchstabe
12974,einzeln
12975,verschlüssle
12976,wätter
12977,heil
12978,ahaltspunkt
12979,knacke
12980,verschlüsseligssache
12981,asatz
12982,gho
12983,usefinde
12984,möglich
12985,enigma
12986,vorstelligskraft
12987,eidütig
12988,keini
12989,ghe
12990,zweihundertfüfzg
12991,vorlesigs
12992,saal
12993,teiu
12994,analysis
12995,professorin
12996,irem
12997,säubstdisziplin
12998,mathprüefige
12999,freis
13000,neujahr
13001,töt
13002,wienachte
13003,highlight
13004,skifahre
13005,snowboarde
13006,fläcke
13007,snowboarda
13008,bechunt
13009,füfzgstund
13010,lersch
13011,üebigsgruppe
13012,unpersöhnlich
13013,lustegi
13014,gamerkategorie
13015,gamesch
13016,mitzrede
13017,zrede
13018,irgendso
13019,vereckts
13020,ipad
13021,konsole
13022,aschliesse
13023,kampfspiu
13024,mönscheähnlechi
13025,figure
13026,näher
13027,kreisli
13028,ringsedum
13029,zuluegt
13030,profesionell
13031,mario
13032,kart
13033,switch
13034,pokemon
13035,coolschte
13036,dance
13037,WII
13038,playstation
13039,zerssch
13040,biudschirm
13041,zun..
13042,mässe
13043,so:o
13044,lieblingsspiu
13045,wüsche
13046,liege
13047,zitlang
13048,wo..
13049,mikrophon
13050,spielet
13051,lieblingsgame
13052,brätspiu
13053,verbessere
13054,SHITHEAD
13055,offeni
13056,stapple
13057,verdeckti
13058,zahlefouge
13059,bausportarte
13060,usgruumt
13061,kommentäri
13062,musst
13063,fremdsprach
13064,näbefach
13065,biologie
13066,erssch
13067,überhunnsch
13068,tueschs
13069,permanänt
13070,testat
13071,paarne
13072,würki
13073,eigen
13074,fasziniert
13075,gymrstoff
13076,"und,"
13077,traum
13078,unbestimmt
13079,genauso
13080,versicherig
13081,bank
13082,möglichkeite
13083,nebefach
13084,unbeliebt
13085,-[
13086,prüefig
13087,-ds
13088,stimmtnja
13089,schwirzerdütsch
13090,kombination
13091,schwizerdütsche
13092,berndütschi
13093,beteiligte
13094,-er
13095,LAUPEN
13096,wartezite
13097,UNVERSTÄNDLLICH
13098,abgschlosse
13099,klassaelehrer
13100,lieblingslehrer
13101,minem
13102,schwerpunktfach
13103,-mhm
13104,interesiert
13105,eher/ender
13106,dütschlehrer
13107,inkompetent
13108,nacheme
13109,usegsteut
13110,gfäut
13111,lücke
13112,aforderige
13113,-so
13114,Schwärpunkt
13115,pam
13116,verschlüsseligszügs
13117,dÈs
13118,absolute
13119,lieblingsthema
13120,igleitet
13121,viellecht
13122,IMITATION
13123,GAME
13124,verschlüsseligsmaschine
13125,buechstabe
13126,tippt
13127,gsammleti
13128,anschienend
13129,entstange
13130,schlüssel
13131,usefingt
13132,absehbarer
13133,vorriter
13134,existiert
13135,zfinge
13136,studente
13137,-scho
13138,nämi
13139,powerpoint
13140,notize
13141,hilfrich
13142,prüfige
13143,zerschte
13144,stundeumerächnig
13145,vorrang
13146,plätz
13147,exkursion
13148,lert
13149,vorlesige
13150,limitiert
13151,beendet
13152,singstar
13153,kan
13154,vorsteua
13155,spätischtens
13156,THEGAME
13157,gwschänzt
13158,sportstung
13159,gkouft
13160,kollegine
13161,pause
13162,spius
13163,relatives
13164,mathematisches
13165,drane
13166,besiege
13167,eh:h
13168,karte
13169,komliziert
13170,grundsätzlich
13171,abzlege
13172,insgesamt
13173,lohnts
13174,müessts
13175,Guat
13176,hoffa
13177,füfaviarzig
13178,fömer
13179,studiaren
13180,werendem
13181,prüafiga
13182,hauptfach
13183,nebafach
13184,sozega
13185,kredits
13186,vum
13187,zglicha
13188,werda
13189,kunnt
13190,jaah
13191,irgendswia
13192,eigendli
13193,feria
13194,coolers
13195,ergeh
13196,gsundheitsprävention
13197,leita
13198,zcoolsta
13199,wieter
13200,forscha
13201,hendr
13202,eba
13203,fornäherigsmethoden
13204,mitma
13205,interesiart
13206,hinadri
13207,dura
13208,gmoglet
13209,alna
13210,muanäher
13211,biespiel
13212,bruchnäher
13213,kais
13214,statisches
13215,verfahra
13216,uswerta
13217,statistisches
13218,öpert
13219,-und
13220,gsuacht
13221,-das
13222,kanäher
13223,machend
13224,usbildig
13225,könntisch
13226,nebajab
13227,vollzit
13228,beschäftigt
13229,näheraffa
13230,machnäher
13231,henäher
13232,näherluss
13233,uswedig
13234,lerna
13235,sozial
13236,sozialwüssanäherafta
13237,waisi
13238,grossa
13239,näherwirig
13240,berndütnäher
13241,mue
13242,hochdütnäher
13243,näherwiz
13244,uggwachsa
13245,zamerika
13246,ufgwachsa
13247,näherwizerdütnäher
13248,dütnäher
13249,fufzehn
13250,zehn
13251,zruck
13252,wella
13253,dfamilia
13254,miar
13255,purahof
13256,döta
13257,vrkaufa
13258,könna
13259,kantonspitol
13260,kriagt
13261,graubünda
13262,erge
13263,gfunda
13264,passend
13265,sid
13266,Bern
13267,usserhalb
13268,laupa
13269,vur
13270,-du
13271,pendlisch
13272,amel
13273,nähereisse
13274,zthun
13275,20
13276,guati
13277,verbindiga
13278,fiarzig
13279,belp
13280,nochem
13281,morga
13282,früa
13283,ganga
13284,unterem
13285,näherloss
13286,rothus
13287,näherön
13288,wohni
13289,bündner
13290,vorcher
13291,drzua
13292,zbümpliz
13293,endera
13294,fuasball
13295,studiart
13296,geographie
13297,kriaga
13298,stipendia
13299,kriagemer
13300,sitpendia
13301,zga
13302,muasi
13303,zahla
13304,gohn
13305,kanni
13306,kompensiara
13307,sus
13308,wohna
13309,hai
13310,wuchanend
13311,gail
13312,eltera
13313,bruader
13314,elteri
13315,diar
13316,vrzellt
13317,manäherinabau
13318,engineur
13319,näherafft
13320,hamilton
13321,helt
13322,schöster
13323,phsyioterapeutin
13324,zbasel
13325,jüngsti
13326,studiara
13327,eura
13328,liablings
13329,unternäheried
13330,denna
13331,meista
13332,lernnäher
13333,dracha
13334,näherlimm
13335,müand
13336,programmiara
13337,vrnäherlüssliga
13338,-ok
13339,mainnäher
13340,nüma
13341,öpa
13342,hälfti
13343,gloffa
13344,unterhalte
13345,studiarend
13346,pflicht
13347,vorlesiga
13348,bsuacha
13349,podcast
13350,fst
13351,näherisst
13352,denknäher
13353,hanni
13354,fornäherigsmethoda
13355,nohola
13356,gnuag
13357,wianachta
13358,prüafig
13359,credit
13360,konzentriari
13361,zfornäherigsmethoda
13362,zemma
13363,wias
13364,zersta
13365,vilicht
13366,tüands
13367,lockerer
13368,bewerta
13369,ua
13370,-uua
13371,fangnäher
13372,noher
13373,vol
13374,drhinter
13375,guats
13376,essa
13377,guatsli
13378,hmmm
13379,tüander
13380,ski
13381,fahra
13382,snownoarda
13383,:cool
13384,skigfahra
13385,kanis
13386,tourist
13387,stembögali
13388,gel
13389,segemr
13390,gföhrlich
13391,dhänd
13392,keijnäher
13393,brecha
13394,dusa
13395,näherneller
13396,ringer
13397,näherwiriger
13398,skifahra
13399,stoh
13400,stembögala
13401,kürvli
13402,tourawucha
13403,nähernee
13404,schoa
13405,sgtaad
13406,tourena
13407,credits
13408,hez
13409,kriagnäher
13410,muas
13411,wais
13412,müassa
13413,wetter
13414,gregnet
13415,dkletterhalla
13416,klettera
13417,toura
13418,imna
13419,kenna
13420,excursiona
13421,gsellnäheraftlich
13422,praktischa
13423,sacha
13424,mitanand
13425,aurecht
13426,glaube
13427,afanga
13428,gama
13429,ihna
13430,reda
13431,forga
13432,zeigen
13433,demfall
13434,tüand
13435,würnäher
13436,zneuia
13437,hans
13438,sona
13439,segend
13440,multiplayer
13441,bearbeitig
13442,anäher
13443,geg
13444,bots
13445,vrtrieb
13446,gsehnäher
13447,bewegend
13448,wua
13449,tanza
13450,grünäher
13451,ton
13452,lag
13453,janu
13454,singa
13455,ohra
13456,müese
13457,muasa
13458,eins
13459,dikutiara
13460,goh
13461,imer
13462,karta
13463,ufdecke
13464,maunäher
13465,rechna
13466,kennendr
13467,tichu
13468,gera
13469,janöff
13470,letnäherta
13471,tihu
13472,kollega
13473,strategisch
13474,spielnäher
13475,palti
13476,denka
13477,koleg
13478,gseithet
13479,teili
13480,zuafällig
13481,rohstoff
13482,strossa
13483,zwünähera
13484,dena
13485,baua
13486,ufstella
13487,wieterhin
13488,derb
13489,basketball
13490,früaner
13491,tchutet
13492,zameria
13493,einazwenzg
13494,ufganga
13495,sportarta
13496,sporarta
13497,banausa
13498,bibringa
13499,gnäherafft
13500,eigentlisch
13501,gfalla
13502,abgnäherlossa
13503,gymi
13504,gat
13505,näherlechter
13506,dreiahalber
13507,füfahalber
13508,übersetza
13509,vrhängnis
13510,worda
13511,fremd
13512,sproch
13513,ihs
13514,speziell
13515,outos
13516,freizyt:
13517,schuuu
13518,[nidd
13519,aus]
13520,hmhmhmhm
13521,fluch
13522,karibik:
13523,chinoding
13524,zombieland:
13525,nachegluegt
13526,chi(.)
13527,usechöme
13528,aute:
13529,es:
13530,em:
13531,dealet
13532,weisch:
13533,äbe:
13534,irgenddwo
13535,dvd:
13536,isch:
13537,nidd
13538,NETFLIX
13539,weiss:
13540,nöist
13541,minid
13542,dvd
13543,irgendeinidsch
13544,hanid
13545,[:weisch
13546,tentakle
13547,gschisse
13548,krake
13549,schiff:
13550,schö-
13551,schön:
13552,nachenang
13553,nidce
13554,[:
13555,insgesamt:
13556,[:se]
13557,binid
13558,serietyp
13559,ha:
13560,prison
13561,break
13562,nä:
13563,nähä:
13564,:aso
13565,nidckel(.)
13566,mit:
13567,pfiu
13568,gseh:
13569,vorgschlage
13570,NETFLIX:
13571,oder:
13572,mhm:
13573,rtl
13574,[mean:
13575,ohnid
13576,kim
13577,:scho
13578,zeichetrick
13579,richtige:
13580,äuä:
13581,ah:
13582,[aber:]
13583,[nähä]
13584,:krass
13585,nähä
13586,sonidc
13587,tv
13588,i:
13589,schuutte
13590,nati
13591,wükch:
13592,:wäg
13593,:vor
13594,nöie:
13595,mitbechunnsch
13596,bispiu:
13597,gäbig:
13598,wès:
13599,boygroup
13600,genau:
13601,gha:
13602,musigvideo
13603,YOUTUBE
13604,avilech
13605,:hä
13606,cheggi
13607,erkenne:
13608,bärntor
13609,het:
13610,längeri
13611,itz:
13612,wüss
13613,altstadt
13614,aargouerstaude
13615,düregeit
13616,d:
13617,fridhof
13618,när:
13619,gitarre
13620,ingdeinidsch
13621,schüeler:
13622,wenidger
13623,itunes
13624,familieabo
13625,spotify:
13626,spotify
13627,checket
13628,hanids
13629,compi
13630,was:
13631,eifach:
13632,irgendeinidsch:
13633,juckts
13634,accounts
13635,liga
13636,:nähä
13637,am:
13638,dürespände
13639,riesespände
13640,hie:
13641,wieder:
13642,benachrichtigung
13643,aktiviert
13644,sp
13645,nidd:
13646,cod
13647,:mh
13648,jaja:
13649,acheglade:
13650,witergspiut
13651,playstation:
13652,:bisch
13653,STIMA
13654,nümm:
13655,CSGO
13656,CSGO:
13657,römerspieli:
13658,dès:
13659,auem:
13660,grafik
13661,inezoome
13662,truppe:
13663,easy:
13664,[scho
13665,nümm:]
13666,:z
13667,geil:
13668,chinese
13669,auso:
13670,gnidesse
13671,gäu:
13672,[vermissi]
13673,vermissischs
13674,aso:
13675,vermisses
13676,wenid
13677,softwareupdates
13678,[hm]
13679,topmodern
13680,wèsch
13681,APPLEsite
13682,internet:
13683,kaufen
13684,tuenid
13685,krassiste
13686,usrüste
13687,choufes
13688,aber:
13689,imac
13690,chranzi
13691,chrankiste
13692,15`000
13693,dèsch:
13694,uswähle:
13695,gross:
13696,iboue
13697,spicher
13698,display
13699,retinadisplay:
13700,ineläse
13701,bowle:
13702,chumm
13703,nume:
13704,wüsse:
13705,irgenddöppis
13706,rä
13707,bowlingchugle
13708,achegsch:
13709,gworfe
13710,scho:
13711,nachenang:
13712,drall
13713,kurve
13714,strike:
13715,nidmmt
13716,:steit
13717,zägg
13718,freizyt
13719,finidto
13720,:eh
13721,biudèschirmzyt
13722,handy:
13723,ungerwägs:
13724,schniede
13725,ehrlech:
13726,:wäh
13727,:dèsch
13728,:nächr
13729,nächr
13730,winer
13731,nächer:
13732,spiu]
13733,tiger
13734,agriffe
13735,safari
13736,tonne
13737,140
13738,hundertvierzg
13739,videos:
13740,unge:
13741,reactionvideos
13742,mängisch:
13743,JULIEN
13744,BAM
13745,sinid
13746,vedio
13747,musigvideos
13748,chranki
13749,reaction
13750,BAMS
13751,märchen
13752,asozial
13753,fiumniveau
13754,:freizyt
13755,he]
13756,ZLATAN
13757,AC
13758,MILAN
13759,-]
13760,LA
13761,GALAXY
13762,:tz
13763,champions
13764,league:
13765,JUVE
13766,ZLAGA
13767,RONALDO
13768,botte
13769,schlächt:
13770,chönne:
13771,[haut:]
13772,angere:
13773,MSL
13774,:genau
13775,glänzt
13776,baseball
13777,zlatan
13778,PIRLO
13779,ANDREA:
13780,[het
13781,ne]
13782,:]
13783,GRIEZMANN
13784,[:eif]
13785,muettersprach
13786,übersetzt
13787,ungertitu:
13788,ungertitu
13789,vori:
13790,hockey
13791,tifig
13792,èds
13793,kollege:
13794,programm:
13795,aschiisse
13796,:eifach
13797,scheiss:
13798,ZÜRI
13799,:nä
13800,:aute
13801,:okay
13802,aube:
13803,wartisch
13804,SNAP
13805,bi:
13806,tote
13807,hose:
13808,untersee
13809,downtown
13810,account
13811,wonid
13812,fernsehübertragig
13813,livestreams
13814,ufepushe
13815,sunntiaabe
13816,football:
13817,veröff
13818,verfüegbar
13819,FACEBOOK:
13820,livestream
13821,wei:
13822,eigentlcih
13823,TWITCH
13824,schwizerteam
13825,europäischs
13826,nachrichte:
13827,[europä-
13828,vierzähjährige
13829,FORTNITE:
13830,turnier
13831,wäutmeisterschafte:
13832,irgendwie:
13833,irgedwie
13834,wi:
13835,FIFA
13836,esports
13837,fragsch
13838,[weisch]
13839,:ke
13840,weird
13841,sports
13842,olympisch
13843,olympisch:
13844,sportarte
13845,angers:
13846,schw
13847,stucki
13848,olympiasieger
13849,:reise
13850,reise:
13851,viu:
13852,NEW
13853,YORK
13854,florida
13855,la:
13856,camper
13857,teilsroute:
13858,moskou
13859,ROM
13860,LONDON
13861,grössers
13862,si:
13863,moskau
13864,dütschland:
13865,korsika:
13866,:MILANO
13867,VENEDIG
13868,WIEN
13869,asie
13870,TOKIO:
13871,neuseeland
13872,brasilie
13873,vor:
13874,söhn
13875,schwizermeister:
13876,juniore
13877,häregreist
13878,proteste
13879,ubahnticket
13880,abschlö
13881,santiago
13882,irgendöppis:
13883,mi(.)
13884,absäge
13885,zviu
13886,chöttine
13887,hoteutüre
13888,inechunnsch
13889,zrüggflüge
13890,flügzüg
13891,sibirie
13892,:eso
13893,ei:
13894,bisch:
13895,300
13896,[nümm]
13897,härechunnsch:
13898,wükchech
13899,DMAX
13900,PRO
13901,SIEBEN
13902,MAXX
13903,fiire:
13904,schuu:
13905,schneit
13906,stimmt:
13907,schneits
13908,richtig:
13909,schisswätter
13910,gfüeut
13911,NIESE
13912,lang:
13913,30
13914,35
13915,:er
13916,hate
13917,dire:
13918,nid:
13919,checki:
13920,HÜNIBACH
13921,:zuekunft
13922,tröim
13923,ietze
13924,NC
13925,bullshit:
13926,textufgabene
13927,irgemdwie
13928,nc
13929,und:
13930,ohnd
13931,sinnlos
13932,läse:
13933,formene
13934,wod:
13935,vorstelligsvermöge
13936,vorsteuigsvermöge
13937,textufgabe
13938,dm
13939,chrankestation
13940,chirurgie
13941,nach:
13942,reihefoug
13943,diagnose
13944,herrn
13945,renault
13946,lautet
13947,herzinfarkt
13948,herzrhythmusstörung
13949,herzmuskelentzündung
13950,kreislaufkollaps
13951,blöd:
13952,gheit:
13953,use:
13954,geeignet
13955,studierichtig
13956,sportlechs
13957,:yo
13958,sch:
13959,gester:
13960,vierplätzer
13961,porsches
13962,sportwagemässig
13963,tesla
13964,gar:
13965,elektroouto
13966,verchouft:
13967,oberhofe
13968,geits:
13969,ufe:
13970,zürcher
13971,er:
13972,psycholog
13973,füfesibezgi
13974,bouarbeiter
13975,psycholog:
13976,läbenserfahrig
13977,einid
13978,psychologin
13979,diw
13980,gäst
13981,hongkong
13982,videochatträffe
13983,skype:
13984,firmene:
13985,logischerwis
13986,ja:a
13987,abglost
13988,wird:
13989,haut:
13990,arsch:
13991,fahrprüefig
13992,söusch
13993,fahrverbot
13994,lehrfahruswis
13995,schaute
13996,zuezluege
13997,SAMSUNG
13998,APPLE
13999,sams
14000,äi
14001,SAMSUNG:
14002,[:mh]
14003,gmugget:
14004,härdplattemobeu
14005,modeu
14006,rücksite
14007,kamera:
14008,unnötig:
14009,APPLEwärbige
14010,APPLEwatches
14011,MACS
14012,ANDROID
14013,software
14014,[zeut
14015,dä:]
14016,wochenbericht
14017,zwöiedrissg
14018,schuuzyt
14019,YOUTUBE:
14020,schnäu:
14021,drüedrissg
14022,schnitt
14023,tagesdurchschnidtt:
14024,chrank:
14025,irgendeinisch:
14026,versuufe
14027,:jou
14028,froue:
14029,lug:
14030,einedrissg
14031,aus:
14032,xsafar
14033,SRF
14034,SPORT
14035,mitteilige
14036,aktivierige
14037,nacheluege
14038,sofware
14039,update
14040,underschied
14041,gloub:
14042,[genau]
14043,schwarze
14044,:wieso
14045,dunkle
14046,windows
14047,WINDOWS
14048,dritue:
14049,bechunnschs
14050,unlucky
14051,fotoshopmäss-
14052,ganze:
14053,num
14054,fotoshop
14055,drigmacht
14056,maske
14057,annhet:
14058,sonere
14059,legendä
14060,legendäre
14061,eifachch
14062,geburiparty
14063,[draghäbt]
14064,bös:
14065,phi(.)
14066,XXX:
14067,gschnurret
14068,muskle
14069,chlätterer
14070,muskulös:
14071,chlättere
14072,pumpisch
14073,èu
14074,gwöhnet
14075,agmäudet
14076,proteinshakes
14077,mixe
14078,puuver
14079,riis
14080,hüendli
14081,ässe:
14082,seerestaurant
14083,gschwätzt
14084,LUZERN:
14085,che(.)
14086,snapcharte
14087,asteuig
14088,UBS:
14089,düre:
14090,UBS
14091,chancene
14092,musste
14093,sagen
14094,skilehrer
14095,[aso:]
14096,:vieri
14097,faht
14098,skischuu
14099,stung:
14100,diei
14101,skilehrer:
14102,testtag
14103,vorfahre
14104,piste
14105,stemmboge
14106,achegfahre
14107,:sie
14108,gno:
14109,afänger
14110,irgendwodüre
14111,schwoscht:
14112,SAAS
14113,FEE
14114,usbiudige
14115,ufarbeite:
14116,tüüri
14117,[gäu]
14118,skischuu:
14119,internetsite:
14120,skischuuele
14121,hoteu
14122,säge:
14123,suvretta
14124,füfefüfzg
14125,worde:
14126,sei:
14127,:kennsch
14128,grüs
14129,grüsch:
14130,schloss
14131,aglähnt
14132,fuessschritt
14133,stäge:
14134,uflouft
14135,:weiss
14136,päpu
14137,HEIMBERG
14138,[:äuä
14139,:auso
14140,bierpong:
14141,[guet:]
14142,legände
14143,:heschs
14144,INTERLAKEN
14145,fasch:
14146,bärntorschuu
14147,häretue
14148,gèd:
14149,ke:
14150,sprung
14151,backflip
14152,frontflip
14153,un:
14154,nächr:
14155,bim:
14156,umegumpet
14157,schwaube
14158,bewegt
14159,:aui
14160,:e
14161,trampolinhaue
14162,sportzüg
14163,trampolin
14164,tz(.)
14165,bewegsch
14166,bösse
14167,:kolleg
14168,zrügg:
14169,über:
14170,BELP
14171,zug:
14172,RUBIGEN
14173,RUBIGEN:
14174,spassti
14175,jajaja
14176,gruch
14177,drücke:
14178,he:
14179,nääääääh:
14180,näääjääh
14181,:ou
14182,[:dä
14183,luege]
14184,[:aute
14185,[:ah
14186,staffle
14187,ganzi:
14188,luege:
14189,fakes
14190,:[lug
14191,salazars
14192,rache
14193,de:
14194,cd
14195,umezieht
14196,dä]
14197,di:
14198,:boah
14199,:nid
14200,nidckeloden
14201,luftbändiger
14202,AANG
14203,(?)
14204,:füehle
14205,[:es]
14206,dei
14207,nidckelodeon
14208,usgstraut
14209,[:u
14210,kimi]
14211,[mei]
14212,:meinsch
14213,flame
14214,sonidc:
14215,:si
14216,zambo
14217,üs:
14218,:nöii
14219,[lieder]
14220,macht:
14221,:heieiei
14222,isotopisch
14223,käck
14224,[äh
14225,ingwie]
14226,[was
14227,ines]
14228,chanid
14229,lokau
14230,SNAPCHAT
14231,[isch]
14232,chance]
14233,münster
14234,[:ja
14235,nide
14236,:jä
14237,[:wükch]
14238,CLASH
14239,OF
14240,CLANS
14241,uf:
14242,verlieres
14243,clan
14244,hanid:
14245,:chli
14246,spände
14247,mögt
14248,hüt]
14249,grüen]
14250,[:lug
14251,öppe]
14252,einidsch
14253,[hanid
14254,agschisse]
14255,gwunne]
14256,grims
14257,provoziert
14258,[tilted]
14259,nidemer
14260,[bisch
14261,ehm:]
14262,gspiut:
14263,gratis:
14264,hinge-
14265,acheglade
14266,[:muess
14267,achelade
14268,weisch]
14269,römerspieli
14270,zytvertrib
14271,2012
14272,speter:
14273,2008
14274,bürgerchrieg:
14275,derart:
14276,:schuu
14277,nidchts
14278,tun
14279,:drzue
14280,:nidd
14281,schnäustiu
14282,?
14283,zämebou
14284,zämebout
14285,zähnid
14286,los:
14287,bowling
14288,:absolut
14289,THEO
14290,[:leider]
14291,vorsteusch
14292,übertrieben
14293,YOUTUBEvideos
14294,[easy]
14295,CLANS:
14296,schniedisch
14297,schniede:
14298,ups:
14299,INSCOPE
14300,[:oh
14301,gott]
14302,jahreszyt
14303,klicks
14304,minecraft
14305,imfau:
14306,REZO
14307,[isch:
14308,[:sicher]
14309,gschniette
14310,aues:
14311,[:n]
14312,KARTOFFELSALAT
14313,kennsch:
14314,FRESHTORGE
14315,IST
14316,EIN
14317,HACKIGEL
14318,letschmau
14319,KNOSSI
14320,pokayr
14321,slat:
14322,slat
14323,:haut
14324,ZLATAN:
14325,strahle
14326,:amerikanidschi
14327,fuessbauliga:
14328,fame
14329,becho:
14330,biographie:
14331,gmacht:
14332,MESSI:
14333,muess:
14334,:h
14335,französisch:
14336,franzöisch
14337,ganid
14338,sportchleider
14339,wäg:
14340,[jaja]
14341,:tiptop
14342,:itz
14343,nd
14344,prägt
14345,[:isch
14346,registriert
14347,livestream:
14348,fakeaccounts
14349,[ech
14350,päre]
14351,mängs
14352,worlds
14353,wäutmeisterschaft
14354,vo:
14355,:G2
14356,ufegsteut
14357,usgschaute]
14358,cheatet
14359,:wüu
14360,14
14361,millione
14362,FORTNITE
14363,esport
14364,[:so
14365,wükch]
14366,wobi:
14367,puh
14368,rahme
14369,:doch
14370,spiut:
14371,reisen:
14372,DUBAI:
14373,[:und
14374,:ROUTE
14375,66
14376,düs
14377,[vo]
14378,rächt:
14379,wyt
14380,:ehm
14381,[hei
14382,mr:
14383,:PARIS
14384,:korsika
14385,öppis:
14386,[aso
14387,:WIEN
14388,:chunnt
14389,chaotischi
14390,bangkok
14391,.aber
14392,:serigi
14393,öltanker
14394,vrbitückerle
14395,tag:
14396,spitzli
14397,tanne
14398,bien
14399,:sportschuu
14400,beschäftigung
14401,:november
14402,gschneit
14403,springende
14404,svp
14405,sche
14406,schuuhus
14407,NUMERUS
14408,CLAUSUS
14409,:wo
14410,moin
14411,chliner:
14412,:schlächte
14413,[:chnüpple]
14414,luegt:
14415,:drzwüsche
14416,was:s
14417,:hei
14418,mache:
14419,[es]
14420,muesch:
14421,grob
14422,maa:
14423,:porsche
14424,porsche
14425,:ufe
14426,zwöitwohnig
14427,:wès
14428,:uh
14429,:muesch
14430,dè
14431,gfiggt
14432,kund
14433,fahrlehrer
14434,längt:
14435,härzschlag
14436,grüsch
14437,[scheiss]
14438,gmugget
14439,viereggig
14440,homebutton
14441,:übertriebe
14442,ungedran
14443,pro:
14444,durchschnidtt:
14445,füfehaub
14446,füfviertu:
14447,DARON
14448,[SCHMIEDL]
14449,sä]
14450,unterschied
14451,[aute]
14452,zämegschisse:
14453,[:dès
14454,obwou:
14455,word
14456,locations
14457,:lüt
14458,:riese
14459,tintefisch
14460,osaft
14461,schlürfe
14462,uah:
14463,[me
14464,cha]
14465,[:de]
14466,:bruchet
14467,iklemmt
14468,nünibös:
14469,böshautsteu
14470,[:aute]
14471,mh:
14472,zi
14473,hani:
14474,:wükch
14475,gwüsst:
14476,[:wart]
14477,beförderig
14478,:genauUBS
14479,ausgaben
14480,:nur
14481,zuetüe
14482,stämmig
14483,früeche
14484,jou:
14485,[hani:
14486,SANKT
14487,strämu
14488,überau:
14489,verheimleche
14490,[okay]
14491,vou:
14492,:mir
14493,liga:
14494,drrs
14495,bierpong
14496,aui:
14497,verlinkt
14498,witergleitet
14499,likes
14500,:eini
14501,SPIEZ:
14502,steiht
14503,ve
14504,legos
14505,[:ja]
14506,[:aber]
14507,[:ous]
14508,trampolin:
14509,jou
14510,simuliert
14511,typ:
14512,aah:
14513,umegumpe
14514,sportzüg:
14515,usstiege
14516,ga:
14517,WICHTRACH
14518,dert:
14519,här:
14520,:leider
14521,umwäg
14522,haub:
14523,gstunke
14524,:mach
14525,schwa
14526,chönnd
14527,vorlese
14528,{lacht}
14529,schlegereie
14530,heftigscht
14531,schlegerei
14532,nechste
14533,under
14534,agschwulle
14535,nechschts
14536,abig
14537,hettsch
14538,para
14539,schwiiz
14540,bosnie
14541,wöred
14542,wörsch
14543,sarajevo
14544,MERO
14545,losed
14546,KOLLEGAH
14547,(rapper)
14548,loseder
14549,hauptsächlich
14550,nechscht
14551,pegu17
14552,matter
14553,PRONTO
14554,wahrschinlich
14555,ticks
14556,nerved
14557,zitterisch
14558,schmatzt
14559,nemmed
14560,werded
14561,betrunkene
14562,möchet
14563,foti
14564,nochher
14565,stahd
14566,chönnder
14567,meineder
14568,pädophile
14569,früener
14570,instagramer
14571,SLAVIK
14572,JUNGE
14573,fired
14574,luegeder
14575,kanäl
14576,zockeder
14577,stream
14578,ej
14579,JACKIE
14580,CHAN
14581,üchi
14582,pinlichschti
14583,coolsti
14584,echli
14585,viellicht
14586,peinliche
14587,chaschte
14588,worries
14589,gönnd
14590,gönnder
14591,mengisch
14592,unterwegs
14593,debie
14594,abschlüsse
14595,vermisst
14596,fraue
14597,gseds
14598,fründinne
14599,seg
14600,albanisch
14601,erkäre
14602,üches
14603,döner
14604,mahlzit
14605,ris
14606,gholt
14607,frü
14608,spieled
14609,fornite
14610,fortnite
14611,zockt
14612,ps
14613,xbox
14614,neust
14615,gamed
14616,holt
14617,streame
14618,aligs
14619,albaner
14620,cheesy
14621,kanackene
14622,vallah
14623,füscht
14624,lak
14625,amina
14626,koyim
14627,labersch
14628,kanacke
14629,kopfnuss
14630,aminak
14631,pisdez
14632,tesche
14633,aj
14634,damals
14635,wrestling
14636,gsuchted
14637,entschuldigt
14638,umdreit
14639,wirft
14640,fuscht
14641,dreie
14642,packene
14643,wirfi
14644,abezwärfe
14645,abegworfe
14646,ufgstande
14647,packt
14648,haus
14649,keit
14650,sonen
14651,trick
14652,losgla
14653,rippi
14654,[bahbele]
14655,hajde
14656,schlimmsti
14657,gschlegled
14658,stechereie
14659,usbüte
14660,lebensgfahr
14661,kloschüssle
14662,vollgschisse
14663,mans
14664,pistolene
14665,kalasch(nikov)
14666,underem
14667,dachbode
14668,waffe
14669,schrank
14670,inegstah
14671,inetah
14672,abzschliesse
14673,plastikpistolene
14674,waffene
14675,gziut
14676,umdräit
14677,pistole
14678,spiuzüg
14679,sprütze
14680,pinlichi
14681,ai:
14682,kahbas
14683,gloubet
14684,ghocked
14685,kackwurst
14686,groche
14687,pinlich
14688,dildo
14689,packig
14690,kondom
14691,dubai
14692,koufe
14693,fette
14694,mercedes
14695,versorge
14696,nema
14697,"(bosnisch für ""kein geld kein geld"")"
14698,geid
14699,butze
14700,[ding
14701,mark]
14702,möglichi
14703,zeh
14704,vierzig
14705,banger
14706,schwuchtle
14707,LUCIANO
14708,NOIZY
14709,amerikanos
14710,TUPAC
14711,TYGA
14712,6ix9ine
14713,NICKI
14714,MINAJ
14715,[bahbeled]
14716,nünzeh
14717,haram
14718,piggy17
14719,paggy
14720,paggy17
14721,pegi
14722,17
14723,chunnd
14724,kuli
14725,muli
14726,AZ
14727,grossvater
14728,glutscht
14729,onku
14730,shippi
14731,figged
14732,presslufthammer
14733,kindergarte
14734,gschmatzt
14735,bru
14736,[akimi
14737,laka
14738,weki
14739,bol]
14740,ala
14741,hueresohn
14742,klapf
14743,stich
14744,(unverstländlich)
14745,chlapf
14746,umeschreie
14747,üj
14748,unis
14749,univ
14750,unisetität
14751,kurde
14752,zumene
14753,figge
14754,endings
14755,videoclips
14756,gefickt
14757,kommt
14758,zurück
14759,ficken
14760,nimmet
14761,chömmed
14762,chöid
14763,steh
14764,kugel
14765,fliegt
14766,markiert
14767,kachi
14768,MESSI
14769,(fussballer)
14770,kugle
14771,messi
14772,macebook
14773,füfefüzig
14774,safi
14775,lügt
14776,(?luegt?)
14777,boxerschnitt
14778,trägt
14779,coco
14780,moncler
14781,achi
14782,bismillah
14783,russ
14784,bljad
14785,alman
14786,staf
14787,ninja
14788,frässi
14789,drufe
14790,qifsha
14791,hej
14792,döft
14793,useschniede
14794,(UNVERESTÄNDLICH)
14795,verstös
14796,filmszene
14797,dribbled
14798,sin
14799,geldes
14800,bulle
14801,bl
14802,abonniere
14803,kurac
14804,lustigsti
14805,schand
14806,[XXX]
14807,fetti
14808,hueresöhn
14809,mater
14810,thank
14811,[kultis]
14812,bosnier
14813,gurt
14814,geklaut
14815,usgschüttet
14816,aukoholfläsch
14817,erts
14818,lutsch
14819,sipp
14820,sechszehte
14821,hamadi
14822,lüte
14823,schlagring
14824,boxe
14825,pickas
14826,vorliebi
14827,schlimmst
14828,boss
14829,gjacksed
14830,peskir
14831,(bosnisch: badetuch)
14832,rrr
14833,kajs
14834,(bosnisch: gürtel)
14835,gesicht
14836,erwischt
14837,platzt
14838,kindheit
14839,louch
14840,aaj
14841,ungefähr
14842,eines
14843,tages
14844,gwunderet
14845,tütli
14846,hygienebütli
14847,wärdi
14848,herzli
14849,massgschniedert
14850,balkaner
14851,suspendiert
14852,spiugruppe
14853,fenster
14854,gschreit
14855,[wo
14856,gsei
14857,das]
14858,chätschgummis
14859,ficke
14860,bumse
14861,aug
14862,verdammte
14863,erklär
14864,versuechs
14865,behinderte
14866,esu
14867,kebab
14868,schweine
14869,(unverstänlich)
14870,ineschiebe
14871,thailänder
14872,(macht geräusche)
14873,schlitzouge
14874,(unversändlich)
14875,spilsch
14876,skit
14877,füfhundertfüfefüfzg
14878,däfür
14879,hackers
14880,hacker
14881,schriebed
14882,buchweh
14883,hmi
14884,hdmi
14885,kabu
14886,inetue
14887,chindisch
14888,rappt
14889,battle
14890,erkläred
14891,[verlpju]
14892,sau
14893,ärsch
14894,siebezähni
14895,oberklasse
14896,erwürge
14897,löht
14898,gschüpft
14899,göd
14900,pfust
14901,tmi
14902,ineta
14903,gklärt
14904,unrecht
14905,kloschüssel
14906,kennts
14907,schiessets
14908,sturmgewehr
14909,(unverständlch)
14910,äuteri
14911,luegemd
14912,gschenk
14913,nachegrennt
14914,grennt
14915,allergie
14916,hornisse
14917,bisse
14918,dicker
14919,krankehuus
14920,peinlichst
14921,pinlichst
14922,MÜNSINGEN
14923,schwizerpass
14924,unbegrenzt
14925,shüüsh
14926,handys
14927,maledive
14928,wiedermau
14929,FARID
14930,BANG
14931,NOIZY(rapper)
14932,loko
14933,6IX9INE
14934,nächschti
14935,beantwortet
14936,[weisch
14937,lebt
14938,strass]
14939,PEGU17
14940,einizig
14941,MANI
14942,MATTER
14943,followers
14944,fressi
14945,bekannti
14946,boxer
14947,wäutbeschte
14948,gwichtboxe
14949,rennfahrer
14950,motorrad
14951,gewaltig
14952,gwautig
14953,ticke
14954,[mach
14955,hebe]
14956,[macht
14957,irgendein
14958,sinnloses
14959,geräusch
14960,spricht
14961,kifferjagge
14962,ahgleid
14963,kiffer
14964,bomberjagge
14965,[haltemer
14966,drus]
14967,halte
14968,sonem
14969,leiblings
14970,mem
14971,lieblingssprüch
14972,unterschätzt
14973,sonst
14974,ruf
14975,sechsedrisgi
14976,wei(.)
14977,glöscht
14978,hanig
14979,telefoniert
14980,zwöie
14981,games
14982,zuefäuigerwis
14983,aglüte
14984,fanpage
14985,schock
14986,egal
14987,furi
14988,siebni
14989,verrate
14990,pein
14991,pinlichscht
14992,coolst
14993,boxautomat
14994,aghä
14995,iwärm
14996,schlat
14997,{llacht}
14998,müsst
14999,muslim
15000,überhaupt
15001,mafia
15002,übertribsch
15003,ungwöhnlich
15004,ernsti
15005,iversuchtszüg
15006,zwängzgi
15007,chilligs
15008,bruch
15009,aschiss
15010,behinderets
15011,ääh
15012,stad
15013,säuer
15014,achzig
15015,uftah
15016,duty
15017,gta
15018,sinn]
15019,shop
15020,usghä
15021,bhauti
15022,agschriebe
15023,mäudig
15024,email
15025,passwort
15026,futsch
15027,virus
15028,schämer
15029,vierevierzg
15030,jahrelange
15031,lugsch
15032,spicherplatz
15033,grafikcharte
15034,würkch
15035,angesagter
15036,arbeitet
15037,eigezämeboute
15038,ecke
15039,mus
15040,tastatur
15041,tünd
15042,i[ch]
15043,fiires
15044,[.]
15045,[..]
15046,eis-
15047,beats
15048,geburtstagsideene
15049,ideene
15050,gwünscht
15051,einhorn
15052,bechum-
15053,bilou
15054,böx
15055,überchume
15056,töffli
15057,poraloid
15058,teiler
15059,[am
15060,arsch]
15061,kaktüs
15062,heftiger
15063,ikea
15064,drüerpack
15065,ernähre
15066,beielistich
15067,muggestich
15068,mugge
15069,lama
15070,flamingo
15071,pink
15072,pinks
15073,liebesä
15074,flaminga
15075,schminkmargge
15076,margge
15077,MILK
15078,glam
15079,glow
15080,MÜLLER
15081,glamgirl
15082,usprobiert
15083,brönnt
15084,zwöihundert
15085,kaktus
15086,sticht
15087,horrebach
15088,hombärg
15089,säges
15090,[nume
15091,lieblingspromi
15092,luca
15093,selfie
15094,sandra
15095,[alter]
15096,klargsteut
15097,lieblingsschouspieler
15098,usgsesch
15099,dog
15100,bulldogge
15101,wufwuf
15102,mops
15103,idrückt
15104,tötöödörödörödöröm
15105,lieblingsfarb
15106,violett
15107,türkis
15108,häue
15109,beleidiget
15110,fritte
15111,funny
15112,please
15113,tetete
15114,pummel
15115,osterhaas
15116,samichlous
15117,uffäuig
15118,hueste
15119,ohreweh
15120,hausweh
15121,schmutzli
15122,chisteri
15123,christchindli
15124,santa
15125,käfeli
15126,lamborghini
15127,villa
15128,matt
15129,pinkwiisse
15130,unicorn
15131,[hey]
15132,wassermelone
15133,avoca
15134,avocados
15135,frücht
15136,markus
15137,martinius
15138,girls
15139,[ke
15140,ahnig]
15141,dsch-
15142,wu
15143,make
15144,[job]
15145,wuwuwu
15146,[jon]
15147,ide-
15148,fröidetanz
15149,[mou]
15150,geburtstagsfest
15151,[o]
15152,übernachtigsparty
15153,BÄIP
15154,fiiris
15155,[ab]
15156,park
15157,hackts
15158,ghackt
15159,vertippt
15160,wärke
15161,chrampf
15162,[ehm
15163,seisch]
15164,su-
15165,kom-
15166,trätte
15167,mrs
15168,[pidu]
15169,can't
15170,i'm
15171,ghost
15172,bechämtischt
15173,[vorsteue
15174,biifahrer
15175,POLAROID
15176,INSTAX
15177,[fuck
15178,stächflöige
15179,[si
15180,spinnele
15181,söi
15182,schmink
15183,essence
15184,concealer
15185,up
15186,stärnli
15187,sächzg
15188,errinerisch
15189,ballön
15190,hobbies
15191,skisprung
15192,hässlechs
15193,dwayne
15194,johnson
15195,madelaine
15196,petsch
15197,riverdale
15198,jojo
15199,siwa
15200,schnuufe
15201,[nächher]
15202,verstopft
15203,häuviolett
15204,häugäub
15205,kak
15206,schiissiloch
15207,[yay]
15208,tetetetetete
15209,eihorn
15210,kässeli
15211,vierezwänzgischt
15212,l
15213,familiemitglied
15214,[saint
15215,nikolaus]
15216,kawasaki
15217,hei-
15218,gäube
15219,bananegäube
15220,schwarzwiisse
15221,rosarot-
15222,bla-
15223,häublauwiisse
15224,würdisch
15225,aggressiv
15226,melone
15227,marcus
15228,martinus
15229,fang]
15230,p-
15231,geburipa-
15232,[ke]
15233,fätzig
15234,[c
15235,est
15236,vie]
15237,vo]
15238,autsch
15239,schlag
15240,gsaget
15241,irgend-
15242,sä-]
15243,häräbringe
15244,germany
15245,stüpfe
15246,nachemach-
15247,[gha]
15248,verblödet
15249,[säuber]
15250,surfe
15251,chrüzfahrtschiff
15252,chraftruum
15253,vorusse
15254,deck
15255,whirlpoole
15256,flipperbude
15257,minütigi
15258,jurassic
15259,gjagt
15260,ufglüpft
15261,wäggschosse
15262,schlüüch
15263,[a
15264,nere]
15265,schlüüchli
15266,schlats
15267,scheiche
15268,churros
15269,buffet
15270,voruus
15271,fanta
15272,panther
15273,[vieri]
15274,gä-
15275,sahne
15276,strawberries
15277,ärdbeeri
15278,riisig
15279,theaterruum
15280,stöck
15281,ungerteilt
15282,[steh]
15283,ächti
15284,kids
15285,gsprunge
15286,sächzger
15287,schanzerekord
15288,läbewäs
15289,wäse
15290,salto
15291,gumpt
15292,abegeit
15293,balance
15294,gschlafe
15295,bastlet
15296,beo
15297,funpark
15298,erfüuig
15299,DUBLIN
15300,du-
15301,bibi
15302,BARçA
15303,ale
15304,geilst
15305,cute
15306,usgläärt
15307,sushi
15308,tassli
15309,dechu
15310,näguläg
15311,powerbanks
15312,unicorns
15313,schriber
15314,billion
15315,notizbüechli
15316,hüue
15317,tuusigi
15318,popsocket
15319,finke
15320,[eis]
15321,smiley
15322,jajajajaja
15323,BURGER
15324,KING
15325,cheeseburger
15326,vouer
15327,DONALDS
15328,SARDINIE
15329,trotti
15330,tro-
15331,smile
15332,wlan
15333,geben
15334,eurer
15335,kreditkarte
15336,kreditcharte
15337,[eifach]
15338,gfröit
15339,rain
15340,dededede
15341,ernährt
15342,[we
15343,schouspielerin
15344,wünsch
15345,bösrundtour
15346,istige
15347,üb-
15348,iste-
15349,istecke
15350,verschiednegi
15351,palast
15352,julius
15353,cäsar
15354,colosseo
15355,wiisses
15356,il
15357,ji-
15358,[üs
15359,auso]
15360,härächnöile
15361,glügt
15362,diener
15363,abbisse
15364,ab-
15365,langlöifle
15366,nordischi
15367,nünzäht
15368,zwöitletscht
15369,sä-
15370,zwänzgist
15371,hah
15372,fe-
15373,fröi
15374,[obi]
15375,reau
15376,[reau]
15377,wirdes
15378,düreträie
15379,stigere
15380,[huere
15381,cool]
15382,nagulagg
15383,tattoos
15384,goud
15385,neonorange
15386,schnidsch
15387,schni-
15388,surfbrätt
15389,buuch
15390,schiissi
15391,biisse
15392,brü-
15393,tili
15394,dragons
15395,greckt
15396,recke
15397,[nenei]
15398,[ey]
15399,gschmöckt
15400,pub
15401,bsteusch
15402,ghoufe
15403,vorsinge
15404,taläntsuecher
15405,sm
15406,hahaha
15407,achtefüfzg
15408,skispringe
15409,rückwärts
15410,dabei
15411,dunkin
15412,donuts
15413,BARCELONA
15414,[gloubs]
15415,bächer
15416,choose
15417,[für
15418,chnopf
15419,müglecherwiis
15420,gfettet
15421,bohnestange
15422,propos
15423,wohär
15424,wettkämpf
15425,summerferie
15426,chäme
15427,abbrönnt
15428,eh-
15429,überl-
15430,radiomoderatorin
15431,heimsueche
15432,haubiert
15433,horgrabe
15434,liebes]
15435,eusige
15436,rundine
15437,achthundert
15438,som
15439,bumbach
15440,ih-
15441,langlöifler
15442,kilometer
15443,chläbrig
15444,zwöitletschti
15445,drittletschti
15446,unmotivi-
15447,aloufposition
15448,zämägschisse
15449,herrer
15450,brönne
15451,chämsch
15452,deprimiert
15453,verschlechteret
15454,siebteler
15455,tattoo
15456,FRANKREICH
15457,chotzgruusig
15458,hülle
15459,gchostet
15460,rö-
15461,trochnet
15462,genauer
15463,maybe
15464,zeichnigstablet
15465,blo-
15466,bockschwul
15467,zeichnige
15468,eimn
15469,losgschribe
15470,vi-
15471,punktmuster
15472,pra-
15473,touchpen
15474,luegde
15475,boxspring
15476,IKEA
15477,dicki
15478,driissg
15479,centi
15480,füfedriissg
15481,elleini
15482,bettgsteu
15483,dicks
15484,dechine
15485,[kra-]
15486,ue
15487,boom
15488,guetschiine
15489,H
15490,UND
15491,M
15492,METRO
15493,TALLY
15494,YORKER
15495,kosmetikerin
15496,negu
15497,[wi
15498,he-]
15499,verlengerti
15500,schel
15501,gelnegu
15502,frisure
15503,haarschnide
15504,schminke
15505,entferne
15506,fuessnegu
15507,schliife
15508,piuz
15509,fuesspiuz
15510,empf-
15511,früecherige
15512,coiffeuse
15513,rite
15514,someone
15515,loved
15516,lovet
15517,som-
15518,lo-
15519,LUCA
15520,LEOOBALYS
15521,LOSKANAL
15522,fi-
15523,NIKASOFIE
15524,NATHAN
15525,[sch
15526,ma-]
15527,natan
15528,NIKLAUS
15529,SOFIE
15530,NATHANIKA
15531,gemeinsams
15532,wünschi
15533,wün-
15534,tablet
15535,chosch-
15536,ungedranne
15537,härätue
15538,bock-
15539,ble-
15540,guetschiin
15541,WEIJL
15542,mä-
15543,doktere
15544,kosmetikerinne
15545,hubu
15546,eiteret
15547,doktorin
15548,ENERGY
15549,unmüglech
15550,überchumis
15551,gi-
15552,chamä
15553,[ze]
15554,sprichts
15555,getting
15556,kinda
15557,used
15558,being
15559,lofe
15560,geliebt
15561,lov
15562,[vor
15563,blöd]
15564,derthie
15565,uslache
15566,komischer
15567,BIBIS
15568,BEAUTY
15569,PALACE
15570,SELFIESANDRA
15571,lieblingsyoutuberin
15572,[wäut]
15573,KEKSE
15574,TV
15575,weggli
15576,aromat
15577,nathan
